Date,Open,High,Low,Close,Adj Close,Volume
2007-08-01,22.219999313354492,22.219999313354492,22.219999313354492,22.219999313354492,15.90838623046875,0
2007-08-02,22.049999237060547,22.049999237060547,22.049999237060547,22.049999237060547,15.786689758300781,5000
2007-08-03,22.049999237060547,22.049999237060547,22.049999237060547,22.049999237060547,15.870898246765137,0
2007-08-06,22.09000015258789,22.09000015258789,21.889999389648438,22.0,15.834888458251953,4200
2007-08-07,22.0,22.0,22.0,22.0,15.834888458251953,0
2007-08-08,21.5,21.950000762939453,21.5,21.809999465942383,15.698143005371094,5400
2007-08-09,21.600000381469727,21.600000381469727,21.25,21.5,15.475014686584473,4100
2007-08-10,21.5,21.5,21.40999984741211,21.40999984741211,15.410235404968262,7000
2007-08-13,21.59000015258789,21.600000381469727,21.5,21.5,15.475014686584473,4300
2007-08-14,21.510000228881836,21.510000228881836,21.5,21.5,15.475014686584473,1500
2007-08-15,21.40999984741211,21.549999237060547,21.399999618530273,21.399999618530273,15.403048515319824,1500
2007-08-16,21.149999618530273,21.34000015258789,20.68000030517578,21.34000015258789,15.35986042022705,2400
2007-08-17,21.309999465942383,21.309999465942383,21.299999237060547,21.309999465942383,15.338253021240234,1400
2007-08-20,21.309999465942383,21.309999465942383,21.299999237060547,21.299999237060547,15.33106517791748,5600
2007-08-21,21.100000381469727,21.100000381469727,20.81999969482422,21.0,15.115139961242676,2100
2007-08-22,20.989999771118164,20.989999771118164,20.989999771118164,20.989999771118164,15.107940673828125,200
2007-08-23,20.84000015258789,20.84000015258789,20.399999618530273,20.399999618530273,14.683269500732422,5600
2007-08-24,20.299999237060547,20.5,20.299999237060547,20.40999984741211,14.690476417541504,2700
2007-08-27,20.309999465942383,20.5,20.299999237060547,20.5,14.755247116088867,700
2007-08-28,20.40999984741211,20.40999984741211,20.280000686645508,20.299999237060547,14.611285209655762,8900
2007-08-29,20.299999237060547,20.299999237060547,20.299999237060547,20.299999237060547,14.611285209655762,0
2007-08-30,20.260000228881836,20.260000228881836,20.260000228881836,20.260000228881836,14.582509994506836,200
2007-08-31,20.34000015258789,20.34000015258789,20.219999313354492,20.219999313354492,14.553718566894531,3400
2007-09-04,20.260000228881836,20.549999237060547,20.260000228881836,20.549999237060547,14.791240692138672,700
2007-09-05,20.549999237060547,20.549999237060547,20.549999237060547,20.549999237060547,14.878113746643066,0
2007-09-06,20.450000762939453,20.450000762939453,20.450000762939453,20.450000762939453,14.805721282958984,100
2007-09-07,20.450000762939453,20.450000762939453,20.450000762939453,20.450000762939453,14.805721282958984,0
2007-09-10,20.450000762939453,20.450000762939453,20.450000762939453,20.450000762939453,14.805721282958984,0
2007-09-11,20.450000762939453,20.450000762939453,20.450000762939453,20.450000762939453,14.805721282958984,0
2007-09-12,20.450000762939453,20.450000762939453,20.450000762939453,20.450000762939453,14.805721282958984,0
2007-09-13,20.309999465942383,20.309999465942383,20.309999465942383,20.309999465942383,14.704368591308594,200
2007-09-14,20.25,20.25,20.219999313354492,20.219999313354492,14.639203071594238,2700
2007-09-17,20.219999313354492,20.219999313354492,20.219999313354492,20.219999313354492,14.639203071594238,0
2007-09-18,20.280000686645508,20.280000686645508,20.280000686645508,20.280000686645508,14.682638168334961,100
2007-09-19,20.229999542236328,20.229999542236328,19.59000015258789,19.700000762939453,14.26273250579834,3200
2007-09-20,19.540000915527344,19.540000915527344,19.440000534057617,19.440000534057617,14.074483871459961,1900
2007-09-21,19.489999771118164,19.5,19.100000381469727,19.100000381469727,13.828325271606445,3000
2007-09-24,19.700000762939453,19.709999084472656,19.200000762939453,19.200000762939453,13.900725364685059,13200
2007-09-25,19.25,19.25,19.0,19.15999984741211,13.8717679977417,5900
2007-09-26,19.350000381469727,19.350000381469727,19.25,19.25,13.936922073364258,600
2007-09-27,19.34000015258789,19.600000381469727,19.34000015258789,19.5,14.117920875549316,2100
2007-09-28,19.510000228881836,19.510000228881836,19.5,19.5,14.117920875549316,1800
2007-10-01,19.5,19.5,19.350000381469727,19.350000381469727,14.00932502746582,400
2007-10-02,19.350000381469727,19.350000381469727,19.350000381469727,19.350000381469727,14.00932502746582,0
2007-10-03,19.110000610351562,19.110000610351562,19.0,19.0,13.838167190551758,1100
2007-10-04,19.010000228881836,19.399999618530273,18.989999771118164,19.0,13.838167190551758,34200
2007-10-05,19.25,19.25,18.799999237060547,18.969999313354492,13.816323280334473,2700
2007-10-08,18.860000610351562,18.860000610351562,18.6200008392334,18.709999084472656,13.626947402954102,1000
2007-10-09,19.399999618530273,19.399999618530273,19.0,19.149999618530273,13.947421073913574,62000
2007-10-10,19.25,19.25,19.100000381469727,19.100000381469727,13.911001205444336,2200
2007-10-11,19.239999771118164,19.260000228881836,19.0,19.0,13.838167190551758,5100
2007-10-12,19.030000686645508,19.09000015258789,19.0,19.0,13.838167190551758,2200
2007-10-15,19.09000015258789,19.09000015258789,19.0,19.0,13.838167190551758,2400
2007-10-16,19.09000015258789,19.09000015258789,18.90999984741211,18.90999984741211,13.772621154785156,1500
2007-10-17,19.0,19.25,19.0,19.25,14.020245552062988,6500
2007-10-18,19.260000228881836,19.260000228881836,19.25,19.25,14.020245552062988,500
2007-10-19,19.100000381469727,19.25,19.0,19.100000381469727,13.911001205444336,2800
2007-10-22,19.200000762939453,19.200000762939453,19.06999969482422,19.06999969482422,13.889154434204102,2000
2007-10-23,19.0,19.190000534057617,19.0,19.079999923706055,13.89644718170166,1200
2007-10-24,19.059999465942383,19.059999465942383,19.0,19.049999237060547,13.874576568603516,3200
2007-10-25,19.170000076293945,19.5,19.170000076293945,19.270000457763672,14.034811973571777,2600
2007-10-26,19.200000762939453,19.200000762939453,19.0,19.0,13.838167190551758,1000
2007-10-29,19.0,19.0,19.0,19.0,13.838167190551758,1300
2007-10-30,19.020000457763672,19.100000381469727,19.020000457763672,19.100000381469727,13.911001205444336,1700
2007-10-31,19.0,19.34000015258789,18.850000381469727,19.34000015258789,14.08580493927002,6500
2007-11-01,19.25,19.25,19.25,19.25,14.020245552062988,300
2007-11-02,19.190000534057617,19.190000534057617,18.940000534057617,18.940000534057617,13.8657808303833,1800
2007-11-05,18.899999618530273,18.899999618530273,18.600000381469727,18.75,13.726679801940918,3300
2007-11-06,18.799999237060547,18.799999237060547,18.799999237060547,18.799999237060547,13.76328182220459,4000
2007-11-07,18.799999237060547,18.799999237060547,18.799999237060547,18.799999237060547,13.76328182220459,0
2007-11-08,18.799999237060547,18.799999237060547,18.799999237060547,18.799999237060547,13.76328182220459,0
2007-11-09,18.799999237060547,18.799999237060547,18.799999237060547,18.799999237060547,13.76328182220459,0
2007-11-12,18.649999618530273,18.799999237060547,18.649999618530273,18.799999237060547,13.76328182220459,1000
2007-11-13,18.610000610351562,18.610000610351562,18.329999923706055,18.329999923706055,13.419206619262695,7900
2007-11-14,18.329999923706055,18.329999923706055,18.329999923706055,18.329999923706055,13.419206619262695,0
2007-11-15,18.299999237060547,18.299999237060547,18.200000762939453,18.200000762939453,13.3240327835083,10400
2007-11-16,18.299999237060547,18.299999237060547,18.059999465942383,18.059999465942383,13.221539497375488,1100
2007-11-19,18.0,18.0,18.0,18.0,13.177617073059082,2000
2007-11-20,18.0,18.0,18.0,18.0,13.177617073059082,3400
2007-11-21,18.0,18.0,18.0,18.0,13.177617073059082,0
2007-11-23,18.0,18.0,18.0,18.0,13.177617073059082,0
2007-11-26,18.0,18.0,18.0,18.0,13.177617073059082,1600
2007-11-27,18.0,18.15999984741211,18.0,18.15999984741211,13.294747352600098,1600
2007-11-28,18.200000762939453,18.25,18.0,18.0,13.177617073059082,5500
2007-11-29,18.0,18.0,17.760000228881836,17.760000228881836,13.001914024353027,400
2007-11-30,17.75,17.799999237060547,17.75,17.799999237060547,13.03119945526123,2200
2007-12-03,17.790000915527344,17.790000915527344,17.049999237060547,17.049999237060547,12.482129096984863,2600
2007-12-04,17.0,17.5,17.0,17.5,12.887909889221191,4800
2007-12-05,17.5,17.5,17.5,17.5,12.887909889221191,0
2007-12-06,17.700000762939453,18.329999923706055,17.700000762939453,18.0,13.256145477294922,5300
2007-12-07,17.780000686645508,17.829999923706055,17.440000534057617,17.709999084472656,13.042569160461426,5500
2007-12-10,17.729999542236328,17.729999542236328,17.0,17.200000762939453,12.666980743408203,3800
2007-12-11,17.010000228881836,17.010000228881836,16.510000228881836,17.0,12.519693374633789,18400
2007-12-12,17.229999542236328,17.239999771118164,17.0,17.0,12.519693374633789,11700
2007-12-13,17.010000228881836,17.149999618530273,16.790000915527344,16.899999618530273,12.446043014526367,6400
2007-12-14,17.010000228881836,17.049999237060547,17.0,17.0,12.519693374633789,3700
2007-12-17,17.0,17.0,17.0,17.0,12.519693374633789,1300
2007-12-18,16.940000534057617,17.0,16.860000610351562,17.0,12.519693374633789,600
2007-12-19,17.0,17.3700008392334,17.0,17.200000762939453,12.666980743408203,10100
2007-12-20,17.020000457763672,17.100000381469727,17.020000457763672,17.100000381469727,12.593330383300781,1800
2007-12-21,17.100000381469727,17.43000030517578,17.0,17.200000762939453,12.666980743408203,7000
2007-12-24,17.09000015258789,17.5,17.09000015258789,17.5,12.887909889221191,1900
2007-12-26,17.270000457763672,17.43000030517578,17.200000762939453,17.200000762939453,12.666980743408203,11800
2007-12-27,17.200000762939453,17.200000762939453,16.280000686645508,16.280000686645508,11.989439010620117,8200
2007-12-28,17.0,17.0,17.0,17.0,12.519693374633789,4000
2007-12-31,17.0,17.399999618530273,17.0,17.0,12.519693374633789,35200
2008-01-02,17.229999542236328,17.93000030517578,17.229999542236328,17.75,13.072026252746582,3500
2008-01-03,17.510000228881836,18.239999771118164,17.510000228881836,18.239999771118164,13.49675178527832,4500
2008-01-04,18.010000228881836,18.5,18.010000228881836,18.489999771118164,13.681757926940918,11400
2008-01-07,18.709999084472656,19.389999389648438,18.510000228881836,19.3799991607666,14.340304374694824,17100
2008-01-08,19.0,19.989999771118164,19.0,19.65999984741211,14.547500610351562,10600
2008-01-09,19.43000030517578,19.65999984741211,19.43000030517578,19.65999984741211,14.547500610351562,1100
2008-01-10,19.65999984741211,19.989999771118164,19.420000076293945,19.729999542236328,14.599285125732422,10500
2008-01-11,19.5,19.5,19.100000381469727,19.100000381469727,14.133121490478516,2600
2008-01-14,19.329999923706055,19.59000015258789,19.0,19.059999465942383,14.103528022766113,8400
2008-01-15,19.290000915527344,19.290000915527344,19.260000228881836,19.260000228881836,14.251517295837402,300
2008-01-16,19.200000762939453,19.760000228881836,19.200000762939453,19.200000762939453,14.207122802734375,6000
2008-01-17,18.969999313354492,18.979999542236328,18.899999618530273,18.959999084472656,14.029528617858887,2800
2008-01-18,18.989999771118164,18.989999771118164,18.989999771118164,18.989999771118164,14.051724433898926,500
2008-01-22,18.760000228881836,18.760000228881836,17.75,17.75,13.134182929992676,4800
2008-01-23,17.979999542236328,18.43000030517578,17.979999542236328,18.43000030517578,13.637350082397461,3100
2008-01-24,18.43000030517578,18.43000030517578,18.43000030517578,18.43000030517578,13.637350082397461,0
2008-01-25,18.65999984741211,18.889999389648438,18.43000030517578,18.479999542236328,13.674360275268555,4700
2008-01-28,18.479999542236328,18.479999542236328,18.479999542236328,18.479999542236328,13.674360275268555,0
2008-01-29,18.709999084472656,18.850000381469727,18.31999969482422,18.34000015258789,13.570748329162598,7300
2008-01-30,18.56999969482422,18.719999313354492,17.68000030517578,18.020000457763672,13.33397102355957,6000
2008-01-31,17.8799991607666,18.25,17.399999618530273,17.399999618530273,12.875192642211914,14800
2008-02-01,17.649999618530273,17.889999389648438,17.15999984741211,17.889999389648438,13.237780570983887,4900
2008-02-04,18.030000686645508,18.100000381469727,18.0,18.100000381469727,13.458613395690918,1400
2008-02-05,18.100000381469727,18.100000381469727,18.100000381469727,18.100000381469727,13.458613395690918,0
2008-02-06,17.8799991607666,18.1200008392334,17.8799991607666,18.100000381469727,13.458613395690918,1800
2008-02-07,17.8799991607666,18.100000381469727,17.719999313354492,18.030000686645508,13.406571388244629,6900
2008-02-08,18.100000381469727,18.510000228881836,18.100000381469727,18.270000457763672,13.585021018981934,5900
2008-02-11,18.270000457763672,18.270000457763672,18.270000457763672,18.270000457763672,13.585021018981934,0
2008-02-12,18.110000610351562,18.110000610351562,18.110000610351562,18.110000610351562,13.46605396270752,1000
2008-02-13,18.18000030517578,18.3700008392334,18.079999923706055,18.1299991607666,13.480923652648926,4000
2008-02-14,18.209999084472656,18.209999084472656,18.139999389648438,18.149999618530273,13.49579906463623,1700
2008-02-15,17.850000381469727,18.239999771118164,17.850000381469727,18.1299991607666,13.480923652648926,2800
2008-02-19,18.239999771118164,18.25,18.239999771118164,18.25,13.570150375366211,1600
2008-02-20,18.15999984741211,18.209999084472656,18.15999984741211,18.209999084472656,13.540411949157715,800
2008-02-21,18.100000381469727,18.239999771118164,17.81999969482422,18.0,13.384262084960938,11000
2008-02-22,17.719999313354492,17.93000030517578,17.700000762939453,17.739999771118164,13.190935134887695,7400
2008-02-25,17.809999465942383,17.860000610351562,17.809999465942383,17.860000610351562,13.280165672302246,2000
2008-02-26,17.899999618530273,17.899999618530273,17.899999618530273,17.899999618530273,13.309904098510742,200
2008-02-27,17.799999237060547,17.799999237060547,17.799999237060547,17.799999237060547,13.235549926757812,400
2008-02-28,17.75,17.75,17.75,17.75,13.198369979858398,200
2008-02-29,17.709999084472656,17.809999465942383,17.229999542236328,17.299999237060547,12.863762855529785,8900
2008-03-03,17.110000610351562,17.110000610351562,17.110000610351562,17.110000610351562,12.722481727600098,200
2008-03-04,17.020000457763672,17.190000534057617,16.780000686645508,16.780000686645508,12.525423049926758,4500
2008-03-05,16.780000686645508,16.780000686645508,16.780000686645508,16.780000686645508,12.525423049926758,0
2008-03-06,16.799999237060547,16.799999237060547,16.799999237060547,16.799999237060547,12.540345191955566,300
2008-03-07,16.649999618530273,16.649999618530273,16.5,16.5,12.316415786743164,1500
2008-03-10,16.270000457763672,16.270000457763672,15.84000015258789,15.84000015258789,11.823759078979492,5100
2008-03-11,15.890000343322754,16.0,15.890000343322754,16.0,11.94318675994873,4500
2008-03-12,16.229999542236328,16.270000457763672,16.0,16.100000381469727,12.01783561706543,2000
2008-03-13,16.100000381469727,16.100000381469727,16.100000381469727,16.100000381469727,12.01783561706543,0
2008-03-14,15.9399995803833,15.979999542236328,15.930000305175781,15.930000305175781,11.89094066619873,4500
2008-03-17,15.899999618530273,15.989999771118164,15.65999984741211,15.65999984741211,11.689395904541016,3300
2008-03-18,15.4399995803833,15.489999771118164,15.0600004196167,15.0600004196167,11.241525650024414,1900
2008-03-19,14.960000038146973,15.199999809265137,14.949999809265137,15.199999809265137,11.346025466918945,12100
2008-03-20,15.420000076293945,15.710000038146973,15.149999618530273,15.210000038146973,11.353492736816406,4300
2008-03-24,15.380000114440918,15.489999771118164,15.100000381469727,15.210000038146973,11.353492736816406,130800
2008-03-25,15.199999809265137,15.3100004196167,15.199999809265137,15.3100004196167,11.428142547607422,1300
2008-03-26,15.399999618530273,15.619999885559082,15.399999618530273,15.600000381469727,11.644604682922363,2500
2008-03-27,15.819999694824219,15.84000015258789,15.520000457763672,15.600000381469727,11.644604682922363,7700
2008-03-28,15.609999656677246,15.609999656677246,15.600000381469727,15.600000381469727,11.644604682922363,2100
2008-03-31,15.600000381469727,15.600000381469727,15.600000381469727,15.600000381469727,11.644604682922363,0
2008-04-01,15.399999618530273,15.850000381469727,15.399999618530273,15.819999694824219,11.808831214904785,10100
2008-04-02,15.779999732971191,16.610000610351562,15.779999732971191,15.960000038146973,11.960963249206543,6700
2008-04-03,16.190000534057617,16.940000534057617,16.190000534057617,16.75,12.553010940551758,23800
2008-04-04,16.520000457763672,17.43000030517578,16.450000762939453,17.010000228881836,12.747869491577148,11700
2008-04-07,16.790000915527344,16.889999389648438,16.190000534057617,16.690000534057617,12.508052825927734,10300
2008-04-08,16.459999084472656,16.690000534057617,16.43000030517578,16.690000534057617,12.508052825927734,4400
2008-04-09,16.459999084472656,16.860000610351562,16.459999084472656,16.860000610351562,12.635461807250977,3500
2008-04-10,16.81999969482422,16.81999969482422,16.600000381469727,16.75,12.553010940551758,2200
2008-04-11,16.979999542236328,17.040000915527344,16.600000381469727,16.790000915527344,12.58299732208252,4100
2008-04-14,17.020000457763672,17.280000686645508,16.719999313354492,17.030000686645508,12.762853622436523,18100
2008-04-15,17.030000686645508,17.260000228881836,16.799999237060547,17.0,12.740372657775879,4700
2008-04-16,17.229999542236328,17.709999084472656,16.950000762939453,17.209999084472656,12.897753715515137,20400
2008-04-17,17.25,17.600000381469727,17.229999542236328,17.399999618530273,13.040144920349121,11800
2008-04-18,17.329999923706055,17.81999969482422,17.15999984741211,17.479999542236328,13.10009765625,17100
2008-04-21,17.709999084472656,17.709999084472656,17.59000015258789,17.600000381469727,13.19003963470459,1600
2008-04-22,17.3799991607666,17.3799991607666,17.3799991607666,17.3799991607666,13.025160789489746,100
2008-04-23,17.299999237060547,17.709999084472656,17.299999237060547,17.510000228881836,13.122588157653809,15700
2008-04-24,17.549999237060547,17.889999389648438,17.3799991607666,17.43000030517578,13.062633514404297,4400
2008-04-25,17.610000610351562,17.959999084472656,17.5,17.75,13.302452087402344,5200
2008-04-28,17.770000457763672,17.770000457763672,17.709999084472656,17.709999084472656,13.272477149963379,200
2008-04-29,17.690000534057617,17.829999923706055,17.540000915527344,17.649999618530273,13.227498054504395,2700
2008-04-30,17.649999618530273,17.8799991607666,17.649999618530273,17.770000457763672,13.317438125610352,8200
2008-05-01,17.989999771118164,18.440000534057617,17.989999771118164,18.299999237060547,13.714632034301758,6100
2008-05-02,18.479999542236328,18.5,18.479999542236328,18.5,13.900225639343262,200
2008-05-05,18.690000534057617,18.690000534057617,18.690000534057617,18.690000534057617,14.042987823486328,1200
2008-05-06,18.549999237060547,18.549999237060547,18.0,18.020000457763672,13.539569854736328,7000
2008-05-07,18.239999771118164,18.290000915527344,18.200000762939453,18.280000686645508,13.734929084777832,3300
2008-05-08,18.510000228881836,18.540000915527344,18.489999771118164,18.489999771118164,13.892708778381348,600
2008-05-09,18.489999771118164,18.489999771118164,18.489999771118164,18.489999771118164,13.892708778381348,0
2008-05-12,18.260000228881836,18.260000228881836,18.040000915527344,18.040000915527344,13.554601669311523,200
2008-05-13,18.270000457763672,18.34000015258789,17.59000015258789,17.59000015258789,13.216493606567383,3000
2008-05-14,17.610000610351562,17.610000610351562,17.610000610351562,17.610000610351562,13.231515884399414,200
2008-05-15,17.84000015258789,18.0,17.84000015258789,18.0,13.524548530578613,800
2008-05-16,17.799999237060547,18.0,17.799999237060547,18.0,13.524548530578613,3000
2008-05-19,17.700000762939453,17.700000762939453,17.700000762939453,17.700000762939453,13.299129486083984,3000
2008-05-20,17.700000762939453,17.700000762939453,17.700000762939453,17.700000762939453,13.299129486083984,0
2008-05-21,17.700000762939453,17.700000762939453,17.700000762939453,17.700000762939453,13.299129486083984,0
2008-05-22,17.700000762939453,17.700000762939453,17.700000762939453,17.700000762939453,13.299129486083984,0
2008-05-23,17.700000762939453,17.700000762939453,17.700000762939453,17.700000762939453,13.299129486083984,0
2008-05-27,18.0,18.0,18.0,18.0,13.524548530578613,300
2008-05-28,17.860000610351562,17.860000610351562,17.860000610351562,17.860000610351562,13.419351577758789,1000
2008-05-29,17.860000610351562,17.860000610351562,17.860000610351562,17.860000610351562,13.419351577758789,0
2008-05-30,17.860000610351562,17.950000762939453,17.860000610351562,17.90999984741211,13.456915855407715,1800
2008-06-02,17.799999237060547,17.799999237060547,17.799999237060547,17.799999237060547,13.374268531799316,100
2008-06-03,17.780000686645508,17.780000686645508,17.780000686645508,17.780000686645508,13.35923957824707,100
2008-06-04,17.780000686645508,17.780000686645508,17.780000686645508,17.780000686645508,13.3946533203125,0
2008-06-05,17.959999084472656,18.030000686645508,17.959999084472656,18.010000228881836,13.567922592163086,2200
2008-06-06,18.0,18.010000228881836,18.0,18.0,13.56039047241211,2600
2008-06-09,17.899999618530273,18.0,17.899999618530273,18.0,13.56039047241211,1200
2008-06-10,18.049999237060547,18.3700008392334,17.809999465942383,18.020000457763672,13.575459480285645,3900
2008-06-11,18.020000457763672,18.020000457763672,18.020000457763672,18.020000457763672,13.575459480285645,0
2008-06-12,18.020000457763672,18.020000457763672,18.020000457763672,18.020000457763672,13.575459480285645,0
2008-06-13,18.010000228881836,18.209999084472656,17.940000534057617,18.209999084472656,13.718589782714844,2800
2008-06-16,18.209999084472656,18.209999084472656,18.209999084472656,18.209999084472656,13.718589782714844,0
2008-06-17,18.209999084472656,18.209999084472656,18.209999084472656,18.209999084472656,13.718589782714844,0
2008-06-18,18.209999084472656,18.209999084472656,18.209999084472656,18.209999084472656,13.718589782714844,0
2008-06-19,18.25,18.25,18.0,18.0,13.56039047241211,1000
2008-06-20,17.770000457763672,17.770000457763672,17.540000915527344,17.540000915527344,13.213839530944824,200
2008-06-23,17.5,17.5,17.299999237060547,17.350000381469727,13.070709228515625,3700
2008-06-24,17.579999923706055,17.579999923706055,17.579999923706055,17.579999923706055,13.243983268737793,100
2008-06-25,17.579999923706055,17.579999923706055,17.399999618530273,17.399999618530273,13.108372688293457,800
2008-06-26,17.799999237060547,17.799999237060547,17.270000457763672,17.270000457763672,13.010443687438965,3500
2008-06-27,17.270000457763672,17.270000457763672,17.270000457763672,17.270000457763672,13.010443687438965,0
2008-06-30,17.040000915527344,17.040000915527344,17.040000915527344,17.040000915527344,12.837164878845215,1000
2008-07-01,16.989999771118164,17.0,16.31999969482422,16.700000762939453,12.58103084564209,3500
2008-07-02,16.700000762939453,16.700000762939453,16.510000228881836,16.549999237060547,12.468025207519531,2000
2008-07-03,16.549999237060547,16.549999237060547,16.549999237060547,16.549999237060547,12.468025207519531,0
2008-07-07,16.739999771118164,16.899999618530273,16.5,16.5,12.430349349975586,1700
2008-07-08,16.729999542236328,16.799999237060547,16.729999542236328,16.799999237060547,12.656364440917969,1200
2008-07-09,16.799999237060547,16.799999237060547,16.799999237060547,16.799999237060547,12.698691368103027,1300
2008-07-10,16.93000030517578,17.3799991607666,16.850000381469727,16.989999771118164,12.84231185913086,5600
2008-07-11,16.760000228881836,17.020000457763672,16.520000457763672,16.690000534057617,12.615548133850098,2200
2008-07-14,16.450000762939453,16.729999542236328,16.0,16.260000228881836,12.290521621704102,15300
2008-07-15,16.040000915527344,16.5,15.800000190734863,16.5,12.471924781799316,4100
2008-07-16,16.270000457763672,16.59000015258789,15.6899995803833,16.200000762939453,12.245170593261719,17500
2008-07-17,16.43000030517578,17.3700008392334,16.43000030517578,17.09000015258789,12.917891502380371,8800
2008-07-18,17.31999969482422,17.399999618530273,17.079999923706055,17.25,13.038839340209961,4200
2008-07-21,17.200000762939453,17.200000762939453,16.299999237060547,17.0,12.849874496459961,11000
2008-07-22,17.1299991607666,17.1299991607666,16.850000381469727,16.979999542236328,12.834745407104492,3200
2008-07-23,17.139999389648438,17.15999984741211,16.68000030517578,16.90999984741211,12.781838417053223,5800
2008-07-24,17.139999389648438,18.450000762939453,16.989999771118164,16.989999771118164,12.84231185913086,17100
2008-07-25,16.790000915527344,18.170000076293945,16.34000015258789,17.899999618530273,13.530157089233398,19700
2008-07-28,17.719999313354492,18.100000381469727,17.690000534057617,17.780000686645508,13.43945026397705,11200
2008-07-29,17.780000686645508,17.780000686645508,17.780000686645508,17.780000686645508,13.482673645019531,0
2008-07-30,17.729999542236328,17.8799991607666,17.149999618530273,17.290000915527344,13.111098289489746,4600
2008-07-31,17.06999969482422,17.06999969482422,17.010000228881836,17.010000228881836,12.898777961730957,400
2008-08-01,17.010000228881836,17.010000228881836,16.489999771118164,17.0,12.891200065612793,9500
2008-08-04,17.0,17.0,17.0,17.0,12.891200065612793,400
2008-08-05,17.229999542236328,17.270000457763672,16.799999237060547,17.139999389648438,12.997359275817871,7500
2008-08-06,17.149999618530273,17.200000762939453,17.149999618530273,17.200000762939453,13.042853355407715,1400
2008-08-07,17.280000686645508,17.299999237060547,17.280000686645508,17.299999237060547,13.118683815002441,1100
2008-08-08,17.299999237060547,17.299999237060547,17.299999237060547,17.299999237060547,13.118683815002441,0
2008-08-11,17.06999969482422,17.06999969482422,16.209999084472656,17.0,12.891200065612793,3600
2008-08-12,17.0,17.0,17.0,17.0,12.891200065612793,1900
2008-08-13,17.0,17.0,17.0,17.0,12.891200065612793,0
2008-08-14,16.770000457763672,16.770000457763672,15.800000190734863,16.25,12.322466850280762,3000
2008-08-15,16.420000076293945,16.520000457763672,16.420000076293945,16.520000457763672,12.527204513549805,1000
2008-08-18,16.649999618530273,17.15999984741211,16.649999618530273,16.719999313354492,12.678865432739258,4900
2008-08-19,16.719999313354492,16.719999313354492,16.719999313354492,16.719999313354492,12.678865432739258,0
2008-08-20,16.950000762939453,17.34000015258789,16.850000381469727,16.889999389648438,12.807781219482422,3400
2008-08-21,16.889999389648438,16.889999389648438,16.889999389648438,16.889999389648438,12.807781219482422,0
2008-08-22,16.65999984741211,16.65999984741211,16.450000762939453,16.450000762939453,12.47412109375,700
2008-08-25,16.219999313354492,16.219999313354492,16.200000762939453,16.200000762939453,12.284550666809082,4700
2008-08-26,16.200000762939453,16.200000762939453,16.200000762939453,16.200000762939453,12.284550666809082,0
2008-08-27,15.989999771118164,16.0,15.699999809265137,15.699999809265137,11.94447135925293,2100
2008-08-28,15.920000076293945,16.0,15.920000076293945,16.0,12.172715187072754,200
2008-08-29,16.079999923706055,16.229999542236328,16.079999923706055,16.229999542236328,12.347692489624023,2300
2008-09-02,16.450000762939453,16.600000381469727,16.450000762939453,16.5,12.55310344696045,600
2008-09-03,16.420000076293945,16.420000076293945,16.420000076293945,16.420000076293945,12.492246627807617,300
2008-09-04,16.420000076293945,16.420000076293945,16.420000076293945,16.420000076293945,12.492246627807617,0
2008-09-05,16.420000076293945,16.420000076293945,16.420000076293945,16.420000076293945,12.492246627807617,0
2008-09-08,16.420000076293945,16.420000076293945,16.420000076293945,16.420000076293945,12.492246627807617,200
2008-09-09,16.200000762939453,16.200000762939453,16.200000762939453,16.200000762939453,12.324877738952637,100
2008-09-10,16.200000762939453,16.200000762939453,16.200000762939453,16.200000762939453,12.324877738952637,0
2008-09-11,16.200000762939453,16.200000762939453,16.200000762939453,16.200000762939453,12.324877738952637,0
2008-09-12,15.970000267028809,15.970000267028809,15.970000267028809,15.970000267028809,12.149895668029785,100
2008-09-15,15.970000267028809,15.970000267028809,15.970000267028809,15.970000267028809,12.149895668029785,0
2008-09-16,15.75,15.75,12.5,13.699999809265137,10.42288589477539,9500
2008-09-17,13.25,13.25,12.199999809265137,12.199999809265137,9.281686782836914,2600
2008-09-18,12.100000381469727,12.699999809265137,12.100000381469727,12.600000381469727,9.586007118225098,5200
2008-09-19,13.25,13.25,11.699999809265137,12.5,9.509932518005371,7700
2008-09-22,12.5,13.130000114440918,12.5,13.0,9.890329360961914,5900
2008-09-23,12.569999694824219,12.569999694824219,12.550000190734863,12.550000190734863,9.5479736328125,400
2008-09-24,13.0,13.0,13.0,13.0,9.890329360961914,100
2008-09-25,13.0,13.0,13.0,13.0,9.890329360961914,0
2008-09-26,12.75,12.75,12.25,12.25,9.35788345336914,2200
2008-09-29,12.25,12.25,12.25,12.25,9.35788345336914,0
2008-09-30,11.8100004196167,12.25,11.8100004196167,12.25,9.35788345336914,700
2008-10-01,11.800000190734863,11.800000190734863,9.460000038146973,10.739999771118164,8.204380989074707,12000
2008-10-02,10.800000190734863,11.0,10.800000190734863,11.0,8.402999877929688,500
2008-10-03,10.399999618530273,11.149999618530273,10.300000190734863,11.109999656677246,8.487029075622559,2100
2008-10-06,10.65999984741211,10.65999984741211,10.15999984741211,10.399999618530273,7.9446492195129395,400
2008-10-07,9.920000076293945,9.920000076293945,9.359999656677246,9.920000076293945,7.577975273132324,2000
2008-10-08,9.850000381469727,9.850000381469727,9.050000190734863,9.5,7.257134914398193,2400
2008-10-09,8.850000381469727,8.899999618530273,8.699999809265137,8.739999771118164,6.6765618324279785,2300
2008-10-10,8.289999961853027,8.289999961853027,7.369999885559082,7.599999904632568,5.80571174621582,6700
2008-10-13,7.800000190734863,8.0,7.800000190734863,7.800000190734863,5.958488464355469,300
2008-10-14,8.25,9.229999542236328,8.0,8.90999984741211,6.806427001953125,8100
2008-10-15,8.899999618530273,9.220000267028809,8.899999618530273,9.109999656677246,6.9592132568359375,1600
2008-10-16,9.109999656677246,9.109999656677246,9.109999656677246,9.109999656677246,6.9592132568359375,0
2008-10-17,9.109999656677246,9.109999656677246,9.109999656677246,9.109999656677246,6.9592132568359375,0
2008-10-20,9.40999984741211,9.40999984741211,9.0,9.25,7.066158294677734,5700
2008-10-21,9.180000305175781,9.199999809265137,8.949999809265137,9.199999809265137,7.027962684631348,1200
2008-10-22,8.899999618530273,8.970000267028809,8.260000228881836,8.649999618530273,6.607807636260986,6200
2008-10-23,8.609999656677246,8.859999656677246,8.609999656677246,8.760000228881836,6.691844940185547,1900
2008-10-24,8.399999618530273,8.399999618530273,7.539999961853027,7.989999771118164,6.10363245010376,4200
2008-10-27,8.289999961853027,8.5,8.289999961853027,8.5,6.493229866027832,2000
2008-10-28,8.0600004196167,8.399999618530273,7.769999980926514,8.399999618530273,6.416836261749268,2300
2008-10-29,8.399999618530273,8.399999618530273,8.399999618530273,8.399999618530273,6.447537899017334,0
2008-10-30,8.399999618530273,8.399999618530273,8.399999618530273,8.399999618530273,6.447537899017334,0
2008-10-31,8.65999984741211,8.899999618530273,8.65999984741211,8.899999618530273,6.8313164710998535,300
2008-11-03,9.199999809265137,10.0,9.199999809265137,9.899999618530273,7.598881721496582,3100
2008-11-04,10.0,10.0,10.0,10.0,7.675640106201172,400
2008-11-05,10.5,10.5,10.180000305175781,10.199999809265137,7.829154014587402,3600
2008-11-06,10.199999809265137,10.199999809265137,10.199999809265137,10.199999809265137,7.829154014587402,0
2008-11-07,10.199999809265137,10.199999809265137,10.199999809265137,10.199999809265137,7.829154014587402,0
2008-11-10,10.199999809265137,10.199999809265137,10.199999809265137,10.199999809265137,7.829154014587402,0
2008-11-11,9.899999618530273,9.899999618530273,9.390000343322754,9.390000343322754,7.207427024841309,1100
2008-11-12,9.390000343322754,9.390000343322754,9.390000343322754,9.390000343322754,7.207427024841309,0
2008-11-13,9.390000343322754,9.390000343322754,9.390000343322754,9.390000343322754,7.207427024841309,0
2008-11-14,8.920000076293945,9.09000015258789,8.579999923706055,8.779999732971191,6.739211559295654,900
2008-11-17,8.479999542236328,8.479999542236328,8.25,8.25,6.332399845123291,200
2008-11-18,7.949999809265137,7.949999809265137,7.400000095367432,7.400000095367432,5.67997407913208,1400
2008-11-19,7.400000095367432,7.400000095367432,7.400000095367432,7.400000095367432,5.67997407913208,0
2008-11-20,6.900000095367432,6.900000095367432,5.159999847412109,5.159999847412109,3.9606311321258545,7200
2008-11-21,5.199999809265137,5.199999809265137,5.199999809265137,5.199999809265137,3.991332769393921,100
2008-11-24,4.860000133514404,5.5,4.289999961853027,5.5,4.221602439880371,3500
2008-11-25,6.0,6.400000095367432,6.0,6.400000095367432,4.94477653503418,1000
2008-11-26,6.599999904632568,6.599999904632568,6.5,6.5,5.022039890289307,1000
2008-11-28,6.5,6.5,6.5,6.5,5.022039890289307,0
2008-12-01,6.5,6.5,6.179999828338623,6.179999828338623,4.7747955322265625,600
2008-12-02,6.179999828338623,6.179999828338623,5.099999904632568,5.599999904632568,4.326679706573486,5700
2008-12-03,5.75,5.800000190734863,5.75,5.75,4.442573547363281,3000
2008-12-04,5.75,5.75,5.75,5.75,4.442573547363281,0
2008-12-05,6.059999942779541,6.699999809265137,5.989999771118164,6.699999809265137,5.176560878753662,4000
2008-12-08,6.699999809265137,6.699999809265137,6.699999809265137,6.699999809265137,5.176560878753662,0
2008-12-09,7.0,7.0,7.0,7.0,5.408346652984619,100
2008-12-10,7.0,7.0,7.0,7.0,5.408346652984619,0
2008-12-11,7.300000190734863,7.590000152587891,7.300000190734863,7.590000152587891,5.864195346832275,300
2008-12-12,7.5,7.5,7.139999866485596,7.139999866485596,5.516515731811523,2200
2008-12-15,6.840000152587891,6.840000152587891,6.690000057220459,6.699999809265137,5.176560878753662,500
2008-12-16,7.0,7.0,7.0,7.0,5.408346652984619,100
2008-12-17,6.78000020980835,7.0,4.0,6.300000190734863,4.867514610290527,3200
2008-12-18,6.0,6.0,5.849999904632568,5.849999904632568,4.519833564758301,400
2008-12-19,5.550000190734863,6.260000228881836,5.050000190734863,6.25,4.828882694244385,19700
2008-12-22,6.25,6.25,6.25,6.25,4.828882694244385,0
2008-12-23,6.25,6.25,6.050000190734863,6.25,4.828882694244385,1400
2008-12-24,6.25,6.25,6.25,6.25,4.828882694244385,0
2008-12-26,6.329999923706055,6.329999923706055,6.329999923706055,6.329999923706055,4.890689849853516,300
2008-12-29,6.610000133514404,7.199999809265137,6.610000133514404,7.190000057220459,5.570990085601807,900
2008-12-30,7.5,7.699999809265137,7.0,7.309999942779541,5.663966178894043,12900
2008-12-31,6.400000095367432,7.150000095367432,6.400000095367432,7.099999904632568,5.501251697540283,5500
2009-01-02,7.400000095367432,7.670000076293945,7.400000095367432,7.670000076293945,5.942906856536865,900
2009-01-05,7.670000076293945,7.670000076293945,7.670000076293945,7.670000076293945,5.942906856536865,0
2009-01-06,7.800000190734863,8.90999984741211,7.800000190734863,8.699999809265137,6.740971565246582,55800
2009-01-07,8.699999809265137,8.699999809265137,8.699999809265137,8.699999809265137,6.740971565246582,0
2009-01-08,8.399999618530273,8.579999923706055,8.199999809265137,8.300000190734863,6.431041717529297,3500
2009-01-09,8.300000190734863,8.300000190734863,8.300000190734863,8.300000190734863,6.431041717529297,0
2009-01-12,8.100000381469727,8.100000381469727,8.069999694824219,8.069999694824219,6.252833843231201,300
2009-01-13,8.0,9.020000457763672,8.0,8.670000076293945,6.717731952667236,3200
2009-01-14,8.670000076293945,8.670000076293945,8.670000076293945,8.670000076293945,6.717731952667236,0
2009-01-15,8.220000267028809,8.220000267028809,8.0,8.0,6.1985955238342285,300
2009-01-16,8.0,8.0,8.0,8.0,6.1985955238342285,0
2009-01-20,8.0,8.0,8.0,8.0,6.1985955238342285,2100
2009-01-21,7.699999809265137,7.699999809265137,7.099999904632568,7.099999904632568,5.501251697540283,400
2009-01-22,7.099999904632568,7.099999904632568,7.099999904632568,7.099999904632568,5.501251697540283,0
2009-01-23,7.349999904632568,7.400000095367432,7.349999904632568,7.400000095367432,5.733702182769775,200
2009-01-26,7.5,7.699999809265137,7.5,7.699999809265137,5.966149806976318,1100
2009-01-27,7.699999809265137,7.699999809265137,7.699999809265137,7.699999809265137,5.966149806976318,0
2009-01-28,7.980000019073486,9.880000114440918,7.980000019073486,8.010000228881836,6.220887184143066,3100
2009-01-29,8.0,8.100000381469727,8.0,8.100000381469727,6.290787220001221,1100
2009-01-30,8.0,8.0,7.75,8.0,6.213119029998779,2100
2009-02-02,8.0,8.0,8.0,8.0,6.213119029998779,200
2009-02-03,8.0,8.079999923706055,7.900000095367432,8.079999923706055,6.275248050689697,1100
2009-02-04,7.699999809265137,7.699999809265137,7.0,7.0,5.436479568481445,2900
2009-02-05,7.0,7.0,7.0,7.0,5.436479568481445,0
2009-02-06,7.0,7.0,7.0,7.0,5.436479568481445,0
2009-02-09,7.449999809265137,7.5,7.449999809265137,7.5,5.824798107147217,1100
2009-02-10,7.75,7.900000095367432,7.75,7.900000095367432,6.135456085205078,300
2009-02-11,7.900000095367432,7.900000095367432,7.900000095367432,7.900000095367432,6.135456085205078,0
2009-02-12,7.900000095367432,7.900000095367432,7.900000095367432,7.900000095367432,6.135456085205078,0
2009-02-13,7.900000095367432,7.900000095367432,7.900000095367432,7.900000095367432,6.135456085205078,400
2009-02-17,7.460000038146973,7.460000038146973,6.980000019073486,6.980000019073486,5.4209465980529785,1400
2009-02-18,7.0,7.210000038146973,7.0,7.210000038146973,5.599573135375977,2800
2009-02-19,7.210000038146973,7.210000038146973,7.210000038146973,7.210000038146973,5.599573135375977,0
2009-02-20,7.0,7.0,7.0,7.0,5.436479568481445,300
2009-02-23,6.909999847412109,6.909999847412109,6.849999904632568,6.849999904632568,5.319983005523682,200
2009-02-24,6.849999904632568,6.849999904632568,6.849999904632568,6.849999904632568,5.319983005523682,300
2009-02-25,6.849999904632568,6.849999904632568,6.849999904632568,6.849999904632568,5.335561752319336,0
2009-02-26,6.889999866485596,6.889999866485596,6.889999866485596,6.889999866485596,5.366719722747803,100
2009-02-27,6.889999866485596,6.889999866485596,6.889999866485596,6.889999866485596,5.366719722747803,200
2009-03-02,6.889999866485596,6.889999866485596,6.889999866485596,6.889999866485596,5.366719722747803,0
2009-03-03,6.889999866485596,6.889999866485596,6.889999866485596,6.889999866485596,5.366719722747803,200
2009-03-04,6.889999866485596,6.889999866485596,6.889999866485596,6.889999866485596,5.366719722747803,300
2009-03-05,6.889999866485596,6.889999866485596,6.889999866485596,6.889999866485596,5.366719722747803,500
2009-03-06,6.929999828338623,6.929999828338623,6.889999866485596,6.889999866485596,5.366719722747803,3900
2009-03-09,6.590000152587891,6.590000152587891,6.139999866485596,6.239999771118164,4.8604254722595215,1500
2009-03-10,6.5,6.5,6.5,6.5,5.062942981719971,800
2009-03-11,6.489999771118164,7.550000190734863,6.489999771118164,7.340000152587891,5.7172322273254395,4300
2009-03-12,7.5,7.639999866485596,7.5,7.639999866485596,5.950906276702881,500
2009-03-13,7.639999866485596,7.639999866485596,7.639999866485596,7.639999866485596,5.950906276702881,0
2009-03-16,7.639999866485596,7.639999866485596,7.639999866485596,7.639999866485596,5.950906276702881,0
2009-03-17,7.940000057220459,8.0,7.599999904632568,7.599999904632568,5.9197468757629395,2300
2009-03-18,7.900000095367432,8.600000381469727,7.900000095367432,8.350000381469727,6.503934383392334,600
2009-03-19,8.359999656677246,8.5600004196167,8.359999656677246,8.5600004196167,6.667505741119385,1100
2009-03-20,8.5600004196167,8.5600004196167,8.5600004196167,8.5600004196167,6.667505741119385,0
2009-03-23,8.65999984741211,8.65999984741211,8.65999984741211,8.65999984741211,6.745397090911865,400
2009-03-24,8.65999984741211,8.65999984741211,8.65999984741211,8.65999984741211,6.745397090911865,0
2009-03-25,8.65999984741211,8.65999984741211,8.65999984741211,8.65999984741211,6.745397090911865,0
2009-03-26,8.65999984741211,8.65999984741211,8.65999984741211,8.65999984741211,6.745397090911865,0
2009-03-27,8.65999984741211,8.65999984741211,8.65999984741211,8.65999984741211,6.76336145401001,0
2009-03-30,8.65999984741211,8.65999984741211,8.65999984741211,8.65999984741211,6.76336145401001,200
2009-03-31,9.199999809265137,9.25,9.109999656677246,9.25,7.224143981933594,2200
2009-04-01,9.25,9.25,9.25,9.25,7.224143981933594,0
2009-04-02,8.760000228881836,8.760000228881836,8.760000228881836,8.760000228881836,6.841457366943359,600
2009-04-03,8.75,8.75,8.75,8.75,6.833645820617676,2500
2009-04-06,8.449999809265137,8.449999809265137,8.300000190734863,8.300000190734863,6.482202529907227,1000
2009-04-07,8.300000190734863,8.300000190734863,8.300000190734863,8.300000190734863,6.482202529907227,0
2009-04-08,8.25,8.350000381469727,8.050000190734863,8.350000381469727,6.5212531089782715,3100
2009-04-09,8.9399995803833,9.0,8.640000343322754,9.0,7.02889347076416,800
2009-04-13,8.149999618530273,9.0,8.149999618530273,9.0,7.02889347076416,2500
2009-04-14,9.0,9.0,9.0,9.0,7.02889347076416,0
2009-04-15,9.25,9.25,9.25,9.25,7.224143981933594,500
2009-04-16,9.25,9.25,9.25,9.25,7.224143981933594,0
2009-04-17,9.25,9.25,9.25,9.25,7.224143981933594,0
2009-04-20,9.260000228881836,9.279999732971191,9.260000228881836,9.260000228881836,7.231951713562012,1400
2009-04-21,9.260000228881836,9.260000228881836,9.260000228881836,9.260000228881836,7.231951713562012,100
2009-04-22,9.260000228881836,9.260000228881836,9.260000228881836,9.260000228881836,7.231951713562012,0
2009-04-23,9.260000228881836,9.260000228881836,9.260000228881836,9.260000228881836,7.231951713562012,0
2009-04-24,9.5600004196167,9.899999618530273,9.5600004196167,9.899999618530273,7.731786727905273,2000
2009-04-27,10.0600004196167,11.239999771118164,10.0600004196167,11.0,8.590875625610352,1700
2009-04-28,10.670000076293945,10.670000076293945,10.670000076293945,10.670000076293945,8.349085807800293,100
2009-04-29,10.670000076293945,10.670000076293945,10.670000076293945,10.670000076293945,8.349085807800293,0
2009-04-30,10.9399995803833,10.9399995803833,10.5,10.5,8.216066360473633,1000
2009-05-01,10.5,10.5,10.5,10.5,8.216066360473633,0
2009-05-04,10.460000038146973,10.460000038146973,9.25,9.270000457763672,7.253611087799072,4100
2009-05-05,9.270000457763672,9.270000457763672,9.270000457763672,9.270000457763672,7.253611087799072,0
2009-05-06,9.300000190734863,9.4399995803833,9.300000190734863,9.4399995803833,7.386630535125732,200
2009-05-07,9.680000305175781,9.680000305175781,9.680000305175781,9.680000305175781,7.574420928955078,200
2009-05-08,9.680000305175781,9.680000305175781,9.680000305175781,9.680000305175781,7.574420928955078,0
2009-05-11,9.680000305175781,9.680000305175781,9.680000305175781,9.680000305175781,7.574420928955078,0
2009-05-12,9.680000305175781,9.680000305175781,9.680000305175781,9.680000305175781,7.574420928955078,0
2009-05-13,9.680000305175781,9.680000305175781,9.680000305175781,9.680000305175781,7.574420928955078,0
2009-05-14,9.5,9.5,9.399999618530273,9.399999618530273,7.35533332824707,1200
2009-05-15,9.699999809265137,9.699999809265137,9.5,9.5,7.433581352233887,500
2009-05-18,9.789999961853027,9.789999961853027,9.789999961853027,9.789999961853027,7.660499095916748,200
2009-05-19,9.890000343322754,9.949999809265137,9.25,9.25,7.237959384918213,1900
2009-05-20,9.550000190734863,9.550000190734863,9.550000190734863,9.550000190734863,7.472705364227295,500
2009-05-21,9.5,9.539999961853027,9.5,9.5,7.433581352233887,800
2009-05-22,9.5,9.5,9.5,9.5,7.433581352233887,0
2009-05-26,9.5,9.5,9.5,9.5,7.433581352233887,0
2009-05-27,9.25,9.989999771118164,9.0600004196167,9.989999771118164,7.833492279052734,2200
2009-05-28,9.989999771118164,9.989999771118164,9.989999771118164,9.989999771118164,7.833492279052734,0
2009-05-29,9.989999771118164,9.989999771118164,9.989999771118164,9.989999771118164,7.833492279052734,0
2009-06-01,10.220000267028809,10.5,9.800000190734863,10.5,8.2333984375,7700
2009-06-02,10.5,11.010000228881836,10.5,11.0,8.62546443939209,5000
2009-06-03,11.0,11.0,11.0,11.0,8.62546443939209,0
2009-06-04,11.300000190734863,11.800000190734863,11.300000190734863,11.449999809265137,8.978320121765137,800
2009-06-05,11.449999809265137,11.449999809265137,11.399999618530273,11.449999809265137,8.978320121765137,1700
2009-06-08,11.449999809265137,11.699999809265137,11.449999809265137,11.699999809265137,9.174359321594238,1900
2009-06-09,11.5,11.699999809265137,11.5,11.699999809265137,9.174359321594238,1100
2009-06-10,11.699999809265137,12.0,11.699999809265137,12.0,9.409597396850586,2400
2009-06-11,11.989999771118164,12.0,11.989999771118164,12.0,9.409597396850586,1600
2009-06-12,12.0,12.0,12.0,12.0,9.409597396850586,200
2009-06-15,12.0,12.0,12.0,12.0,9.409597396850586,0
2009-06-16,12.0,12.0,12.0,12.0,9.409597396850586,0
2009-06-17,12.0,12.0,12.0,12.0,9.409597396850586,0
2009-06-18,12.0,12.0,12.0,12.0,9.409597396850586,0
2009-06-19,12.5,14.390000343322754,12.0,13.0,10.19372844696045,5700
2009-06-22,12.699999809265137,12.699999809265137,12.699999809265137,12.699999809265137,9.958490371704102,100
2009-06-23,12.699999809265137,12.699999809265137,12.699999809265137,12.699999809265137,9.958490371704102,0
2009-06-24,13.0,13.0,13.0,13.0,10.19372844696045,700
2009-06-25,13.0,13.0,12.550000190734863,12.550000190734863,9.840865135192871,2300
2009-06-26,12.680000305175781,12.680000305175781,12.680000305175781,12.680000305175781,9.958674430847168,100
2009-06-29,12.680000305175781,12.680000305175781,12.680000305175781,12.680000305175781,9.958674430847168,0
2009-06-30,12.380000114440918,12.649999618530273,12.029999732971191,12.5,9.817309379577637,3600
2009-07-01,12.949999809265137,13.399999618530273,12.649999618530273,12.649999618530273,9.935112953186035,1500
2009-07-02,12.649999618530273,12.649999618530273,12.649999618530273,12.649999618530273,9.935112953186035,0
2009-07-06,12.350000381469727,12.350000381469727,12.199999809265137,12.34000015258789,9.691652297973633,2200
2009-07-07,12.100000381469727,12.109999656677246,12.100000381469727,12.109999656677246,9.511002540588379,900
2009-07-08,12.109999656677246,12.109999656677246,12.109999656677246,12.109999656677246,9.511002540588379,0
2009-07-09,12.029999732971191,12.100000381469727,11.729999542236328,11.729999542236328,9.212559700012207,1900
2009-07-10,11.729999542236328,11.729999542236328,11.729999542236328,11.729999542236328,9.212559700012207,0
2009-07-13,11.729999542236328,11.729999542236328,11.729999542236328,11.729999542236328,9.212559700012207,0
2009-07-14,11.729999542236328,11.729999542236328,11.729999542236328,11.729999542236328,9.212559700012207,0
2009-07-15,12.029999732971191,12.449999809265137,12.0,12.449999809265137,9.778042793273926,600
2009-07-16,12.300000190734863,12.5,12.300000190734863,12.5,9.817309379577637,700
2009-07-17,12.5,12.5,12.5,12.5,9.817309379577637,0
2009-07-20,12.600000381469727,12.600000381469727,12.600000381469727,12.600000381469727,9.895849227905273,100
2009-07-21,12.699999809265137,12.699999809265137,12.600000381469727,12.699999809265137,9.974385261535645,2000
2009-07-22,13.75,13.75,13.75,13.75,10.799041748046875,100
2009-07-23,13.350000381469727,13.75,13.350000381469727,13.75,10.799041748046875,2400
2009-07-24,13.75,14.5,13.75,14.5,11.388078689575195,1500
2009-07-27,14.449999809265137,14.489999771118164,13.9399995803833,14.0,10.995383262634277,1900
2009-07-28,14.0,14.0,14.0,14.0,10.995383262634277,100
2009-07-29,13.59000015258789,13.970000267028809,13.59000015258789,13.970000267028809,10.988301277160645,500
2009-07-30,13.970000267028809,13.970000267028809,13.970000267028809,13.970000267028809,10.988301277160645,0
2009-07-31,13.899999618530273,13.960000038146973,13.770000457763672,13.960000038146973,10.98044204711914,400
2009-08-03,13.25,13.25,13.25,13.25,10.421979904174805,600
2009-08-04,13.25,13.25,13.25,13.25,10.421979904174805,0
2009-08-05,13.550000190734863,13.550000190734863,13.550000190734863,13.550000190734863,10.657947540283203,300
2009-08-06,13.550000190734863,13.550000190734863,13.550000190734863,13.550000190734863,10.657947540283203,400
2009-08-07,13.850000381469727,14.0,12.5,13.3100004196167,10.46917724609375,3500
2009-08-10,13.3100004196167,13.3100004196167,13.3100004196167,13.3100004196167,10.46917724609375,0
2009-08-11,13.430000305175781,13.430000305175781,13.430000305175781,13.430000305175781,10.563560485839844,100
2009-08-12,13.430000305175781,13.430000305175781,13.430000305175781,13.430000305175781,10.563560485839844,0
2009-08-13,13.479999542236328,13.489999771118164,13.180000305175781,13.489999771118164,10.610753059387207,300
2009-08-14,13.489999771118164,13.489999771118164,13.489999771118164,13.489999771118164,10.610753059387207,0
2009-08-17,13.1899995803833,13.1899995803833,13.1899995803833,13.1899995803833,10.374791145324707,100
2009-08-18,13.1899995803833,13.199999809265137,13.0,13.0,10.225334167480469,900
2009-08-19,12.890000343322754,12.890000343322754,12.649999618530273,12.649999618530273,9.950040817260742,900
2009-08-20,12.649999618530273,12.649999618530273,12.649999618530273,12.649999618530273,9.950040817260742,0
2009-08-21,12.899999618530273,13.399999618530273,12.899999618530273,13.399999618530273,10.539962768554688,2300
2009-08-24,13.0600004196167,13.0600004196167,13.0,13.0,10.225334167480469,700
2009-08-25,13.0,13.0,13.0,13.0,10.225334167480469,0
2009-08-26,12.710000038146973,12.710000038146973,12.279999732971191,12.279999732971191,9.659011840820312,600
2009-08-27,12.279999732971191,12.279999732971191,12.279999732971191,12.279999732971191,9.675557136535645,0
2009-08-28,12.279999732971191,12.279999732971191,12.279999732971191,12.279999732971191,9.675557136535645,0
2009-08-31,12.279999732971191,12.279999732971191,12.279999732971191,12.279999732971191,9.675557136535645,0
2009-09-01,12.5,12.5,12.5,12.5,9.84890079498291,500
2009-09-02,12.5,12.5,12.5,12.5,9.84890079498291,0
2009-09-03,12.5,12.5,12.5,12.5,9.84890079498291,0
2009-09-04,12.420000076293945,12.420000076293945,12.369999885559082,12.369999885559082,9.746474266052246,300
2009-09-08,12.369999885559082,12.369999885559082,12.369999885559082,12.369999885559082,9.746474266052246,0
2009-09-09,12.369999885559082,12.369999885559082,12.369999885559082,12.369999885559082,9.746474266052246,0
2009-09-10,12.369999885559082,12.369999885559082,12.369999885559082,12.369999885559082,9.746474266052246,0
2009-09-11,13.0,13.050000190734863,12.600000381469727,13.050000190734863,10.282248497009277,1000
2009-09-14,13.050000190734863,13.050000190734863,13.050000190734863,13.050000190734863,10.282248497009277,0
2009-09-15,13.350000381469727,13.5,13.350000381469727,13.5,10.636813163757324,2100
2009-09-16,13.899999618530273,13.899999618530273,13.5,13.5,10.636813163757324,2100
2009-09-17,13.989999771118164,13.989999771118164,13.989999771118164,13.989999771118164,11.022887229919434,300
2009-09-18,13.970000267028809,13.989999771118164,13.970000267028809,13.989999771118164,11.022887229919434,400
2009-09-21,13.6899995803833,13.6899995803833,13.6899995803833,13.6899995803833,10.78650951385498,100
2009-09-22,13.6899995803833,13.6899995803833,13.6899995803833,13.6899995803833,10.78650951385498,0
2009-09-23,13.6899995803833,13.6899995803833,13.6899995803833,13.6899995803833,10.78650951385498,0
2009-09-24,14.0,14.0,14.0,14.0,11.030768394470215,200
2009-09-25,13.6899995803833,13.6899995803833,13.6899995803833,13.6899995803833,10.78650951385498,200
2009-09-28,13.6899995803833,13.6899995803833,13.6899995803833,13.6899995803833,10.80229663848877,0
2009-09-29,13.369999885559082,13.369999885559082,13.079999923706055,13.199999809265137,10.41565227508545,400
2009-09-30,12.899999618530273,12.989999771118164,12.640000343322754,12.989999771118164,10.249951362609863,700
2009-10-01,13.020000457763672,13.020000457763672,13.020000457763672,13.020000457763672,10.273619651794434,300
2009-10-02,13.020000457763672,13.020000457763672,13.020000457763672,13.020000457763672,10.273619651794434,200
2009-10-05,13.319999694824219,13.319999694824219,13.319999694824219,13.319999694824219,10.510342597961426,400
2009-10-06,13.5,13.5,13.5,13.5,10.652376174926758,200
2009-10-07,13.619999885559082,14.069999694824219,13.619999885559082,14.069999694824219,11.10213851928711,300
2009-10-08,14.069999694824219,14.069999694824219,14.069999694824219,14.069999694824219,11.10213851928711,0
2009-10-09,14.0,14.899999618530273,14.0,14.449999809265137,11.401986122131348,1100
2009-10-12,14.449999809265137,14.449999809265137,14.449999809265137,14.449999809265137,11.401986122131348,0
2009-10-13,14.5,14.5,14.149999618530273,14.149999618530273,11.165260314941406,2100
2009-10-14,14.449999809265137,14.449999809265137,14.449999809265137,14.449999809265137,11.401986122131348,1300
2009-10-15,14.40999984741211,14.649999618530273,14.40999984741211,14.649999618530273,11.55980396270752,3100
2009-10-16,14.609999656677246,14.609999656677246,14.199999809265137,14.210000038146973,11.212613105773926,1400
2009-10-19,14.210000038146973,14.210000038146973,14.210000038146973,14.210000038146973,11.212613105773926,0
2009-10-20,14.680000305175781,14.899999618530273,14.34000015258789,14.899999618530273,11.757061004638672,1400
2009-10-21,15.0,15.300000190734863,14.449999809265137,15.300000190734863,12.072686195373535,1400
2009-10-22,14.899999618530273,14.979999542236328,14.470000267028809,14.470000267028809,11.417764663696289,700
2009-10-23,14.470000267028809,14.470000267028809,14.470000267028809,14.470000267028809,11.417764663696289,0
2009-10-26,14.5,14.5,14.5,14.5,11.44144058227539,1800
2009-10-27,14.5,14.5,14.5,14.5,11.44144058227539,0
2009-10-28,14.229999542236328,14.5,14.180000305175781,14.5,11.456448554992676,2600
2009-10-29,14.5,14.5,14.5,14.5,11.456448554992676,2000
2009-10-30,14.5,14.5,14.5,14.5,11.456448554992676,0
2009-11-02,14.5,14.5,14.5,14.5,11.456448554992676,1000
2009-11-03,14.5,14.5,14.5,14.5,11.456448554992676,0
2009-11-04,14.789999961853027,14.859999656677246,14.789999961853027,14.800000190734863,11.693472862243652,2400
2009-11-05,14.720000267028809,14.8100004196167,14.720000267028809,14.800000190734863,11.693472862243652,600
2009-11-06,14.880000114440918,14.899999618530273,14.880000114440918,14.899999618530273,11.77248477935791,800
2009-11-09,14.859999656677246,14.859999656677246,14.550000190734863,14.550000190734863,11.495956420898438,200
2009-11-10,14.8100004196167,14.819999694824219,14.550000190734863,14.819999694824219,11.709275245666504,1500
2009-11-11,14.890000343322754,14.890000343322754,14.619999885559082,14.880000114440918,11.756691932678223,2200
2009-11-12,14.680000305175781,14.890000343322754,14.680000305175781,14.890000343322754,11.764588356018066,500
2009-11-13,14.890000343322754,14.890000343322754,14.819999694824219,14.819999694824219,11.709275245666504,2500
2009-11-16,14.84000015258789,14.899999618530273,14.649999618530273,14.75,11.653979301452637,5300
2009-11-17,14.75,14.75,14.75,14.75,11.653979301452637,300
2009-11-18,14.819999694824219,14.819999694824219,14.819999694824219,14.819999694824219,11.709275245666504,100
2009-11-19,14.90999984741211,14.90999984741211,14.729999542236328,14.729999542236328,11.638175010681152,700
2009-11-20,14.729999542236328,14.729999542236328,14.729999542236328,14.729999542236328,11.638175010681152,0
2009-11-23,14.779999732971191,14.899999618530273,14.770000457763672,14.8100004196167,11.701384544372559,5100
2009-11-24,14.90999984741211,14.90999984741211,14.65999984741211,14.90999984741211,11.780389785766602,1400
2009-11-25,14.890000343322754,14.890000343322754,14.760000228881836,14.760000228881836,11.6759672164917,200
2009-11-27,14.739999771118164,14.739999771118164,14.739999771118164,14.739999771118164,11.660150527954102,100
2009-11-30,14.8100004196167,14.84000015258789,14.75,14.75,11.66806411743164,500
2009-12-01,14.779999732971191,14.899999618530273,14.529999732971191,14.899999618530273,11.78671646118164,2000
2009-12-02,14.869999885559082,14.869999885559082,14.869999885559082,14.869999885559082,11.762989044189453,100
2009-12-03,14.699999809265137,14.899999618530273,14.59000015258789,14.899999618530273,11.78671646118164,2100
2009-12-04,14.899999618530273,14.899999618530273,14.899999618530273,14.899999618530273,11.78671646118164,300
2009-12-07,14.90999984741211,14.90999984741211,14.75,14.890000343322754,11.778807640075684,2800
2009-12-08,14.859999656677246,14.859999656677246,14.859999656677246,14.859999656677246,11.755074501037598,100
2009-12-09,14.739999771118164,14.739999771118164,14.520000457763672,14.520000457763672,11.486116409301758,700
2009-12-10,14.739999771118164,14.90999984741211,14.5600004196167,14.90999984741211,11.794629096984863,7100
2009-12-11,14.90999984741211,14.90999984741211,14.90999984741211,14.90999984741211,11.794629096984863,0
2009-12-14,15.0,15.0,14.859999656677246,15.0,11.865822792053223,2600
2009-12-15,15.069999694824219,15.069999694824219,15.0,15.0,11.865822792053223,1500
2009-12-16,14.979999542236328,15.0,14.949999809265137,15.0,11.865822792053223,1300
2009-12-17,14.899999618530273,15.0,14.869999885559082,14.869999885559082,11.762989044189453,1200
2009-12-18,14.75,14.75,14.649999618530273,14.699999809265137,11.628503799438477,1000
2009-12-21,14.760000228881836,15.010000228881836,14.039999961853027,15.010000228881836,11.873737335205078,5400
2009-12-22,15.010000228881836,15.010000228881836,15.010000228881836,15.010000228881836,11.873737335205078,0
2009-12-23,15.25,15.369999885559082,15.25,15.369999885559082,12.158514976501465,2400
2009-12-24,15.390000343322754,15.390000343322754,15.390000343322754,15.390000343322754,12.174335479736328,600
2009-12-28,15.6899995803833,15.6899995803833,15.6899995803833,15.6899995803833,12.411653518676758,100
2009-12-29,15.390000343322754,16.0,15.390000343322754,16.0,12.67141342163086,300
2009-12-30,17.5,18.0,17.5,17.5,13.859362602233887,1600
2009-12-31,17.15999984741211,17.15999984741211,16.799999237060547,16.799999237060547,13.304980278015137,600
2010-01-04,16.600000381469727,16.690000534057617,16.600000381469727,16.68000030517578,13.20995044708252,2500
2010-01-05,16.600000381469727,16.600000381469727,16.600000381469727,16.600000381469727,13.146595001220703,1000
2010-01-06,16.75,16.75,16.75,16.75,13.265382766723633,1100
2010-01-07,16.84000015258789,16.8700008392334,16.84000015258789,16.8700008392334,13.360424995422363,200
2010-01-08,16.889999389648438,17.020000457763672,16.889999389648438,17.0,13.463374137878418,1300
2010-01-11,16.799999237060547,16.809999465942383,16.790000915527344,16.799999237060547,13.304980278015137,1700
2010-01-12,16.84000015258789,16.950000762939453,16.75,16.950000762939453,13.423781394958496,2800
2010-01-13,17.0,17.010000228881836,16.959999084472656,17.010000228881836,13.471296310424805,800
2010-01-14,17.010000228881836,17.049999237060547,16.75,16.989999771118164,13.455462455749512,1900
2010-01-15,16.950000762939453,17.600000381469727,16.950000762939453,17.190000534057617,13.613850593566895,4300
2010-01-19,17.700000762939453,17.700000762939453,16.780000686645508,16.989999771118164,13.455462455749512,2800
2010-01-20,16.989999771118164,17.020000457763672,16.920000076293945,16.920000076293945,13.400022506713867,3600
2010-01-21,16.920000076293945,16.920000076293945,16.920000076293945,16.920000076293945,13.400022506713867,0
2010-01-22,16.950000762939453,17.149999618530273,16.950000762939453,17.049999237060547,13.502970695495605,2000
2010-01-25,17.020000457763672,17.139999389648438,17.0,17.0,13.463374137878418,3200
2010-01-26,16.989999771118164,16.989999771118164,16.950000762939453,16.950000762939453,13.423781394958496,1200
2010-01-27,16.889999389648438,16.979999542236328,16.729999542236328,16.729999542236328,13.264415740966797,4900
2010-01-28,16.5,16.950000762939453,16.5,16.950000762939453,13.438848495483398,1400
2010-01-29,16.940000534057617,17.0,16.940000534057617,17.0,13.478487968444824,1000
2010-02-01,16.950000762939453,16.950000762939453,16.709999084472656,16.709999084472656,13.24856185913086,1800
2010-02-02,16.799999237060547,17.049999237060547,16.780000686645508,16.790000915527344,13.311993598937988,6400
2010-02-03,16.829999923706055,17.209999084472656,16.829999923706055,17.09000015258789,13.549843788146973,8600
2010-02-04,17.0,17.1200008392334,16.799999237060547,16.860000610351562,13.367494583129883,7900
2010-02-05,16.739999771118164,17.0,16.549999237060547,16.549999237060547,13.12170124053955,11000
2010-02-08,16.459999084472656,16.600000381469727,16.459999084472656,16.549999237060547,13.12170124053955,800
2010-02-09,16.649999618530273,16.950000762939453,16.649999618530273,16.700000762939453,13.240632057189941,1900
2010-02-10,16.700000762939453,16.75,16.6200008392334,16.6200008392334,13.177203178405762,700
2010-02-11,16.670000076293945,16.760000228881836,16.670000076293945,16.75,13.280275344848633,1100
2010-02-12,16.709999084472656,16.760000228881836,16.540000915527344,16.540000915527344,13.113777160644531,2100
2010-02-16,16.350000381469727,16.8700008392334,16.350000381469727,16.8700008392334,13.375415802001953,1600
2010-02-17,16.959999084472656,16.989999771118164,16.600000381469727,16.920000076293945,13.415059089660645,1100
2010-02-18,16.93000030517578,18.209999084472656,16.93000030517578,18.209999084472656,14.437837600708008,4900
2010-02-19,18.110000610351562,18.209999084472656,17.239999771118164,17.75,14.07313060760498,7400
2010-02-22,17.5,17.65999984741211,17.200000762939453,17.200000762939453,13.637054443359375,8100
2010-02-23,17.31999969482422,17.360000610351562,16.860000610351562,17.290000915527344,13.708410263061523,19400
2010-02-24,17.030000686645508,17.190000534057617,16.8700008392334,17.100000381469727,13.5726900100708,2700
2010-02-25,17.020000457763672,17.209999084472656,16.850000381469727,17.0,13.493314743041992,4900
2010-02-26,16.979999542236328,16.979999542236328,16.309999465942383,16.68000030517578,13.239322662353516,5700
2010-03-01,16.68000030517578,16.68000030517578,16.43000030517578,16.649999618530273,13.215506553649902,3500
2010-03-02,16.649999618530273,17.40999984741211,16.399999618530273,17.270000457763672,13.707619667053223,6900
2010-03-03,17.280000686645508,17.600000381469727,17.149999618530273,17.260000228881836,13.699687957763672,4900
2010-03-04,17.280000686645508,18.1299991607666,16.530000686645508,16.530000686645508,13.120259284973145,8100
2010-03-05,16.6299991607666,16.899999618530273,16.549999237060547,16.8700008392334,13.390130043029785,2100
2010-03-08,16.850000381469727,16.850000381469727,16.690000534057617,16.690000534057617,13.247261047363281,700
2010-03-09,16.950000762939453,16.950000762939453,16.950000762939453,16.950000762939453,13.453627586364746,100
2010-03-10,16.600000381469727,17.0,16.600000381469727,16.950000762939453,13.453627586364746,4000
2010-03-11,16.850000381469727,16.950000762939453,16.610000610351562,16.950000762939453,13.453627586364746,2400
2010-03-12,17.09000015258789,17.100000381469727,17.049999237060547,17.100000381469727,13.5726900100708,2100
2010-03-15,17.049999237060547,17.049999237060547,17.049999237060547,17.049999237060547,13.53300666809082,1000
2010-03-16,16.950000762939453,17.100000381469727,16.860000610351562,17.100000381469727,13.5726900100708,1500
2010-03-17,17.100000381469727,17.100000381469727,17.100000381469727,17.100000381469727,13.5726900100708,0
2010-03-18,17.100000381469727,17.100000381469727,17.100000381469727,17.100000381469727,13.5726900100708,0
2010-03-19,17.100000381469727,17.100000381469727,17.100000381469727,17.100000381469727,13.5726900100708,0
2010-03-22,17.049999237060547,17.100000381469727,17.0,17.059999465942383,13.540935516357422,4000
2010-03-23,17.049999237060547,17.049999237060547,16.920000076293945,16.950000762939453,13.453627586364746,5300
2010-03-24,16.8799991607666,16.969999313354492,16.829999923706055,16.8700008392334,13.390130043029785,1000
2010-03-25,16.899999618530273,17.100000381469727,16.899999618530273,17.100000381469727,13.5726900100708,800
2010-03-26,17.0,17.0,16.81999969482422,16.81999969482422,13.350444793701172,1800
2010-03-29,16.799999237060547,16.8799991607666,16.799999237060547,16.8799991607666,13.413217544555664,1000
2010-03-30,16.729999542236328,16.8799991607666,16.600000381469727,16.809999465942383,13.357596397399902,6800
2010-03-31,16.81999969482422,16.8799991607666,16.780000686645508,16.8799991607666,13.413217544555664,5100
2010-04-01,16.950000762939453,16.950000762939453,16.549999237060547,16.84000015258789,13.381437301635742,4800
2010-04-05,16.829999923706055,17.100000381469727,16.75,17.100000381469727,13.58803653717041,8300
2010-04-06,16.8700008392334,17.100000381469727,16.790000915527344,16.90999984741211,13.437061309814453,3200
2010-04-07,16.90999984741211,17.06999969482422,16.81999969482422,17.06999969482422,13.564199447631836,2500
2010-04-08,17.100000381469727,17.450000762939453,17.100000381469727,17.350000381469727,13.786693572998047,1600
2010-04-09,17.149999618530273,17.40999984741211,17.1299991607666,17.25,13.707229614257812,4000
2010-04-12,17.420000076293945,17.709999084472656,17.420000076293945,17.549999237060547,13.945623397827148,500
2010-04-13,17.790000915527344,18.239999771118164,17.780000686645508,18.049999237060547,14.342928886413574,1500
2010-04-14,17.850000381469727,17.850000381469727,17.549999237060547,17.780000686645508,14.128373146057129,1400
2010-04-15,17.600000381469727,17.600000381469727,17.600000381469727,17.600000381469727,13.985350608825684,3700
2010-04-16,17.540000915527344,17.540000915527344,17.360000610351562,17.360000610351562,13.794633865356445,400
2010-04-19,17.5,17.5,17.190000534057617,17.200000762939453,13.667498588562012,2100
2010-04-20,17.270000457763672,17.520000457763672,17.270000457763672,17.5,13.905888557434082,4200
2010-04-21,17.549999237060547,17.549999237060547,17.350000381469727,17.350000381469727,13.786693572998047,2700
2010-04-22,17.350000381469727,17.639999389648438,17.329999923706055,17.350000381469727,13.786693572998047,2800
2010-04-23,17.5,18.25,17.450000762939453,18.0,14.303196907043457,10500
2010-04-26,18.0,18.15999984741211,17.989999771118164,18.059999465942383,14.350878715515137,9200
2010-04-27,18.1200008392334,18.1200008392334,18.1200008392334,18.1200008392334,14.398551940917969,2000
2010-04-28,18.239999771118164,18.43000030517578,18.209999084472656,18.209999084472656,14.486050605773926,400
2010-04-29,18.260000228881836,18.68000030517578,18.260000228881836,18.68000030517578,14.859935760498047,2400
2010-04-30,18.43000030517578,18.68000030517578,18.260000228881836,18.649999618530273,14.83607292175293,7200
2010-05-03,18.420000076293945,18.420000076293945,18.420000076293945,18.420000076293945,14.65311336517334,200
2010-05-04,18.59000015258789,18.68000030517578,18.5,18.68000030517578,14.859935760498047,700
2010-05-05,18.5,18.510000228881836,18.450000762939453,18.450000762939453,14.67697811126709,400
2010-05-06,18.3700008392334,18.5,17.329999923706055,17.329999923706055,13.786014556884766,7400
2010-05-07,17.270000457763672,17.329999923706055,17.06999969482422,17.329999923706055,13.786014556884766,1100
2010-05-10,17.329999923706055,17.329999923706055,17.329999923706055,17.329999923706055,13.786014556884766,0
2010-05-11,17.600000381469727,17.600000381469727,17.600000381469727,17.600000381469727,14.000807762145996,600
2010-05-12,17.520000457763672,17.520000457763672,17.219999313354492,17.219999313354492,13.69851303100586,500
2010-05-13,17.219999313354492,17.219999313354492,17.219999313354492,17.219999313354492,13.69851303100586,0
2010-05-14,17.219999313354492,17.219999313354492,17.219999313354492,17.219999313354492,13.69851303100586,0
2010-05-17,17.399999618530273,17.469999313354492,17.399999618530273,17.469999313354492,13.897384643554688,200
2010-05-18,17.459999084472656,17.56999969482422,17.219999313354492,17.260000228881836,13.730331420898438,1500
2010-05-19,17.520000457763672,17.700000762939453,17.520000457763672,17.700000762939453,14.08035659790039,200
2010-05-20,17.5,17.790000915527344,16.600000381469727,16.600000381469727,13.205304145812988,4200
2010-05-21,16.829999923706055,16.899999618530273,16.829999923706055,16.899999618530273,13.443952560424805,200
2010-05-24,16.899999618530273,16.899999618530273,16.899999618530273,16.899999618530273,13.443952560424805,0
2010-05-25,16.610000610351562,16.610000610351562,16.549999237060547,16.549999237060547,13.165532112121582,1800
2010-05-26,16.280000686645508,16.280000686645508,15.880000114440918,16.049999237060547,12.783221244812012,1300
2010-05-27,16.31999969482422,16.350000381469727,16.31999969482422,16.350000381469727,13.022163391113281,800
2010-05-28,16.549999237060547,16.56999969482422,16.280000686645508,16.559999465942383,13.189421653747559,600
2010-06-01,16.709999084472656,16.709999084472656,16.709999084472656,16.709999084472656,13.308887481689453,200
2010-06-02,16.709999084472656,16.709999084472656,16.709999084472656,16.709999084472656,13.308887481689453,0
2010-06-03,16.610000610351562,16.84000015258789,16.610000610351562,16.649999618530273,13.261098861694336,600
2010-06-04,16.799999237060547,16.799999237060547,16.670000076293945,16.670000076293945,13.277033805847168,400
2010-06-07,16.59000015258789,16.799999237060547,16.5,16.5,13.141632080078125,3400
2010-06-08,16.3799991607666,16.770000457763672,16.3799991607666,16.399999618530273,13.061984062194824,1100
2010-06-09,16.299999237060547,16.700000762939453,16.260000228881836,16.270000457763672,12.958449363708496,2600
2010-06-10,16.329999923706055,16.549999237060547,16.329999923706055,16.549999237060547,13.181455612182617,3400
2010-06-11,16.299999237060547,16.899999618530273,16.299999237060547,16.459999084472656,13.109770774841309,2500
2010-06-14,16.399999618530273,16.690000534057617,16.399999618530273,16.639999389648438,13.253137588500977,2800
2010-06-15,16.450000762939453,16.649999618530273,16.299999237060547,16.309999465942383,12.990301132202148,4100
2010-06-16,16.219999313354492,16.469999313354492,16.219999313354492,16.469999313354492,13.117735862731934,200
2010-06-17,16.25,16.579999923706055,16.25,16.579999923706055,13.205350875854492,5300
2010-06-18,16.31999969482422,16.649999618530273,16.31999969482422,16.649999618530273,13.261098861694336,1900
2010-06-21,16.549999237060547,16.940000534057617,16.549999237060547,16.799999237060547,13.380569458007812,2600
2010-06-22,16.84000015258789,17.059999465942383,16.84000015258789,17.049999237060547,13.579678535461426,1500
2010-06-23,17.299999237060547,17.5,17.149999618530273,17.25,13.738987922668457,1400
2010-06-24,17.75,17.75,17.200000762939453,17.200000762939453,13.699153900146484,1300
2010-06-25,17.299999237060547,17.299999237060547,17.299999237060547,17.299999237060547,13.778800010681152,100
2010-06-28,17.170000076293945,17.170000076293945,17.170000076293945,17.170000076293945,13.691082954406738,100
2010-06-29,17.299999237060547,17.299999237060547,17.1200008392334,17.139999389648438,13.667170524597168,900
2010-06-30,17.1200008392334,17.139999389648438,17.1200008392334,17.1200008392334,13.651226997375488,1100
2010-07-01,16.8700008392334,17.3799991607666,16.719999313354492,16.719999313354492,13.33226490020752,2700
2010-07-02,16.770000457763672,17.049999237060547,16.149999618530273,16.149999618530273,12.877756118774414,9000
2010-07-06,16.600000381469727,16.600000381469727,16.1299991607666,16.280000686645508,12.981417655944824,2000
2010-07-07,16.040000915527344,16.489999771118164,16.040000915527344,16.489999771118164,13.148869514465332,300
2010-07-08,16.649999618530273,16.770000457763672,16.649999618530273,16.75,13.356188774108887,1300
2010-07-09,16.75,16.75,16.75,16.75,13.356188774108887,0
2010-07-12,16.75,16.75,16.75,16.75,13.356188774108887,0
2010-07-13,16.75,16.75,16.75,16.75,13.356188774108887,0
2010-07-14,16.979999542236328,16.979999542236328,16.979999542236328,16.979999542236328,13.539584159851074,900
2010-07-15,16.969999313354492,17.0,16.969999313354492,17.0,13.555534362792969,800
2010-07-16,16.719999313354492,16.719999313354492,16.600000381469727,16.600000381469727,13.23658275604248,700
2010-07-19,16.600000381469727,16.600000381469727,16.600000381469727,16.600000381469727,13.23658275604248,0
2010-07-20,16.600000381469727,16.600000381469727,16.600000381469727,16.600000381469727,13.23658275604248,0
2010-07-21,16.600000381469727,16.600000381469727,16.600000381469727,16.600000381469727,13.23658275604248,0
2010-07-22,16.8700008392334,16.8799991607666,16.8700008392334,16.8799991607666,13.459837913513184,600
2010-07-23,16.8799991607666,16.8799991607666,16.8799991607666,16.8799991607666,13.459837913513184,0
2010-07-26,16.719999313354492,16.719999313354492,16.719999313354492,16.719999313354492,13.33226490020752,100
2010-07-27,16.719999313354492,16.719999313354492,16.5,16.5,13.156843185424805,1500
2010-07-28,16.5,16.5,16.5,16.5,13.172815322875977,2000
2010-07-29,16.5,16.5,16.5,16.5,13.172815322875977,0
2010-07-30,16.0,16.100000381469727,15.930000305175781,16.100000381469727,12.853470802307129,2300
2010-08-02,16.329999923706055,16.350000381469727,16.329999923706055,16.350000381469727,13.053056716918945,300
2010-08-03,16.170000076293945,16.350000381469727,16.170000076293945,16.350000381469727,13.053056716918945,600
2010-08-04,16.5,16.5,16.469999313354492,16.5,13.172815322875977,700
2010-08-05,16.65999984741211,16.65999984741211,16.65999984741211,16.65999984741211,13.300543785095215,500
2010-08-06,16.360000610351562,16.780000686645508,16.350000381469727,16.780000686645508,13.396347045898438,1400
2010-08-09,16.440000534057617,16.440000534057617,16.360000610351562,16.360000610351562,13.061043739318848,400
2010-08-10,16.56999969482422,16.56999969482422,16.530000686645508,16.559999465942383,13.22071361541748,2100
2010-08-11,16.559999465942383,16.559999465942383,16.559999465942383,16.559999465942383,13.22071361541748,0
2010-08-12,16.600000381469727,16.600000381469727,16.600000381469727,16.600000381469727,13.25264835357666,1000
2010-08-13,16.600000381469727,16.600000381469727,16.600000381469727,16.600000381469727,13.25264835357666,0
2010-08-16,16.299999237060547,16.299999237060547,16.15999984741211,16.270000457763672,12.98918628692627,1100
2010-08-17,16.059999465942383,16.059999465942383,15.569999694824219,15.949999809265137,12.73371696472168,3700
2010-08-18,15.949999809265137,15.949999809265137,15.949999809265137,15.949999809265137,12.73371696472168,0
2010-08-19,15.899999618530273,16.200000762939453,15.899999618530273,16.200000762939453,12.933308601379395,1800
2010-08-20,16.450000762939453,16.5,16.450000762939453,16.5,13.172815322875977,600
2010-08-23,16.700000762939453,16.700000762939453,16.700000762939453,16.700000762939453,13.332486152648926,100
2010-08-24,16.610000610351562,16.610000610351562,16.329999923706055,16.329999923706055,13.037091255187988,1200
2010-08-25,16.329999923706055,16.329999923706055,16.329999923706055,16.329999923706055,13.037091255187988,0
2010-08-26,16.15999984741211,16.600000381469727,16.15999984741211,16.600000381469727,13.25264835357666,800
2010-08-27,16.280000686645508,16.5,16.06999969482422,16.3799991607666,13.092784881591797,1600
2010-08-30,16.3799991607666,16.3799991607666,16.3799991607666,16.3799991607666,13.092784881591797,0
2010-08-31,16.399999618530273,16.399999618530273,16.399999618530273,16.399999618530273,13.108766555786133,200
2010-09-01,16.559999465942383,16.950000762939453,16.559999465942383,16.950000762939453,13.548393249511719,600
2010-09-02,16.700000762939453,17.0,16.649999618530273,17.0,13.588363647460938,2400
2010-09-03,17.0,17.0,17.0,17.0,13.588363647460938,0
2010-09-07,17.149999618530273,17.149999618530273,17.139999389648438,17.139999389648438,13.700264930725098,400
2010-09-08,17.149999618530273,17.280000686645508,17.100000381469727,17.100000381469727,13.668291091918945,6800
2010-09-09,17.360000610351562,17.639999389648438,17.360000610351562,17.540000915527344,14.01998519897461,2800
2010-09-10,17.290000915527344,17.290000915527344,17.290000915527344,17.290000915527344,13.820160865783691,200
2010-09-13,17.31999969482422,17.329999923706055,17.31999969482422,17.329999923706055,13.852129936218262,200
2010-09-14,17.280000686645508,17.280000686645508,17.280000686645508,17.280000686645508,13.812163352966309,500
2010-09-15,17.559999465942383,17.579999923706055,17.559999465942383,17.579999923706055,14.051957130432129,300
2010-09-16,17.579999923706055,17.579999923706055,17.579999923706055,17.579999923706055,14.051957130432129,0
2010-09-17,17.489999771118164,17.600000381469727,17.489999771118164,17.600000381469727,14.067955017089844,1100
2010-09-20,17.600000381469727,17.600000381469727,17.600000381469727,17.600000381469727,14.067955017089844,0
2010-09-21,17.600000381469727,17.600000381469727,17.600000381469727,17.600000381469727,14.067955017089844,100
2010-09-22,17.719999313354492,17.739999771118164,17.709999084472656,17.709999084472656,14.155877113342285,600
2010-09-23,17.860000610351562,18.100000381469727,17.719999313354492,17.719999313354492,14.163863182067871,1200
2010-09-24,18.0,18.0,18.0,18.0,14.387679100036621,100
2010-09-27,18.0,18.0,18.0,18.0,14.387679100036621,0
2010-09-28,17.68000030517578,17.68000030517578,17.579999923706055,17.600000381469727,14.083600044250488,2200
2010-09-29,17.639999389648438,17.790000915527344,17.6299991607666,17.6299991607666,14.107603073120117,1700
2010-09-30,17.6299991607666,17.6299991607666,17.6299991607666,17.6299991607666,14.107603073120117,0
2010-10-01,17.6299991607666,17.6299991607666,17.6299991607666,17.6299991607666,14.107603073120117,0
2010-10-04,17.65999984741211,17.84000015258789,17.65999984741211,17.84000015258789,14.275640487670898,1400
2010-10-05,17.84000015258789,17.84000015258789,17.84000015258789,17.84000015258789,14.275640487670898,0
2010-10-06,17.809999465942383,17.850000381469727,17.770000457763672,17.850000381469727,14.28364372253418,900
2010-10-07,17.719999313354492,18.049999237060547,17.719999313354492,18.049999237060547,14.443683624267578,2000
2010-10-08,18.049999237060547,18.049999237060547,18.049999237060547,18.049999237060547,14.443683624267578,0
2010-10-11,18.049999237060547,18.049999237060547,18.049999237060547,18.049999237060547,14.443683624267578,0
2010-10-12,18.049999237060547,18.049999237060547,18.049999237060547,18.049999237060547,14.443683624267578,0
2010-10-13,18.049999237060547,18.049999237060547,18.049999237060547,18.049999237060547,14.443683624267578,0
2010-10-14,18.329999923706055,18.329999923706055,17.670000076293945,17.739999771118164,14.195625305175781,2800
2010-10-15,17.6200008392334,17.6200008392334,17.59000015258789,17.59000015258789,14.075593948364258,2500
2010-10-18,17.579999923706055,17.59000015258789,17.520000457763672,17.59000015258789,14.075593948364258,1400
2010-10-19,17.5,17.5,17.450000762939453,17.5,14.003569602966309,900
2010-10-20,17.270000457763672,17.299999237060547,16.770000457763672,17.299999237060547,13.843536376953125,3200
2010-10-21,17.31999969482422,17.450000762939453,17.1200008392334,17.450000762939453,13.963563919067383,1300
2010-10-22,17.59000015258789,17.59000015258789,17.5,17.5,14.003569602966309,2000
2010-10-25,17.399999618530273,17.399999618530273,17.389999389648438,17.399999618530273,13.923561096191406,1000
2010-10-26,17.399999618530273,17.600000381469727,17.399999618530273,17.600000381469727,14.083600044250488,600
2010-10-27,17.600000381469727,18.170000076293945,17.600000381469727,18.09000015258789,14.492158889770508,2200
2010-10-28,18.049999237060547,18.049999237060547,17.600000381469727,17.600000381469727,14.099617958068848,1500
2010-10-29,17.600000381469727,17.600000381469727,17.5,17.5,14.019510269165039,1400
2010-11-01,17.5,17.649999618530273,17.469999313354492,17.469999313354492,13.995478630065918,2900
2010-11-02,17.329999923706055,17.329999923706055,17.18000030517578,17.200000762939453,13.779170989990234,3600
2010-11-03,17.0,17.489999771118164,16.899999618530273,16.93000030517578,13.562875747680664,7600
2010-11-04,17.649999618530273,17.700000762939453,16.950000762939453,16.950000762939453,13.578899383544922,3700
2010-11-05,17.25,17.25,17.25,17.25,13.819228172302246,100
2010-11-08,17.25,17.25,17.25,17.25,13.819228172302246,0
2010-11-09,17.219999313354492,18.010000228881836,17.219999313354492,18.010000228881836,14.428068161010742,1700
2010-11-10,17.639999389648438,17.639999389648438,17.420000076293945,17.43000030517578,13.96342658996582,300
2010-11-11,17.540000915527344,17.540000915527344,17.540000915527344,17.540000915527344,14.051554679870605,100
2010-11-12,17.459999084472656,17.600000381469727,17.459999084472656,17.600000381469727,14.099617958068848,900
2010-11-15,17.600000381469727,17.600000381469727,17.600000381469727,17.600000381469727,14.099617958068848,0
2010-11-16,17.600000381469727,17.600000381469727,17.600000381469727,17.600000381469727,14.099617958068848,0
2010-11-17,18.020000457763672,18.020000457763672,18.020000457763672,18.020000457763672,14.436092376708984,100
2010-11-18,17.899999618530273,17.899999618530273,17.719999313354492,17.719999313354492,14.195757865905762,600
2010-11-19,17.700000762939453,17.700000762939453,17.700000762939453,17.700000762939453,14.17972469329834,100
2010-11-22,17.700000762939453,17.700000762939453,17.690000534057617,17.700000762939453,14.17972469329834,1000
2010-11-23,17.40999984741211,17.40999984741211,17.40999984741211,17.40999984741211,13.947402000427246,100
2010-11-24,17.40999984741211,17.40999984741211,17.40999984741211,17.40999984741211,13.947402000427246,0
2010-11-26,17.329999923706055,17.350000381469727,17.329999923706055,17.329999923706055,13.898478507995605,1900
2010-11-29,17.34000015258789,17.34000015258789,16.889999389648438,16.889999389648438,13.545598030090332,3500
2010-11-30,16.889999389648438,16.889999389648438,16.889999389648438,16.889999389648438,13.545598030090332,0
2010-12-01,17.1200008392334,17.170000076293945,17.100000381469727,17.170000076293945,13.770173072814941,900
2010-12-02,17.469999313354492,17.690000534057617,17.299999237060547,17.299999237060547,13.874420166015625,600
2010-12-03,17.299999237060547,17.299999237060547,17.299999237060547,17.299999237060547,13.874420166015625,0
2010-12-06,17.299999237060547,17.299999237060547,17.299999237060547,17.299999237060547,13.874420166015625,0
2010-12-07,17.770000457763672,18.219999313354492,17.770000457763672,18.219999313354492,14.612248420715332,500
2010-12-08,18.219999313354492,18.219999313354492,18.219999313354492,18.219999313354492,14.612248420715332,0
2010-12-09,18.219999313354492,18.219999313354492,18.219999313354492,18.219999313354492,14.612248420715332,0
2010-12-10,18.219999313354492,18.219999313354492,18.219999313354492,18.219999313354492,14.612248420715332,0
2010-12-13,18.219999313354492,18.219999313354492,18.219999313354492,18.219999313354492,14.612248420715332,0
2010-12-14,18.06999969482422,18.25,18.06999969482422,18.25,14.636319160461426,500
2010-12-15,18.25,18.25,18.25,18.25,14.636319160461426,0
2010-12-16,18.25,18.25,18.25,18.25,14.636319160461426,0
2010-12-17,18.25,18.25,18.25,18.25,14.636319160461426,0
2010-12-20,18.25,18.25,18.25,18.25,14.636319160461426,0
2010-12-21,18.25,18.25,18.25,18.25,14.636319160461426,0
2010-12-22,17.770000457763672,17.790000915527344,17.299999237060547,17.790000915527344,14.267399787902832,1200
2010-12-23,17.790000915527344,17.790000915527344,17.790000915527344,17.790000915527344,14.267399787902832,0
2010-12-27,17.049999237060547,17.25,16.719999313354492,17.25,13.834327697753906,2700
2010-12-28,17.190000534057617,17.190000534057617,17.190000534057617,17.190000534057617,13.786206245422363,100
2010-12-29,16.920000076293945,16.920000076293945,16.790000915527344,16.790000915527344,13.481103897094727,200
2010-12-30,17.09000015258789,17.399999618530273,17.09000015258789,17.399999618530273,13.970871925354004,700
2010-12-31,17.399999618530273,17.399999618530273,17.399999618530273,17.399999618530273,13.970871925354004,0
2011-01-03,17.399999618530273,17.399999618530273,17.399999618530273,17.399999618530273,13.970871925354004,0
2011-01-04,17.110000610351562,17.110000610351562,16.90999984741211,16.920000076293945,13.58547592163086,600
2011-01-05,16.920000076293945,16.920000076293945,16.920000076293945,16.920000076293945,13.58547592163086,0
2011-01-06,16.920000076293945,16.920000076293945,16.920000076293945,16.920000076293945,13.58547592163086,0
2011-01-07,16.780000686645508,17.0,16.729999542236328,17.0,13.649715423583984,4800
2011-01-10,17.0,17.0,17.0,17.0,13.649715423583984,100
2011-01-11,17.0,17.0,17.0,17.0,13.649715423583984,0
2011-01-12,16.829999923706055,16.940000534057617,16.75,16.940000534057617,13.601532936096191,800
2011-01-13,17.040000915527344,17.040000915527344,17.040000915527344,17.040000915527344,13.681824684143066,300
2011-01-14,17.100000381469727,17.239999771118164,17.100000381469727,17.239999771118164,13.842411994934082,2300
2011-01-18,17.219999313354492,17.219999313354492,16.920000076293945,17.100000381469727,13.730005264282227,1000
2011-01-19,17.149999618530273,17.149999618530273,17.149999618530273,17.149999618530273,13.770143508911133,400
2011-01-20,16.959999084472656,16.959999084472656,16.959999084472656,16.959999084472656,13.617599487304688,1200
2011-01-21,17.09000015258789,17.100000381469727,17.09000015258789,17.100000381469727,13.730005264282227,400
2011-01-24,17.100000381469727,17.100000381469727,17.100000381469727,17.100000381469727,13.730005264282227,500
2011-01-25,17.149999618530273,17.149999618530273,16.690000534057617,16.850000381469727,13.529271125793457,3800
2011-01-26,16.850000381469727,16.850000381469727,16.850000381469727,16.850000381469727,13.529271125793457,0
2011-01-27,16.850000381469727,16.850000381469727,16.850000381469727,16.850000381469727,13.545348167419434,0
2011-01-28,17.110000610351562,18.0,17.110000610351562,18.0,14.46981143951416,900
2011-01-31,17.68000030517578,18.100000381469727,17.68000030517578,18.100000381469727,14.550201416015625,1200
2011-02-01,18.100000381469727,18.100000381469727,18.100000381469727,18.100000381469727,14.550201416015625,0
2011-02-02,17.979999542236328,17.979999542236328,17.979999542236328,17.979999542236328,14.45372200012207,200
2011-02-03,18.0,18.0,18.0,18.0,14.46981143951416,100
2011-02-04,18.0,18.0,18.0,18.0,14.46981143951416,0
2011-02-07,18.0,18.0,18.0,18.0,14.46981143951416,0
2011-02-08,18.0,18.0,18.0,18.0,14.46981143951416,0
2011-02-09,18.239999771118164,18.25,18.239999771118164,18.25,14.670780181884766,200
2011-02-10,18.25,18.25,18.25,18.25,14.670780181884766,0
2011-02-11,18.25,18.25,18.25,18.25,14.670780181884766,0
2011-02-14,18.25,18.34000015258789,18.25,18.25,14.670780181884766,900
2011-02-15,18.25,18.25,18.25,18.25,14.670780181884766,0
2011-02-16,18.639999389648438,19.190000534057617,18.639999389648438,19.190000534057617,15.426420211791992,14100
2011-02-17,19.149999618530273,19.149999618530273,18.809999465942383,18.809999465942383,15.120944023132324,5600
2011-02-18,19.0,19.0,18.81999969482422,18.81999969482422,15.128990173339844,900
2011-02-22,19.170000076293945,19.239999771118164,19.170000076293945,19.239999771118164,15.466609954833984,2700
2011-02-23,19.229999542236328,19.239999771118164,19.229999542236328,19.239999771118164,15.466609954833984,700
2011-02-24,19.170000076293945,19.170000076293945,18.440000534057617,18.549999237060547,14.927456855773926,1000
2011-02-25,18.81999969482422,19.190000534057617,18.799999237060547,18.850000381469727,15.168877601623535,1700
2011-02-28,19.139999389648438,19.139999389648438,18.829999923706055,18.850000381469727,15.168877601623535,1300
2011-03-01,19.139999389648438,19.139999389648438,19.139999389648438,19.139999389648438,15.402246475219727,400
2011-03-02,18.649999618530273,18.760000228881836,18.649999618530273,18.760000228881836,15.096447944641113,400
2011-03-03,19.200000762939453,19.239999771118164,19.200000762939453,19.239999771118164,15.482708930969238,1500
2011-03-04,19.239999771118164,19.239999771118164,19.239999771118164,19.239999771118164,15.482708930969238,2000
2011-03-07,19.239999771118164,19.989999771118164,19.229999542236328,19.989999771118164,16.08624267578125,2900
2011-03-08,19.549999237060547,19.549999237060547,19.549999237060547,19.549999237060547,15.732169151306152,500
2011-03-09,19.979999542236328,19.989999771118164,19.979999542236328,19.989999771118164,16.08624267578125,600
2011-03-10,19.75,19.75,19.1200008392334,19.1200008392334,15.386139869689941,700
2011-03-11,19.799999237060547,19.799999237060547,19.299999237060547,19.299999237060547,15.530994415283203,500
2011-03-14,19.040000915527344,19.040000915527344,19.040000915527344,19.040000915527344,15.321771621704102,100
2011-03-15,19.040000915527344,19.040000915527344,19.040000915527344,19.040000915527344,15.321771621704102,0
2011-03-16,19.040000915527344,19.040000915527344,19.040000915527344,19.040000915527344,15.321771621704102,0
2011-03-17,19.75,19.950000762939453,19.450000762939453,19.5,15.691938400268555,1300
2011-03-18,19.600000381469727,19.889999389648438,19.239999771118164,19.399999618530273,15.611472129821777,1000
2011-03-21,18.920000076293945,18.920000076293945,17.959999084472656,18.760000228881836,15.096447944641113,1400
2011-03-22,18.31999969482422,18.31999969482422,18.31999969482422,18.31999969482422,14.742372512817383,400
2011-03-23,18.329999923706055,18.610000610351562,18.309999465942383,18.610000610351562,14.975741386413574,1000
2011-03-24,18.899999618530273,18.899999618530273,18.170000076293945,18.43000030517578,14.830888748168945,1400
2011-03-25,18.299999237060547,18.889999389648438,18.06999969482422,18.729999542236328,15.07230281829834,1400
2011-03-28,18.729999542236328,18.950000762939453,18.360000610351562,18.950000762939453,15.249346733093262,1100
2011-03-29,19.3700008392334,19.3700008392334,18.479999542236328,18.59000015258789,14.975451469421387,700
2011-03-30,18.989999771118164,18.989999771118164,18.959999084472656,18.959999084472656,15.273509979248047,1400
2011-03-31,18.5,18.5,18.489999771118164,18.489999771118164,14.894896507263184,400
2011-04-01,18.489999771118164,18.489999771118164,18.489999771118164,18.489999771118164,14.894896507263184,0
2011-04-04,18.940000534057617,19.309999465942383,18.809999465942383,18.809999465942383,15.15267276763916,1200
2011-04-05,18.809999465942383,18.809999465942383,18.809999465942383,18.809999465942383,15.15267276763916,0
2011-04-06,18.809999465942383,18.809999465942383,18.809999465942383,18.809999465942383,15.15267276763916,0
2011-04-07,18.56999969482422,18.56999969482422,18.219999313354492,18.219999313354492,14.677392959594727,1400
2011-04-08,18.219999313354492,18.219999313354492,18.219999313354492,18.219999313354492,14.677392959594727,0
2011-04-11,18.219999313354492,18.219999313354492,18.219999313354492,18.219999313354492,14.677392959594727,200
2011-04-12,18.389999389648438,19.149999618530273,18.389999389648438,19.100000381469727,15.386293411254883,1600
2011-04-13,19.3700008392334,19.389999389648438,19.290000915527344,19.290000915527344,15.539339065551758,1100
2011-04-14,19.270000457763672,19.270000457763672,18.700000762939453,18.799999237060547,15.144620895385742,1200
2011-04-15,18.450000762939453,18.5,18.270000457763672,18.5,14.902957916259766,2700
2011-04-18,18.579999923706055,18.579999923706055,18.389999389648438,18.389999389648438,14.814334869384766,400
2011-04-19,18.31999969482422,18.389999389648438,18.0,18.3700008392334,14.79822826385498,3800
2011-04-20,18.229999542236328,18.229999542236328,18.229999542236328,18.229999542236328,14.685455322265625,100
2011-04-21,18.100000381469727,18.100000381469727,18.100000381469727,18.100000381469727,14.580721855163574,100
2011-04-25,18.100000381469727,18.100000381469727,18.100000381469727,18.100000381469727,14.580721855163574,0
2011-04-26,18.100000381469727,18.100000381469727,18.100000381469727,18.100000381469727,14.580721855163574,0
2011-04-27,18.100000381469727,18.100000381469727,18.100000381469727,18.100000381469727,14.596047401428223,0
2011-04-28,18.100000381469727,18.100000381469727,18.100000381469727,18.100000381469727,14.596047401428223,0
2011-04-29,18.100000381469727,18.200000762939453,17.979999542236328,18.200000762939453,14.676690101623535,1600
2011-05-02,18.290000915527344,18.290000915527344,18.280000686645508,18.290000915527344,14.74926471710205,1600
2011-05-03,18.600000381469727,18.84000015258789,18.600000381469727,18.84000015258789,15.192777633666992,500
2011-05-04,18.84000015258789,18.84000015258789,18.84000015258789,18.84000015258789,15.192777633666992,0
2011-05-05,18.84000015258789,18.84000015258789,18.84000015258789,18.84000015258789,15.192777633666992,0
2011-05-06,18.829999923706055,19.06999969482422,18.829999923706055,19.06999969482422,15.378260612487793,600
2011-05-09,18.690000534057617,18.889999389648438,18.34000015258789,18.809999465942383,15.168596267700195,1400
2011-05-10,18.809999465942383,18.809999465942383,18.809999465942383,18.809999465942383,15.168596267700195,0
2011-05-11,18.809999465942383,18.809999465942383,18.809999465942383,18.809999465942383,15.168596267700195,0
2011-05-12,19.299999237060547,19.389999389648438,19.299999237060547,19.389999389648438,15.636314392089844,1700
2011-05-13,19.110000610351562,19.149999618530273,19.110000610351562,19.149999618530273,15.442789077758789,300
2011-05-16,19.600000381469727,19.950000762939453,19.600000381469727,19.889999389648438,16.039522171020508,2400
2011-05-17,19.510000228881836,19.559999465942383,19.5,19.510000228881836,15.733085632324219,1200
2011-05-18,19.600000381469727,19.600000381469727,19.510000228881836,19.510000228881836,15.733085632324219,1700
2011-05-19,19.200000762939453,19.200000762939453,19.059999465942383,19.059999465942383,15.37020206451416,900
2011-05-20,19.059999465942383,19.059999465942383,19.059999465942383,19.059999465942383,15.37020206451416,0
2011-05-23,19.059999465942383,19.059999465942383,19.059999465942383,19.059999465942383,15.37020206451416,0
2011-05-24,19.049999237060547,19.049999237060547,18.899999618530273,18.899999618530273,15.241177558898926,1500
2011-05-25,18.899999618530273,18.899999618530273,18.899999618530273,18.899999618530273,15.241177558898926,0
2011-05-26,18.899999618530273,18.899999618530273,18.899999618530273,18.899999618530273,15.255704879760742,0
2011-05-27,18.899999618530273,18.899999618530273,18.899999618530273,18.899999618530273,15.255704879760742,0
2011-05-31,18.530000686645508,18.56999969482422,17.969999313354492,18.56999969482422,14.989335060119629,3600
2011-06-01,18.56999969482422,18.56999969482422,18.56999969482422,18.56999969482422,14.989335060119629,0
2011-06-02,18.270000457763672,18.299999237060547,18.25,18.25,14.731042861938477,3800
2011-06-03,18.610000610351562,18.610000610351562,18.600000381469727,18.600000381469727,15.013557434082031,700
2011-06-06,18.600000381469727,18.600000381469727,18.600000381469727,18.600000381469727,15.013557434082031,0
2011-06-07,18.600000381469727,18.600000381469727,18.600000381469727,18.600000381469727,15.013557434082031,0
2011-06-08,18.139999389648438,18.459999084472656,18.139999389648438,18.459999084472656,14.900548934936523,500
2011-06-09,18.209999084472656,18.450000762939453,18.1299991607666,18.1299991607666,14.63417911529541,2700
2011-06-10,18.18000030517578,18.25,18.18000030517578,18.25,14.731042861938477,400
2011-06-13,18.25,18.25,18.049999237060547,18.229999542236328,14.714895248413086,800
2011-06-14,18.200000762939453,18.200000762939453,18.09000015258789,18.200000762939453,14.690680503845215,2500
2011-06-15,18.079999923706055,18.079999923706055,17.989999771118164,17.989999771118164,14.521173477172852,1400
2011-06-16,18.020000457763672,18.079999923706055,17.989999771118164,18.0,14.529239654541016,900
2011-06-17,18.0,18.280000686645508,18.0,18.049999237060547,14.569605827331543,2100
2011-06-20,18.0,18.0,18.0,18.0,14.529239654541016,500
2011-06-21,18.0,18.0,18.0,18.0,14.529239654541016,0
2011-06-22,18.0,18.0,18.0,18.0,14.529239654541016,0
2011-06-23,18.0,18.0,18.0,18.0,14.529239654541016,0
2011-06-24,18.239999771118164,18.239999771118164,18.0,18.0,14.529239654541016,900
2011-06-27,18.65999984741211,18.65999984741211,18.56999969482422,18.56999969482422,14.989335060119629,200
2011-06-28,18.229999542236328,18.489999771118164,18.100000381469727,18.489999771118164,14.939240455627441,1000
2011-06-29,18.510000228881836,18.799999237060547,18.510000228881836,18.799999237060547,15.189706802368164,1300
2011-06-30,18.350000381469727,19.0,18.350000381469727,19.0,15.351299285888672,900
2011-07-01,19.040000915527344,19.040000915527344,18.3799991607666,18.5,14.947314262390137,1000
2011-07-05,18.3700008392334,18.43000030517578,18.200000762939453,18.43000030517578,14.89076042175293,4700
2011-07-06,18.229999542236328,18.649999618530273,18.229999542236328,18.649999618530273,15.068511962890625,600
2011-07-07,18.389999389648438,18.440000534057617,18.389999389648438,18.440000534057617,14.898847579956055,1200
2011-07-08,18.329999923706055,18.329999923706055,18.299999237060547,18.299999237060547,14.785721778869629,700
2011-07-11,18.049999237060547,18.260000228881836,18.049999237060547,18.260000228881836,14.753408432006836,400
2011-07-12,18.25,18.25,18.239999771118164,18.239999771118164,14.737249374389648,400
2011-07-13,18.239999771118164,18.239999771118164,18.239999771118164,18.239999771118164,14.737249374389648,0
2011-07-14,18.239999771118164,18.239999771118164,18.239999771118164,18.239999771118164,14.737249374389648,0
2011-07-15,18.200000762939453,18.25,18.200000762939453,18.25,14.745335578918457,700
2011-07-18,18.040000915527344,18.239999771118164,18.040000915527344,18.239999771118164,14.737249374389648,1700
2011-07-19,18.139999389648438,18.139999389648438,18.139999389648438,18.139999389648438,14.656455039978027,100
2011-07-20,18.09000015258789,18.09000015258789,18.040000915527344,18.09000015258789,14.61605167388916,1900
2011-07-21,18.040000915527344,18.040000915527344,18.010000228881836,18.010000228881836,14.551414489746094,2000
2011-07-22,18.010000228881836,18.010000228881836,18.010000228881836,18.010000228881836,14.551414489746094,0
2011-07-25,17.969999313354492,18.149999618530273,17.969999313354492,18.149999618530273,14.664531707763672,700
2011-07-26,18.09000015258789,18.09000015258789,18.09000015258789,18.09000015258789,14.61605167388916,100
2011-07-27,18.0,18.0,17.93000030517578,17.93000030517578,14.500410079956055,600
2011-07-28,17.93000030517578,17.93000030517578,17.93000030517578,17.93000030517578,14.500410079956055,0
2011-07-29,18.020000457763672,18.020000457763672,18.020000457763672,18.020000457763672,14.573195457458496,200
2011-08-01,17.969999313354492,18.0,17.969999313354492,18.0,14.557014465332031,1000
2011-08-02,18.030000686645508,18.09000015258789,18.030000686645508,18.049999237060547,14.597454071044922,1000
2011-08-03,18.049999237060547,18.049999237060547,18.049999237060547,18.049999237060547,14.597454071044922,0
2011-08-04,18.049999237060547,18.049999237060547,18.049999237060547,18.049999237060547,14.597454071044922,0
2011-08-05,17.940000534057617,18.0,17.940000534057617,18.0,14.557014465332031,500
2011-08-08,17.93000030517578,17.93000030517578,17.93000030517578,17.93000030517578,14.500410079956055,1100
2011-08-09,17.0,17.0,16.520000457763672,16.520000457763672,13.360105514526367,1000
2011-08-10,16.520000457763672,16.520000457763672,16.520000457763672,16.520000457763672,13.360105514526367,0
2011-08-11,17.0,17.0,16.5,16.5,13.34393310546875,1300
2011-08-12,16.5,16.5,16.5,16.5,13.34393310546875,0
2011-08-15,16.5,16.5,16.280000686645508,16.299999237060547,13.182186126708984,1300
2011-08-16,16.239999771118164,16.5,15.600000381469727,15.600000381469727,12.616085052490234,3000
2011-08-17,16.280000686645508,16.329999923706055,16.25,16.299999237060547,13.182186126708984,5400
2011-08-18,16.31999969482422,16.31999969482422,16.31999969482422,16.31999969482422,13.198362350463867,200
2011-08-19,16.389999389648438,16.450000762939453,16.0,16.450000762939453,13.303495407104492,1400
2011-08-22,16.5,16.5,16.06999969482422,16.3799991607666,13.246891975402832,800
2011-08-23,16.270000457763672,16.760000228881836,16.270000457763672,16.760000228881836,13.554197311401367,600
2011-08-24,16.530000686645508,17.09000015258789,16.270000457763672,17.030000686645508,13.772553443908691,1000
2011-08-25,16.530000686645508,16.920000076293945,16.530000686645508,16.920000076293945,13.683602333068848,200
2011-08-26,16.420000076293945,16.790000915527344,16.020000457763672,16.579999923706055,13.4086332321167,1800
2011-08-29,16.18000030517578,16.18000030517578,15.899999618530273,16.059999465942383,13.002992630004883,1400
2011-08-30,16.360000610351562,16.360000610351562,16.360000610351562,16.360000610351562,13.245889663696289,100
2011-08-31,16.010000228881836,16.420000076293945,16.010000228881836,16.049999237060547,12.994900703430176,500
2011-09-01,16.09000015258789,16.09000015258789,16.0,16.09000015258789,13.027283668518066,800
2011-09-02,15.880000114440918,15.880000114440918,15.829999923706055,15.850000381469727,12.832969665527344,3200
2011-09-06,15.850000381469727,15.949999809265137,15.850000381469727,15.949999809265137,12.913938522338867,1000
2011-09-07,15.449999809265137,15.710000038146973,15.25,15.3100004196167,12.395758628845215,800
2011-09-08,15.210000038146973,15.229999542236328,14.0,15.130000114440918,12.250020980834961,10800
2011-09-09,15.010000228881836,15.180000305175781,15.0,15.180000305175781,12.290499687194824,2400
2011-09-12,15.0,15.0,15.0,15.0,12.144767761230469,1000
2011-09-13,15.100000381469727,15.140000343322754,15.0,15.140000343322754,12.258118629455566,1100
2011-09-14,15.140000343322754,15.279999732971191,15.140000343322754,15.279999732971191,12.371466636657715,1500
2011-09-15,15.239999771118164,15.25,15.239999771118164,15.25,12.347183227539062,1500
2011-09-16,15.020000457763672,15.170000076293945,15.0,15.170000076293945,12.2824125289917,2400
2011-09-19,15.289999961853027,15.460000038146973,15.180000305175781,15.180000305175781,12.290499687194824,3400
2011-09-20,15.149999618530273,15.149999618530273,15.149999618530273,15.149999618530273,12.26621150970459,1900
2011-09-21,15.029999732971191,15.25,15.0,15.25,12.347183227539062,1100
2011-09-22,15.0,15.199999809265137,15.0,15.199999809265137,12.306696891784668,3800
2011-09-23,15.199999809265137,15.199999809265137,15.199999809265137,15.199999809265137,12.306696891784668,0
2011-09-26,15.199999809265137,15.199999809265137,15.199999809265137,15.199999809265137,12.306696891784668,0
2011-09-27,14.779999732971191,15.210000038146973,14.760000228881836,15.210000038146973,12.31479263305664,1800
2011-09-28,15.34000015258789,15.34000015258789,15.34000015258789,15.34000015258789,12.433945655822754,200
2011-09-29,15.430000305175781,15.430000305175781,15.430000305175781,15.430000305175781,12.506895065307617,200
2011-09-30,15.430000305175781,15.430000305175781,15.430000305175781,15.430000305175781,12.506895065307617,0
2011-10-03,15.430000305175781,15.430000305175781,15.430000305175781,15.430000305175781,12.506895065307617,0
2011-10-04,15.430000305175781,15.430000305175781,15.430000305175781,15.430000305175781,12.506895065307617,0
2011-10-05,14.970000267028809,14.970000267028809,14.760000228881836,14.949999809265137,12.117825508117676,500
2011-10-06,14.949999809265137,14.949999809265137,14.949999809265137,14.949999809265137,12.117825508117676,0
2011-10-07,15.0,15.300000190734863,15.0,15.119999885559082,12.255622863769531,1800
2011-10-10,15.119999885559082,15.119999885559082,15.119999885559082,15.119999885559082,12.255622863769531,0
2011-10-11,15.119999885559082,15.119999885559082,15.119999885559082,15.119999885559082,12.255622863769531,0
2011-10-12,15.119999885559082,15.119999885559082,15.119999885559082,15.119999885559082,12.255622863769531,0
2011-10-13,15.119999885559082,15.119999885559082,15.119999885559082,15.119999885559082,12.255622863769531,0
2011-10-14,15.119999885559082,15.119999885559082,15.119999885559082,15.119999885559082,12.255622863769531,0
2011-10-17,15.119999885559082,15.119999885559082,15.119999885559082,15.119999885559082,12.255622863769531,0
2011-10-18,15.119999885559082,15.119999885559082,15.119999885559082,15.119999885559082,12.255622863769531,0
2011-10-19,15.239999771118164,15.25,15.239999771118164,15.25,12.36099910736084,2600
2011-10-20,15.25,15.25,15.25,15.25,12.36099910736084,2100
2011-10-21,15.050000190734863,15.149999618530273,15.050000190734863,15.149999618530273,12.279936790466309,1300
2011-10-24,15.149999618530273,15.149999618530273,15.149999618530273,15.149999618530273,12.279936790466309,0
2011-10-25,15.100000381469727,15.100000381469727,15.100000381469727,15.100000381469727,12.23941421508789,400
2011-10-26,15.100000381469727,15.100000381469727,15.100000381469727,15.100000381469727,12.23941421508789,0
2011-10-27,15.130000114440918,15.149999618530273,15.119999885559082,15.130000114440918,12.27755069732666,1000
2011-10-28,15.239999771118164,16.489999771118164,15.210000038146973,16.489999771118164,13.381150245666504,1200
2011-10-31,15.970000267028809,15.970000267028809,15.899999618530273,15.899999618530273,12.902385711669922,500
2011-11-01,15.899999618530273,15.899999618530273,15.899999618530273,15.899999618530273,12.902385711669922,0
2011-11-02,15.25,15.979999542236328,15.25,15.979999542236328,12.96729564666748,11100
2011-11-03,15.979999542236328,15.979999542236328,15.979999542236328,15.979999542236328,12.96729564666748,100
2011-11-04,15.979999542236328,15.979999542236328,15.979999542236328,15.979999542236328,12.96729564666748,0
2011-11-07,15.979999542236328,15.979999542236328,15.979999542236328,15.979999542236328,12.96729564666748,0
2011-11-08,15.510000228881836,15.960000038146973,15.510000228881836,15.960000038146973,12.951072692871094,400
2011-11-09,15.960000038146973,15.960000038146973,15.960000038146973,15.960000038146973,12.951072692871094,0
2011-11-10,15.489999771118164,15.489999771118164,14.970000267028809,15.0,12.172063827514648,1700
2011-11-11,15.460000038146973,15.460000038146973,15.460000038146973,15.460000038146973,12.545336723327637,100
2011-11-14,15.460000038146973,15.460000038146973,15.460000038146973,15.460000038146973,12.545336723327637,0
2011-11-15,15.489999771118164,15.489999771118164,15.489999771118164,15.489999771118164,12.569680213928223,100
2011-11-16,15.489999771118164,15.489999771118164,15.489999771118164,15.489999771118164,12.569680213928223,0
2011-11-17,15.5,15.5,15.199999809265137,15.199999809265137,12.334352493286133,2400
2011-11-18,15.510000228881836,15.520000457763672,15.050000190734863,15.0600004196167,12.220746040344238,2600
2011-11-21,15.329999923706055,15.34000015258789,15.329999923706055,15.34000015258789,12.447961807250977,600
2011-11-22,15.0600004196167,15.0600004196167,14.949999809265137,15.0,12.172063827514648,2300
2011-11-23,15.0,15.0,15.0,15.0,12.172063827514648,0
2011-11-25,15.140000343322754,15.140000343322754,15.140000343322754,15.140000343322754,12.285661697387695,200
2011-11-28,15.140000343322754,15.140000343322754,15.140000343322754,15.140000343322754,12.299471855163574,0
2011-11-29,15.140000343322754,15.140000343322754,15.140000343322754,15.140000343322754,12.299471855163574,0
2011-11-30,15.140000343322754,15.140000343322754,15.140000343322754,15.140000343322754,12.299471855163574,0
2011-12-01,15.140000343322754,15.140000343322754,15.140000343322754,15.140000343322754,12.299471855163574,0
2011-12-02,15.010000228881836,15.029999732971191,14.989999771118164,15.029999732971191,12.210114479064941,3000
2011-12-05,15.100000381469727,15.180000305175781,14.979999542236328,15.180000305175781,12.3319730758667,4000
2011-12-06,15.180000305175781,15.180000305175781,15.180000305175781,15.180000305175781,12.3319730758667,0
2011-12-07,15.180000305175781,15.180000305175781,15.180000305175781,15.180000305175781,12.3319730758667,0
2011-12-08,15.0,15.0,15.0,15.0,12.185747146606445,300
2011-12-09,15.130000114440918,15.149999618530273,15.130000114440918,15.149999618530273,12.307598114013672,3500
2011-12-12,15.149999618530273,15.149999618530273,15.149999618530273,15.149999618530273,12.307598114013672,0
2011-12-13,15.0,15.010000228881836,14.970000267028809,14.979999542236328,12.16949462890625,10700
2011-12-14,14.949999809265137,14.949999809265137,14.869999885559082,14.869999885559082,12.080131530761719,1200
2011-12-15,14.869999885559082,15.050000190734863,14.869999885559082,15.050000190734863,12.226361274719238,1200
2011-12-16,14.9399995803833,15.0,14.890000343322754,14.890000343322754,12.096382141113281,3300
2011-12-19,14.890000343322754,14.890000343322754,14.890000343322754,14.890000343322754,12.096382141113281,0
2011-12-20,14.890000343322754,14.890000343322754,14.890000343322754,14.890000343322754,12.096382141113281,0
2011-12-21,14.989999771118164,14.989999771118164,14.949999809265137,14.949999809265137,12.145120620727539,600
2011-12-22,14.949999809265137,14.960000038146973,14.949999809265137,14.949999809265137,12.145120620727539,1700
2011-12-23,15.09000015258789,15.149999618530273,14.90999984741211,14.90999984741211,12.112627029418945,400
2011-12-27,14.90999984741211,15.069999694824219,14.859999656677246,14.890000343322754,12.096382141113281,2900
2011-12-28,14.859999656677246,15.0,14.84000015258789,14.949999809265137,12.159002304077148,2800
2011-12-29,14.949999809265137,15.0,14.869999885559082,14.869999885559082,12.093942642211914,1700
2011-12-30,14.920000076293945,14.930000305175781,14.829999923706055,14.84000015258789,12.06954288482666,4800
2012-01-03,14.869999885559082,14.989999771118164,14.789999961853027,14.789999961853027,12.028874397277832,1000
2012-01-04,14.789999961853027,14.789999961853027,14.789999961853027,14.789999961853027,12.028874397277832,0
2012-01-05,14.880000114440918,15.199999809265137,14.880000114440918,15.199999809265137,12.362332344055176,3000
2012-01-06,15.050000190734863,15.539999961853027,15.050000190734863,15.119999885559082,12.297268867492676,1200
2012-01-09,14.899999618530273,15.180000305175781,14.899999618530273,15.180000305175781,12.3460693359375,600
2012-01-10,15.449999809265137,15.449999809265137,14.949999809265137,15.229999542236328,12.386733055114746,400
2012-01-11,14.970000267028809,15.649999618530273,14.970000267028809,15.649999618530273,12.728324890136719,2700
2012-01-12,15.15999984741211,15.350000381469727,15.100000381469727,15.100000381469727,12.281002044677734,400
2012-01-13,15.5,15.5,15.170000076293945,15.300000190734863,12.4436616897583,900
2012-01-17,15.550000190734863,15.550000190734863,14.760000228881836,14.819999694824219,12.053282737731934,5700
2012-01-18,14.9399995803833,15.270000457763672,14.9399995803833,15.270000457763672,12.419264793395996,3200
2012-01-19,15.069999694824219,15.489999771118164,15.069999694824219,15.489999771118164,12.598193168640137,300
2012-01-20,15.489999771118164,15.489999771118164,15.489999771118164,15.489999771118164,12.598193168640137,0
2012-01-23,15.069999694824219,15.069999694824219,15.020000457763672,15.020000457763672,12.215934753417969,300
2012-01-24,15.020000457763672,15.020000457763672,15.020000457763672,15.020000457763672,12.215934753417969,0
2012-01-25,15.020000457763672,15.020000457763672,15.020000457763672,15.020000457763672,12.215934753417969,0
2012-01-26,15.020000457763672,15.020000457763672,15.020000457763672,15.020000457763672,12.215934753417969,0
2012-01-27,15.430000305175781,15.479999542236328,15.430000305175781,15.479999542236328,12.604325294494629,300
2012-01-30,15.479999542236328,15.479999542236328,15.479999542236328,15.479999542236328,12.604325294494629,0
2012-01-31,15.479999542236328,15.479999542236328,15.479999542236328,15.479999542236328,12.604325294494629,0
2012-02-01,15.850000381469727,15.850000381469727,15.850000381469727,15.850000381469727,12.90558910369873,100
2012-02-02,15.850000381469727,15.850000381469727,15.850000381469727,15.850000381469727,12.90558910369873,0
2012-02-03,15.850000381469727,15.850000381469727,15.850000381469727,15.850000381469727,12.90558910369873,0
2012-02-06,15.579999923706055,15.579999923706055,15.5,15.5,12.620610237121582,1000
2012-02-07,15.5,15.5,15.5,15.5,12.620610237121582,0
2012-02-08,15.130000114440918,15.399999618530273,15.109999656677246,15.399999618530273,12.539189338684082,1400
2012-02-09,15.350000381469727,15.5,15.350000381469727,15.5,12.620610237121582,600
2012-02-10,15.720000267028809,15.899999618530273,15.720000267028809,15.84000015258789,12.897448539733887,500
2012-02-13,15.9399995803833,16.0,15.9399995803833,16.0,13.027727127075195,600
2012-02-14,16.0,16.43000030517578,16.0,16.43000030517578,13.377847671508789,1300
2012-02-15,16.299999237060547,16.760000228881836,15.75,16.75,13.638402938842773,1600
2012-02-16,16.75,16.75,16.75,16.75,13.638402938842773,0
2012-02-17,16.75,16.75,16.75,16.75,13.638402938842773,300
2012-02-21,16.309999465942383,16.309999465942383,15.880000114440918,15.880000114440918,12.930020332336426,200
2012-02-22,15.920000076293945,16.299999237060547,15.920000076293945,16.270000457763672,13.247566223144531,8900
2012-02-23,16.420000076293945,16.420000076293945,16.420000076293945,16.420000076293945,13.369704246520996,100
2012-02-24,16.59000015258789,16.59000015258789,16.579999923706055,16.579999923706055,13.499981880187988,300
2012-02-27,16.540000915527344,16.540000915527344,16.530000686645508,16.530000686645508,13.47390079498291,1000
2012-02-28,16.530000686645508,16.530000686645508,16.530000686645508,16.530000686645508,13.47390079498291,100
2012-02-29,16.469999313354492,16.469999313354492,16.469999313354492,16.469999313354492,13.4249906539917,100
2012-03-01,16.469999313354492,16.469999313354492,16.469999313354492,16.469999313354492,13.4249906539917,0
2012-03-02,16.600000381469727,16.600000381469727,16.5,16.5,13.449446678161621,900
2012-03-05,16.020000457763672,16.020000457763672,16.0,16.0,13.041878700256348,1700
2012-03-06,16.270000457763672,16.489999771118164,16.270000457763672,16.489999771118164,13.44129467010498,700
2012-03-07,16.489999771118164,16.489999771118164,16.489999771118164,16.489999771118164,13.44129467010498,0
2012-03-08,16.75,16.75,15.920000076293945,15.949999809265137,13.00113296508789,2000
2012-03-09,16.399999618530273,16.440000534057617,16.399999618530273,16.440000534057617,13.400541305541992,300
2012-03-12,15.960000038146973,16.0,15.960000038146973,16.0,13.041878700256348,600
2012-03-13,16.25,16.399999618530273,16.25,16.399999618530273,13.367932319641113,900
2012-03-14,16.399999618530273,16.399999618530273,16.399999618530273,16.399999618530273,13.367932319641113,0
2012-03-15,16.399999618530273,16.399999618530273,16.399999618530273,16.399999618530273,13.367932319641113,0
2012-03-16,16.0,16.0,16.0,16.0,13.041878700256348,200
2012-03-19,16.010000228881836,16.360000610351562,15.949999809265137,16.360000610351562,13.3353271484375,1300
2012-03-20,16.020000457763672,16.18000030517578,16.020000457763672,16.15999984741211,13.172304153442383,900
2012-03-21,16.030000686645508,16.229999542236328,15.979999542236328,15.979999542236328,13.025581359863281,1900
2012-03-22,15.979999542236328,15.979999542236328,15.979999542236328,15.979999542236328,13.025581359863281,0
2012-03-23,16.1299991607666,16.1299991607666,16.0,16.0,13.041878700256348,1300
2012-03-26,15.989999771118164,16.31999969482422,15.960000038146973,16.25,13.245665550231934,800
2012-03-27,16.020000457763672,16.059999465942383,15.949999809265137,15.949999809265137,13.00113296508789,900
2012-03-28,15.949999809265137,15.949999809265137,15.949999809265137,15.949999809265137,13.016637802124023,700
2012-03-29,15.949999809265137,15.949999809265137,15.949999809265137,15.949999809265137,13.016637802124023,500
2012-03-30,16.0,16.1200008392334,16.0,16.1200008392334,13.155374526977539,400
2012-04-02,16.190000534057617,16.190000534057617,16.190000534057617,16.190000534057617,13.212493896484375,300
2012-04-03,16.25,16.25,16.229999542236328,16.229999542236328,13.245141983032227,1100
2012-04-04,16.229999542236328,16.229999542236328,16.229999542236328,16.229999542236328,13.245141983032227,0
2012-04-05,16.229999542236328,16.229999542236328,16.229999542236328,16.229999542236328,13.245141983032227,0
2012-04-09,16.229999542236328,16.229999542236328,16.229999542236328,16.229999542236328,13.245141983032227,0
2012-04-10,16.229999542236328,16.229999542236328,16.229999542236328,16.229999542236328,13.245141983032227,0
2012-04-11,16.229999542236328,16.229999542236328,16.229999542236328,16.229999542236328,13.245141983032227,0
2012-04-12,16.229999542236328,16.229999542236328,16.229999542236328,16.229999542236328,13.245141983032227,0
2012-04-13,16.229999542236328,16.229999542236328,16.229999542236328,16.229999542236328,13.245141983032227,0
2012-04-16,16.190000534057617,16.229999542236328,16.190000534057617,16.229999542236328,13.245141983032227,1000
2012-04-17,15.949999809265137,16.200000762939453,15.859999656677246,16.190000534057617,13.212493896484375,3000
2012-04-18,16.149999618530273,16.149999618530273,15.859999656677246,15.859999656677246,12.943185806274414,2000
2012-04-19,16.190000534057617,16.190000534057617,15.869999885559082,15.869999885559082,12.951349258422852,900
2012-04-20,15.90999984741211,16.0,15.850000381469727,16.0,13.057435035705566,1800
2012-04-23,16.0,16.0,16.0,16.0,13.057435035705566,0
2012-04-24,16.0,16.0,16.0,16.0,13.057435035705566,0
2012-04-25,16.299999237060547,16.299999237060547,16.299999237060547,16.299999237060547,13.302266120910645,1100
2012-04-26,16.299999237060547,16.299999237060547,16.299999237060547,16.299999237060547,13.316970825195312,0
2012-04-27,16.280000686645508,16.280000686645508,16.25,16.25,13.276129722595215,1400
2012-04-30,16.25,16.25,16.25,16.25,13.276129722595215,0
2012-05-01,16.25,16.25,16.25,16.25,13.276129722595215,0
2012-05-02,16.25,16.25,16.25,16.25,13.276129722595215,0
2012-05-03,16.25,16.25,16.25,16.25,13.276129722595215,0
2012-05-04,16.25,16.25,16.25,16.25,13.276129722595215,0
2012-05-07,16.25,16.25,16.25,16.25,13.276129722595215,0
2012-05-08,16.25,16.25,16.25,16.25,13.276129722595215,0
2012-05-09,16.25,16.25,16.25,16.25,13.276129722595215,0
2012-05-10,16.25,16.25,16.25,16.25,13.276129722595215,0
2012-05-11,16.25,16.25,16.25,16.25,13.276129722595215,0
2012-05-14,16.25,16.25,16.25,16.25,13.276129722595215,0
2012-05-15,16.0,16.0,15.949999809265137,15.949999809265137,13.031026840209961,800
2012-05-16,15.949999809265137,16.149999618530273,15.899999618530273,16.149999618530273,13.194421768188477,4600
2012-05-17,16.149999618530273,16.149999618530273,16.149999618530273,16.149999618530273,13.194421768188477,0
2012-05-18,15.880000114440918,16.1200008392334,15.880000114440918,16.1200008392334,13.169916152954102,900
2012-05-21,16.1200008392334,16.1200008392334,16.1200008392334,16.1200008392334,13.169916152954102,0
2012-05-22,16.1200008392334,16.1200008392334,16.1200008392334,16.1200008392334,13.169916152954102,0
2012-05-23,15.84000015258789,15.84000015258789,15.84000015258789,15.84000015258789,12.941155433654785,800
2012-05-24,15.84000015258789,15.84000015258789,15.829999923706055,15.829999923706055,12.932987213134766,700
2012-05-25,15.680000305175781,15.680000305175781,15.65999984741211,15.65999984741211,12.794096946716309,1100
2012-05-29,15.34000015258789,15.479999542236328,15.34000015258789,15.449999809265137,12.637861251831055,1200
2012-05-30,15.460000038146973,15.460000038146973,15.039999961853027,15.039999961853027,12.30249309539795,700
2012-05-31,14.970000267028809,15.359999656677246,14.970000267028809,15.039999961853027,12.30249309539795,1200
2012-06-01,15.100000381469727,15.100000381469727,14.960000038146973,14.960000038146973,12.237046241760254,3000
2012-06-04,14.960000038146973,14.960000038146973,14.960000038146973,14.960000038146973,12.237046241760254,0
2012-06-05,14.819999694824219,14.829999923706055,14.770000457763672,14.8100004196167,12.114348411560059,2600
2012-06-06,14.8100004196167,14.8100004196167,14.8100004196167,14.8100004196167,12.114348411560059,0
2012-06-07,14.779999732971191,14.869999885559082,14.699999809265137,14.869999885559082,12.16342544555664,6100
2012-06-08,14.869999885559082,14.869999885559082,14.869999885559082,14.869999885559082,12.16342544555664,0
2012-06-11,14.869999885559082,14.869999885559082,14.869999885559082,14.869999885559082,12.16342544555664,0
2012-06-12,15.0600004196167,15.199999809265137,15.0600004196167,15.199999809265137,12.43336296081543,900
2012-06-13,15.0,15.199999809265137,15.0,15.199999809265137,12.43336296081543,2700
2012-06-14,15.470000267028809,15.529999732971191,15.0600004196167,15.0600004196167,12.31884765625,1100
2012-06-15,15.25,15.25,15.069999694824219,15.229999542236328,12.457904815673828,1200
2012-06-18,15.239999771118164,15.279999732971191,15.239999771118164,15.279999732971191,12.49880313873291,1800
2012-06-19,15.699999809265137,15.720000267028809,15.220000267028809,15.220000267028809,12.44973087310791,3200
2012-06-20,15.220000267028809,15.220000267028809,15.220000267028809,15.220000267028809,12.44973087310791,0
2012-06-21,15.220000267028809,15.220000267028809,15.220000267028809,15.220000267028809,12.44973087310791,0
2012-06-22,15.210000038146973,15.220000267028809,15.210000038146973,15.220000267028809,12.44973087310791,1300
2012-06-25,15.220000267028809,15.220000267028809,15.220000267028809,15.220000267028809,12.44973087310791,0
2012-06-26,15.220000267028809,15.220000267028809,15.220000267028809,15.220000267028809,12.44973087310791,0
2012-06-27,15.220000267028809,15.220000267028809,15.220000267028809,15.220000267028809,12.46446704864502,0
2012-06-28,15.220000267028809,15.220000267028809,15.220000267028809,15.220000267028809,12.46446704864502,0
2012-06-29,15.220000267028809,15.220000267028809,15.220000267028809,15.220000267028809,12.46446704864502,0
2012-07-02,15.220000267028809,15.220000267028809,15.220000267028809,15.220000267028809,12.46446704864502,0
2012-07-03,15.220000267028809,15.220000267028809,15.220000267028809,15.220000267028809,12.46446704864502,0
2012-07-05,15.329999923706055,15.350000381469727,15.329999923706055,15.350000381469727,12.570932388305664,500
2012-07-06,15.350000381469727,15.350000381469727,15.350000381469727,15.350000381469727,12.570932388305664,0
2012-07-09,15.3100004196167,15.3100004196167,15.25,15.25,12.489029884338379,1000
2012-07-10,15.399999618530273,15.399999618530273,15.399999618530273,15.399999618530273,12.6118803024292,1000
2012-07-11,15.399999618530273,15.399999618530273,15.399999618530273,15.399999618530273,12.6118803024292,0
2012-07-12,15.399999618530273,15.399999618530273,15.399999618530273,15.399999618530273,12.6118803024292,300
2012-07-13,15.399999618530273,15.399999618530273,15.399999618530273,15.399999618530273,12.6118803024292,4000
2012-07-16,15.65999984741211,16.0,15.65999984741211,15.989999771118164,13.095059394836426,1800
2012-07-17,15.970000267028809,15.970000267028809,15.210000038146973,15.619999885559082,12.792048454284668,9400
2012-07-18,15.699999809265137,15.699999809265137,15.119999885559082,15.119999885559082,12.382572174072266,9800
2012-07-19,15.279999732971191,15.300000190734863,15.109999656677246,15.300000190734863,12.529980659484863,11500
2012-07-20,15.5,15.5,15.270000457763672,15.279999732971191,12.513606071472168,5200
2012-07-23,15.140000343322754,15.140000343322754,15.140000343322754,15.140000343322754,12.398951530456543,800
2012-07-24,15.149999618530273,15.149999618530273,15.100000381469727,15.100000381469727,12.366190910339355,500
2012-07-25,15.300000190734863,15.649999618530273,15.109999656677246,15.210000038146973,12.456279754638672,136700
2012-07-26,15.109999656677246,15.260000228881836,15.109999656677246,15.109999656677246,12.37438678741455,2000
2012-07-27,15.270000457763672,15.460000038146973,15.100000381469727,15.449999809265137,12.668752670288086,1000
2012-07-30,15.260000228881836,15.260000228881836,15.260000228881836,15.260000228881836,12.512958526611328,1000
2012-07-31,15.170000076293945,15.170000076293945,15.149999618530273,15.149999618530273,12.422759056091309,1000
2012-08-01,15.149999618530273,15.149999618530273,15.149999618530273,15.149999618530273,12.422759056091309,0
2012-08-02,15.210000038146973,15.399999618530273,15.210000038146973,15.260000228881836,12.512958526611328,1300
2012-08-03,15.260000228881836,15.260000228881836,15.260000228881836,15.260000228881836,12.512958526611328,0
2012-08-06,15.5,15.5,15.149999618530273,15.149999618530273,12.422759056091309,5800
2012-08-07,15.199999809265137,15.199999809265137,15.199999809265137,15.199999809265137,12.463756561279297,10000
2012-08-08,15.199999809265137,15.199999809265137,15.199999809265137,15.199999809265137,12.463756561279297,0
2012-08-09,15.199999809265137,15.199999809265137,15.199999809265137,15.199999809265137,12.463756561279297,0
2012-08-10,15.199999809265137,15.199999809265137,15.140000343322754,15.140000343322754,12.414562225341797,2100
2012-08-13,15.140000343322754,15.140000343322754,15.140000343322754,15.140000343322754,12.414562225341797,0
2012-08-14,15.140000343322754,15.140000343322754,15.140000343322754,15.140000343322754,12.414562225341797,0
2012-08-15,15.140000343322754,15.140000343322754,15.130000114440918,15.140000343322754,12.414562225341797,1100
2012-08-16,15.0,15.0,15.0,15.0,12.299763679504395,1800
2012-08-17,15.0,15.0,15.0,15.0,12.299763679504395,0
2012-08-20,15.050000190734863,15.220000267028809,15.050000190734863,15.220000267028809,12.480162620544434,2700
2012-08-21,15.220000267028809,15.220000267028809,15.220000267028809,15.220000267028809,12.480162620544434,0
2012-08-22,15.220000267028809,15.220000267028809,15.220000267028809,15.220000267028809,12.480162620544434,0
2012-08-23,15.09000015258789,15.09000015258789,15.079999923706055,15.079999923706055,12.365364074707031,500
2012-08-24,15.229999542236328,15.25,15.09000015258789,15.09000015258789,12.373565673828125,1700
2012-08-27,15.119999885559082,15.119999885559082,15.100000381469727,15.119999885559082,12.398162841796875,700
2012-08-28,15.329999923706055,15.40999984741211,15.329999923706055,15.40999984741211,12.635956764221191,500
2012-08-29,15.399999618530273,15.430000305175781,15.399999618530273,15.40999984741211,12.651558876037598,1300
2012-08-30,15.40999984741211,15.40999984741211,15.40999984741211,15.40999984741211,12.651558876037598,0
2012-08-31,15.40999984741211,15.40999984741211,15.40999984741211,15.40999984741211,12.651558876037598,0
2012-09-04,15.40999984741211,15.40999984741211,15.40999984741211,15.40999984741211,12.651558876037598,0
2012-09-05,15.4399995803833,15.979999542236328,15.399999618530273,15.890000343322754,13.045635223388672,3900
2012-09-06,15.890000343322754,15.890000343322754,15.890000343322754,15.890000343322754,13.045635223388672,0
2012-09-07,15.800000190734863,15.800000190734863,15.800000190734863,15.800000190734863,12.97174072265625,200
2012-09-10,15.800000190734863,15.800000190734863,15.800000190734863,15.800000190734863,12.97174072265625,0
2012-09-11,15.800000190734863,15.800000190734863,15.350000381469727,15.350000381469727,12.60229778289795,700
2012-09-12,15.75,15.890000343322754,15.34000015258789,15.350000381469727,12.60229778289795,3600
2012-09-13,15.350000381469727,15.350000381469727,15.350000381469727,15.350000381469727,12.60229778289795,0
2012-09-14,15.350000381469727,15.949999809265137,15.350000381469727,15.880000114440918,13.037423133850098,12000
2012-09-17,15.850000381469727,15.850000381469727,15.850000381469727,15.850000381469727,13.01279354095459,0
2012-09-18,15.859999656677246,16.229999542236328,15.859999656677246,16.229999542236328,13.324777603149414,2000
2012-09-19,16.100000381469727,16.100000381469727,16.049999237060547,16.049999237060547,13.176992416381836,400
2012-09-20,16.229999542236328,16.270000457763672,15.640000343322754,15.640000343322754,12.840388298034668,5500
2012-09-21,15.640000343322754,15.640000343322754,15.640000343322754,15.640000343322754,12.840388298034668,0
2012-09-24,16.100000381469727,16.100000381469727,15.789999961853027,16.0,13.135943412780762,800
2012-09-25,16.0,16.0,16.0,16.0,13.135943412780762,600
2012-09-26,16.0,16.0,16.0,16.0,13.151562690734863,0
2012-09-27,15.989999771118164,16.459999084472656,15.989999771118164,16.25,13.357053756713867,3800
2012-09-28,16.25,16.25,15.760000228881836,15.760000228881836,12.954282760620117,600
2012-10-01,16.25,16.25,16.25,16.25,13.357053756713867,200
2012-10-02,16.25,16.25,16.25,16.25,13.357053756713867,2400
2012-10-03,16.309999465942383,16.459999084472656,15.960000038146973,15.960000038146973,13.118680000305176,800
2012-10-04,15.960000038146973,15.960000038146973,15.960000038146973,15.960000038146973,13.118680000305176,0
2012-10-05,15.960000038146973,15.960000038146973,15.960000038146973,15.960000038146973,13.118680000305176,0
2012-10-08,15.960000038146973,15.960000038146973,15.960000038146973,15.960000038146973,13.118680000305176,0
2012-10-09,15.960000038146973,15.960000038146973,15.960000038146973,15.960000038146973,13.118680000305176,0
2012-10-10,16.15999984741211,16.459999084472656,16.1299991607666,16.15999984741211,13.283077239990234,1100
2012-10-11,16.43000030517578,16.459999084472656,16.420000076293945,16.420000076293945,13.496792793273926,1000
2012-10-12,16.229999542236328,16.450000762939453,16.100000381469727,16.43000030517578,13.505005836486816,2200
2012-10-15,16.25,16.25,16.25,16.25,13.357053756713867,600
2012-10-16,16.25,16.25,16.25,16.25,13.357053756713867,100
2012-10-17,16.25,16.25,16.06999969482422,16.110000610351562,13.241974830627441,1900
2012-10-18,16.06999969482422,16.06999969482422,15.069999694824219,15.550000190734863,12.781673431396484,28900
2012-10-19,15.5,15.5,15.5,15.5,12.740574836730957,600
2012-10-22,15.529999732971191,15.6899995803833,15.520000457763672,15.6899995803833,12.896743774414062,4600
2012-10-23,15.6899995803833,15.6899995803833,15.6899995803833,15.6899995803833,12.896743774414062,0
2012-10-24,15.5600004196167,15.5600004196167,15.539999961853027,15.539999961853027,12.773454666137695,1000
2012-10-25,15.569999694824219,15.890000343322754,15.5,15.84000015258789,13.020047187805176,1500
2012-10-26,15.84000015258789,15.84000015258789,15.84000015258789,15.84000015258789,13.020047187805176,0
2012-10-31,15.529999732971191,15.5600004196167,15.529999732971191,15.529999732971191,12.765231132507324,1500
2012-11-01,15.539999961853027,15.539999961853027,15.479999542236328,15.479999542236328,12.724138259887695,1100
2012-11-02,15.359999656677246,15.359999656677246,15.359999656677246,15.359999656677246,12.625499725341797,400
2012-11-05,15.359999656677246,15.359999656677246,15.359999656677246,15.359999656677246,12.625499725341797,0
2012-11-06,15.399999618530273,15.399999618530273,15.369999885559082,15.369999885559082,12.633719444274902,700
2012-11-07,15.390000343322754,15.390000343322754,15.390000343322754,15.390000343322754,12.650156021118164,300
2012-11-08,15.390000343322754,15.390000343322754,15.390000343322754,15.390000343322754,12.650156021118164,0
2012-11-09,15.390000343322754,15.390000343322754,15.390000343322754,15.390000343322754,12.650156021118164,0
2012-11-12,15.390000343322754,15.390000343322754,15.390000343322754,15.390000343322754,12.650156021118164,200
2012-11-13,15.380000114440918,15.65999984741211,15.369999885559082,15.369999885559082,12.633719444274902,2300
2012-11-14,15.260000228881836,15.300000190734863,15.260000228881836,15.270000457763672,12.551525115966797,1400
2012-11-15,15.270000457763672,15.609999656677246,15.260000228881836,15.260000228881836,12.543301582336426,900
2012-11-16,15.289999961853027,15.289999961853027,15.25,15.25,12.535076141357422,1000
2012-11-19,15.279999732971191,15.550000190734863,15.25,15.270000457763672,12.551525115966797,3800
2012-11-20,15.329999923706055,15.329999923706055,15.329999923706055,15.329999923706055,12.600841522216797,200
2012-11-21,15.399999618530273,15.399999618530273,15.399999618530273,15.399999618530273,12.658380508422852,100
2012-11-23,15.399999618530273,15.399999618530273,15.399999618530273,15.399999618530273,12.658380508422852,0
2012-11-26,15.319999694824219,15.319999694824219,15.319999694824219,15.319999694824219,12.592622756958008,100
2012-11-27,15.319999694824219,15.319999694824219,15.319999694824219,15.319999694824219,12.592622756958008,0
2012-11-28,15.350000381469727,15.350000381469727,15.350000381469727,15.350000381469727,12.63294792175293,1200
2012-11-29,15.380000114440918,15.380000114440918,15.329999923706055,15.329999923706055,12.616488456726074,400
2012-11-30,15.390000343322754,15.399999618530273,15.390000343322754,15.390000343322754,12.665863990783691,300
2012-12-03,15.579999923706055,15.6899995803833,15.579999923706055,15.6899995803833,12.912761688232422,1000
2012-12-04,15.399999618530273,15.5,15.399999618530273,15.5,12.75639533996582,600
2012-12-05,15.399999618530273,15.489999771118164,15.399999618530273,15.489999771118164,12.748167991638184,800
2012-12-06,15.4399995803833,15.529999732971191,15.4399995803833,15.529999732971191,12.781082153320312,600
2012-12-07,15.529999732971191,15.529999732971191,15.529999732971191,15.529999732971191,12.781082153320312,0
2012-12-10,15.430000305175781,15.510000228881836,15.380000114440918,15.380000114440918,12.65762996673584,1800
2012-12-11,15.4399995803833,15.579999923706055,15.369999885559082,15.40999984741211,12.682327270507812,4400
2012-12-12,15.40999984741211,15.470000267028809,15.40999984741211,15.4399995803833,12.707016944885254,1800
2012-12-13,15.4399995803833,15.4399995803833,15.4399995803833,15.4399995803833,12.707016944885254,0
2012-12-14,15.40999984741211,15.510000228881836,15.399999618530273,15.399999618530273,12.674098014831543,1000
2012-12-17,15.399999618530273,15.399999618530273,15.399999618530273,15.399999618530273,12.674098014831543,1000
2012-12-18,15.369999885559082,15.40999984741211,15.329999923706055,15.329999923706055,12.616488456726074,1200
2012-12-19,15.479999542236328,15.479999542236328,15.449999809265137,15.449999809265137,12.715243339538574,700
2012-12-20,15.350000381469727,15.350000381469727,15.329999923706055,15.329999923706055,12.616488456726074,1600
2012-12-21,15.25,15.479999542236328,15.25,15.279999732971191,12.575338363647461,3200
2012-12-24,15.279999732971191,15.279999732971191,15.279999732971191,15.279999732971191,12.575338363647461,0
2012-12-26,15.300000190734863,15.369999885559082,15.229999542236328,15.229999542236328,12.534188270568848,3800
2012-12-27,15.260000228881836,15.260000228881836,15.25,15.25,12.566325187683105,800
2012-12-28,15.25,15.300000190734863,15.239999771118164,15.239999771118164,12.55808162689209,3100
2012-12-31,15.270000457763672,15.279999732971191,15.229999542236328,15.229999542236328,12.54984188079834,2100
2013-01-02,15.449999809265137,15.449999809265137,15.449999809265137,15.449999809265137,12.731131553649902,200
2013-01-03,15.300000190734863,15.529999732971191,15.300000190734863,15.529999732971191,12.797052383422852,1400
2013-01-04,15.289999961853027,15.460000038146973,15.289999961853027,15.390000343322754,12.681689262390137,1000
2013-01-07,15.3100004196167,15.600000381469727,15.180000305175781,15.25,12.566325187683105,8200
2013-01-08,15.25,15.430000305175781,15.220000267028809,15.239999771118164,12.55808162689209,2800
2013-01-09,15.270000457763672,15.430000305175781,15.210000038146973,15.25,12.566325187683105,7000
2013-01-10,15.300000190734863,15.369999885559082,15.09000015258789,15.369999885559082,12.665203094482422,5800
2013-01-11,15.260000228881836,15.300000190734863,15.229999542236328,15.289999961853027,12.599285125732422,2100
2013-01-14,15.300000190734863,15.359999656677246,15.300000190734863,15.359999656677246,12.656966209411621,500
2013-01-15,15.319999694824219,15.399999618530273,15.319999694824219,15.350000381469727,12.648725509643555,1700
2013-01-16,15.420000076293945,15.470000267028809,15.40999984741211,15.40999984741211,12.69816780090332,1200
2013-01-17,15.470000267028809,15.65999984741211,15.470000267028809,15.5600004196167,12.82177448272705,2700
2013-01-18,15.510000228881836,15.84000015258789,15.4399995803833,15.550000190734863,12.813532829284668,1300
2013-01-22,15.430000305175781,15.479999542236328,15.430000305175781,15.460000038146973,12.739368438720703,1000
2013-01-23,15.579999923706055,15.579999923706055,15.390000343322754,15.390000343322754,12.681689262390137,2300
2013-01-24,15.5600004196167,15.8100004196167,15.5600004196167,15.789999961853027,13.011296272277832,5300
2013-01-25,15.75,16.149999618530273,15.65999984741211,16.149999618530273,13.307947158813477,5500
2013-01-28,16.1200008392334,16.139999389648438,16.110000610351562,16.139999389648438,13.299698829650879,1900
2013-01-29,16.040000915527344,16.040000915527344,16.0,16.0,13.19905948638916,2000
2013-01-30,16.0,16.010000228881836,16.0,16.0,13.19905948638916,5900
2013-01-31,16.139999389648438,16.219999313354492,16.139999389648438,16.219999313354492,13.380547523498535,1000
2013-02-01,16.200000762939453,16.219999313354492,16.200000762939453,16.219999313354492,13.380547523498535,4900
2013-02-04,16.079999923706055,16.219999313354492,16.06999969482422,16.190000534057617,13.355799674987793,1300
2013-02-05,16.110000610351562,16.200000762939453,16.040000915527344,16.100000381469727,13.281554222106934,6000
2013-02-06,16.100000381469727,16.100000381469727,16.100000381469727,16.100000381469727,13.281554222106934,2400
2013-02-07,16.209999084472656,16.209999084472656,16.190000534057617,16.209999084472656,13.372296333312988,1100
2013-02-08,16.209999084472656,16.209999084472656,16.209999084472656,16.209999084472656,13.372296333312988,0
2013-02-11,16.229999542236328,16.450000762939453,15.979999542236328,16.440000534057617,13.562033653259277,4900
2013-02-12,16.43000030517578,16.450000762939453,16.399999618530273,16.399999618530273,13.529036521911621,3400
2013-02-13,16.3799991607666,16.3799991607666,16.350000381469727,16.350000381469727,13.48779010772705,500
2013-02-14,16.350000381469727,16.350000381469727,16.350000381469727,16.350000381469727,13.48779010772705,0
2013-02-15,16.5,16.5,16.440000534057617,16.440000534057617,13.562033653259277,1300
2013-02-19,16.5,16.549999237060547,16.5,16.549999237060547,13.652776718139648,1000
2013-02-20,16.56999969482422,16.600000381469727,16.549999237060547,16.600000381469727,13.6940279006958,400
2013-02-21,16.649999618530273,16.8700008392334,16.600000381469727,16.760000228881836,13.826011657714844,3900
2013-02-22,16.760000228881836,16.760000228881836,16.559999465942383,16.600000381469727,13.6940279006958,1900
2013-02-25,16.600000381469727,16.760000228881836,16.600000381469727,16.760000228881836,13.826011657714844,1800
2013-02-26,16.739999771118164,16.739999771118164,16.739999771118164,16.739999771118164,13.824361801147461,0
2013-02-27,16.760000228881836,16.8700008392334,16.760000228881836,16.8700008392334,13.931720733642578,800
2013-02-28,16.639999389648438,16.639999389648438,16.610000610351562,16.610000610351562,13.717007637023926,600
2013-03-01,16.6200008392334,16.8700008392334,16.6200008392334,16.8700008392334,13.931720733642578,700
2013-03-04,16.8700008392334,16.889999389648438,16.850000381469727,16.889999389648438,13.94823932647705,3100
2013-03-05,16.889999389648438,16.889999389648438,16.889999389648438,16.889999389648438,13.94823932647705,0
2013-03-06,16.889999389648438,16.889999389648438,16.889999389648438,16.889999389648438,13.94823932647705,0
2013-03-07,16.670000076293945,17.0,16.670000076293945,16.989999771118164,14.030823707580566,2100
2013-03-08,17.0,17.0,17.0,17.0,14.039084434509277,200
2013-03-11,16.799999237060547,17.110000610351562,16.799999237060547,17.110000610351562,14.129926681518555,2000
2013-03-12,16.93000030517578,16.989999771118164,16.700000762939453,16.989999771118164,14.030823707580566,2400
2013-03-13,17.09000015258789,17.09000015258789,17.06999969482422,17.09000015258789,14.113402366638184,600
2013-03-14,17.110000610351562,17.110000610351562,17.110000610351562,17.110000610351562,14.129926681518555,500
2013-03-15,16.90999984741211,16.90999984741211,16.90999984741211,16.90999984741211,13.964750289916992,200
2013-03-18,16.90999984741211,16.90999984741211,16.90999984741211,16.90999984741211,13.964750289916992,0
2013-03-19,16.90999984741211,16.90999984741211,16.90999984741211,16.90999984741211,13.964750289916992,0
2013-03-20,17.09000015258789,17.110000610351562,16.889999389648438,17.110000610351562,14.129926681518555,1600
2013-03-21,16.920000076293945,16.920000076293945,16.920000076293945,16.920000076293945,13.973013877868652,300
2013-03-22,16.920000076293945,16.920000076293945,16.920000076293945,16.920000076293945,13.973013877868652,0
2013-03-25,16.920000076293945,16.920000076293945,16.920000076293945,16.920000076293945,13.973013877868652,0
2013-03-26,17.110000610351562,17.110000610351562,17.110000610351562,17.110000610351562,14.14581298828125,200
2013-03-27,17.110000610351562,17.110000610351562,17.110000610351562,17.110000610351562,14.14581298828125,0
2013-03-28,17.110000610351562,17.110000610351562,17.110000610351562,17.110000610351562,14.14581298828125,0
2013-04-01,17.110000610351562,17.110000610351562,17.110000610351562,17.110000610351562,14.14581298828125,0
2013-04-02,17.110000610351562,17.110000610351562,17.110000610351562,17.110000610351562,14.14581298828125,0
2013-04-03,17.270000457763672,17.31999969482422,17.239999771118164,17.309999465942383,14.311159133911133,5300
2013-04-04,17.389999389648438,17.399999618530273,17.389999389648438,17.399999618530273,14.385567665100098,1000
2013-04-05,17.43000030517578,17.43000030517578,17.299999237060547,17.43000030517578,14.410365104675293,1600
2013-04-08,17.43000030517578,17.709999084472656,17.299999237060547,17.709999084472656,14.641863822937012,2200
2013-04-09,17.709999084472656,17.709999084472656,17.709999084472656,17.709999084472656,14.641863822937012,0
2013-04-10,17.850000381469727,17.850000381469727,17.850000381469727,17.850000381469727,14.75760555267334,1000
2013-04-11,17.93000030517578,17.93000030517578,17.93000030517578,17.93000030517578,14.823752403259277,300
2013-04-12,17.93000030517578,18.469999313354492,17.93000030517578,18.469999313354492,15.270204544067383,1500
2013-04-15,17.920000076293945,18.010000228881836,17.889999389648438,17.889999389648438,14.79067611694336,1000
2013-04-16,17.84000015258789,17.84000015258789,17.799999237060547,17.799999237060547,14.716262817382812,400
2013-04-17,17.799999237060547,17.799999237060547,17.799999237060547,17.799999237060547,14.716262817382812,0
2013-04-18,17.799999237060547,17.799999237060547,17.799999237060547,17.799999237060547,14.716262817382812,0
2013-04-19,17.950000762939453,18.200000762939453,17.950000762939453,18.200000762939453,15.04697036743164,600
2013-04-22,18.200000762939453,18.200000762939453,18.200000762939453,18.200000762939453,15.04697036743164,0
2013-04-23,18.200000762939453,18.200000762939453,18.200000762939453,18.200000762939453,15.04697036743164,0
2013-04-24,17.700000762939453,17.700000762939453,17.56999969482422,17.56999969482422,14.526110649108887,200
2013-04-25,17.790000915527344,17.790000915527344,17.790000915527344,17.790000915527344,14.70799732208252,100
2013-04-26,17.56999969482422,17.56999969482422,16.940000534057617,16.940000534057617,14.019441604614258,2100
2013-04-29,17.420000076293945,17.440000534057617,17.420000076293945,17.440000534057617,14.433237075805664,600
2013-04-30,17.440000534057617,17.440000534057617,17.440000534057617,17.440000534057617,14.433237075805664,0
2013-05-01,17.940000534057617,18.3799991607666,17.940000534057617,18.3799991607666,15.211172103881836,600
2013-05-02,18.280000686645508,18.360000610351562,18.280000686645508,18.360000610351562,15.194623947143555,1100
2013-05-03,18.360000610351562,18.360000610351562,18.360000610351562,18.360000610351562,15.194623947143555,0
2013-05-06,18.3799991607666,18.3799991607666,18.3799991607666,18.3799991607666,15.211172103881836,300
2013-05-07,18.3799991607666,18.3799991607666,18.3799991607666,18.3799991607666,15.211172103881836,0
2013-05-08,18.3799991607666,18.3799991607666,18.3799991607666,18.3799991607666,15.211172103881836,100
2013-05-09,18.3799991607666,18.3799991607666,18.3799991607666,18.3799991607666,15.211172103881836,700
2013-05-10,18.3799991607666,18.3799991607666,18.3799991607666,18.3799991607666,15.211172103881836,0
2013-05-13,18.3799991607666,18.3799991607666,18.3799991607666,18.3799991607666,15.211172103881836,0
2013-05-14,18.3799991607666,18.3799991607666,18.3799991607666,18.3799991607666,15.211172103881836,0
2013-05-15,18.3799991607666,18.3799991607666,18.3799991607666,18.3799991607666,15.211172103881836,0
2013-05-16,18.3799991607666,18.3799991607666,18.3799991607666,18.3799991607666,15.211172103881836,0
2013-05-17,18.3799991607666,18.3799991607666,18.3799991607666,18.3799991607666,15.211172103881836,0
2013-05-20,18.399999618530273,18.399999618530273,17.90999984741211,17.90999984741211,14.822218894958496,900
2013-05-21,17.90999984741211,17.90999984741211,17.90999984741211,17.90999984741211,14.822218894958496,0
2013-05-22,18.299999237060547,18.299999237060547,18.190000534057617,18.190000534057617,15.053934097290039,800
2013-05-23,18.25,18.25,18.239999771118164,18.25,15.103591918945312,4200
2013-05-24,18.25,18.25,18.25,18.25,15.103591918945312,1100
2013-05-28,17.90999984741211,17.979999542236328,17.90999984741211,17.979999542236328,14.88014030456543,500
2013-05-29,17.979999542236328,17.979999542236328,17.979999542236328,17.979999542236328,14.895060539245605,0
2013-05-30,17.979999542236328,17.979999542236328,17.979999542236328,17.979999542236328,14.895060539245605,0
2013-05-31,18.25,19.479999542236328,18.25,19.020000457763672,15.75661563873291,2900
2013-06-03,19.0,19.0,19.0,19.0,15.740042686462402,100
2013-06-04,18.969999313354492,19.0,18.969999313354492,19.0,15.740042686462402,600
2013-06-05,19.0,19.0,19.0,19.0,15.740042686462402,100
2013-06-06,19.239999771118164,19.239999771118164,18.93000030517578,18.93000030517578,15.682056427001953,800
2013-06-07,18.93000030517578,18.93000030517578,18.93000030517578,18.93000030517578,15.682056427001953,0
2013-06-10,18.84000015258789,18.84000015258789,18.84000015258789,18.84000015258789,15.607494354248047,200
2013-06-11,19.0,19.0,18.760000228881836,18.760000228881836,15.541221618652344,900
2013-06-12,19.1200008392334,19.280000686645508,18.899999618530273,18.899999618530273,15.657196044921875,2900
2013-06-13,18.899999618530273,18.899999618530273,18.899999618530273,18.899999618530273,15.657196044921875,0
2013-06-14,18.969999313354492,19.0,18.969999313354492,19.0,15.740042686462402,300
2013-06-17,19.0,19.0,19.0,19.0,15.740042686462402,0
2013-06-18,18.829999923706055,18.829999923706055,18.760000228881836,18.760000228881836,15.541221618652344,600
2013-06-19,19.0,19.0,19.0,19.0,15.740042686462402,1000
2013-06-20,19.0,19.0,18.280000686645508,18.280000686645508,15.14357852935791,2000
2013-06-21,18.799999237060547,18.799999237060547,18.770000457763672,18.770000457763672,15.549498558044434,200
2013-06-24,18.770000457763672,18.770000457763672,18.770000457763672,18.770000457763672,15.549498558044434,0
2013-06-25,19.0,19.0,18.75,18.75,15.532940864562988,400
2013-06-26,18.75,18.75,18.75,18.75,15.547865867614746,0
2013-06-27,19.0,19.0,18.520000457763672,18.729999542236328,15.531281471252441,500
2013-06-28,18.649999618530273,19.0,18.639999389648438,19.0,15.755167961120605,3200
2013-07-01,19.0,19.0,19.0,19.0,15.755167961120605,0
2013-07-02,18.579999923706055,18.579999923706055,18.579999923706055,18.579999923706055,15.406888961791992,200
2013-07-03,18.579999923706055,18.579999923706055,18.579999923706055,18.579999923706055,15.406888961791992,0
2013-07-05,18.540000915527344,18.540000915527344,18.540000915527344,18.540000915527344,15.373726844787598,100
2013-07-08,18.040000915527344,18.09000015258789,17.940000534057617,17.940000534057617,14.876194953918457,2100
2013-07-09,17.940000534057617,17.940000534057617,17.940000534057617,17.940000534057617,14.876194953918457,0
2013-07-10,17.940000534057617,17.940000534057617,17.940000534057617,17.940000534057617,14.876194953918457,0
2013-07-11,17.719999313354492,17.719999313354492,17.719999313354492,17.719999313354492,14.693770408630371,100
2013-07-12,17.459999084472656,17.959999084472656,17.459999084472656,17.959999084472656,14.892780303955078,400
2013-07-15,17.959999084472656,17.959999084472656,17.959999084472656,17.959999084472656,14.892780303955078,0
2013-07-16,17.420000076293945,17.420000076293945,17.420000076293945,17.420000076293945,14.44499683380127,100
2013-07-17,17.420000076293945,17.420000076293945,17.420000076293945,17.420000076293945,14.44499683380127,0
2013-07-18,17.3700008392334,17.3700008392334,17.350000381469727,17.360000610351562,14.395251274108887,400
2013-07-19,17.360000610351562,17.360000610351562,17.360000610351562,17.360000610351562,14.395251274108887,0
2013-07-22,17.360000610351562,17.360000610351562,17.360000610351562,17.360000610351562,14.395251274108887,0
2013-07-23,17.360000610351562,17.360000610351562,17.360000610351562,17.360000610351562,14.395251274108887,0
2013-07-24,17.5,17.5,17.5,17.5,14.511335372924805,100
2013-07-25,17.5,17.5,17.5,17.5,14.511335372924805,0
2013-07-26,17.350000381469727,17.350000381469727,17.350000381469727,17.350000381469727,14.386959075927734,1100
2013-07-29,17.350000381469727,17.350000381469727,17.350000381469727,17.350000381469727,14.40190315246582,0
2013-07-30,17.510000228881836,17.510000228881836,17.469999313354492,17.479999542236328,14.509807586669922,300
2013-07-31,17.530000686645508,18.8799991607666,17.530000686645508,18.8799991607666,15.671924591064453,2400
2013-08-01,18.450000762939453,18.450000762939453,18.450000762939453,18.450000762939453,15.314990997314453,100
2013-08-02,18.450000762939453,18.450000762939453,18.450000762939453,18.450000762939453,15.314990997314453,0
2013-08-05,17.950000762939453,17.959999084472656,17.469999313354492,17.649999618530273,14.650923728942871,2200
2013-08-06,17.420000076293945,17.43000030517578,17.399999618530273,17.43000030517578,14.468306541442871,600
2013-08-07,17.149999618530273,17.329999923706055,17.09000015258789,17.329999923706055,14.385296821594238,1500
2013-08-08,17.350000381469727,17.350000381469727,17.350000381469727,17.350000381469727,14.40190315246582,500
2013-08-09,17.350000381469727,17.350000381469727,17.350000381469727,17.350000381469727,14.40190315246582,0
2013-08-12,17.0,17.0,17.0,17.0,14.111367225646973,100
2013-08-13,17.0,17.0,17.0,17.0,14.111367225646973,0
2013-08-14,17.0,17.0,17.0,17.0,14.111367225646973,0
2013-08-15,17.309999465942383,17.350000381469727,17.309999465942383,17.350000381469727,14.40190315246582,600
2013-08-16,17.350000381469727,17.350000381469727,17.350000381469727,17.350000381469727,14.40190315246582,0
2013-08-19,17.0,17.0,17.0,17.0,14.111367225646973,1000
2013-08-20,17.0,17.0,17.0,17.0,14.111367225646973,100
2013-08-21,17.200000762939453,17.200000762939453,17.200000762939453,17.200000762939453,14.277379989624023,100
2013-08-22,17.149999618530273,17.149999618530273,17.149999618530273,17.149999618530273,14.235883712768555,100
2013-08-23,17.0,17.010000228881836,17.0,17.0,14.111367225646973,1600
2013-08-26,17.0,17.0,17.0,17.0,14.111367225646973,0
2013-08-27,16.969999313354492,16.969999313354492,16.950000762939453,16.950000762939453,14.069868087768555,400
2013-08-28,16.950000762939453,16.950000762939453,16.950000762939453,16.950000762939453,14.083993911743164,0
2013-08-29,17.200000762939453,17.200000762939453,17.190000534057617,17.190000534057617,14.283407211303711,400
2013-08-30,17.190000534057617,17.190000534057617,17.190000534057617,17.190000534057617,14.283407211303711,0
2013-09-03,17.1299991607666,17.1299991607666,17.1299991607666,17.1299991607666,14.23355770111084,400
2013-09-04,16.850000381469727,16.850000381469727,16.850000381469727,16.850000381469727,14.000893592834473,100
2013-09-05,16.799999237060547,16.84000015258789,16.31999969482422,16.520000457763672,13.726699829101562,11500
2013-09-06,16.40999984741211,16.40999984741211,16.209999084472656,16.209999084472656,13.4691162109375,2100
2013-09-09,16.209999084472656,16.209999084472656,16.209999084472656,16.209999084472656,13.4691162109375,0
2013-09-10,16.209999084472656,16.209999084472656,16.209999084472656,16.209999084472656,13.4691162109375,0
2013-09-11,16.209999084472656,16.209999084472656,16.209999084472656,16.209999084472656,13.4691162109375,0
2013-09-12,16.200000762939453,16.200000762939453,16.110000610351562,16.1200008392334,13.394331932067871,2100
2013-09-13,16.1200008392334,16.1200008392334,16.1200008392334,16.1200008392334,13.394331932067871,0
2013-09-16,16.239999771118164,16.239999771118164,16.170000076293945,16.170000076293945,13.435877799987793,2100
2013-09-17,16.170000076293945,16.170000076293945,16.170000076293945,16.170000076293945,13.435877799987793,0
2013-09-18,16.170000076293945,16.170000076293945,16.170000076293945,16.170000076293945,13.435877799987793,0
2013-09-19,16.149999618530273,16.149999618530273,16.110000610351562,16.110000610351562,13.386021614074707,1400
2013-09-20,16.110000610351562,16.110000610351562,16.110000610351562,16.110000610351562,13.386021614074707,0
2013-09-23,16.110000610351562,16.110000610351562,16.030000686645508,16.100000381469727,13.377711296081543,3000
2013-09-24,16.299999237060547,16.299999237060547,16.030000686645508,16.030000686645508,13.319548606872559,2000
2013-09-25,16.110000610351562,16.110000610351562,16.110000610351562,16.110000610351562,13.386021614074707,4000
2013-09-26,16.110000610351562,16.110000610351562,16.110000610351562,16.110000610351562,13.400161743164062,0
2013-09-27,16.030000686645508,16.030000686645508,15.960000038146973,15.960000038146973,13.27539348602295,400
2013-09-30,15.960000038146973,15.960000038146973,15.960000038146973,15.960000038146973,13.27539348602295,0
2013-10-01,15.960000038146973,16.290000915527344,15.960000038146973,16.290000915527344,13.549888610839844,400
2013-10-02,16.290000915527344,16.290000915527344,16.290000915527344,16.290000915527344,13.549888610839844,0
2013-10-03,16.290000915527344,16.290000915527344,16.290000915527344,16.290000915527344,13.549888610839844,0
2013-10-04,16.0,16.0,16.0,16.0,13.308667182922363,600
2013-10-07,16.0,16.0,16.0,16.0,13.308667182922363,0
2013-10-08,16.0,16.0,16.0,16.0,13.308667182922363,0
2013-10-09,16.0,16.0,16.0,16.0,13.308667182922363,0
2013-10-10,16.0,16.0,15.960000038146973,15.960000038146973,13.27539348602295,1600
2013-10-11,15.960000038146973,15.960000038146973,15.960000038146973,15.960000038146973,13.27539348602295,0
2013-10-14,15.960000038146973,15.960000038146973,15.960000038146973,15.960000038146973,13.27539348602295,0
2013-10-15,15.960000038146973,15.960000038146973,15.960000038146973,15.960000038146973,13.27539348602295,0
2013-10-16,15.960000038146973,15.960000038146973,15.960000038146973,15.960000038146973,13.27539348602295,300
2013-10-17,15.960000038146973,15.960000038146973,15.960000038146973,15.960000038146973,13.27539348602295,1100
2013-10-18,15.960000038146973,15.960000038146973,15.960000038146973,15.960000038146973,13.27539348602295,100
2013-10-21,16.170000076293945,16.170000076293945,16.170000076293945,16.170000076293945,13.450069427490234,300
2013-10-22,15.960000038146973,16.030000686645508,15.960000038146973,16.030000686645508,13.33362102508545,600
2013-10-23,16.200000762939453,16.200000762939453,16.18000030517578,16.200000762939453,13.475022315979004,1500
2013-10-24,16.0,16.0,15.960000038146973,15.960000038146973,13.27539348602295,1000
2013-10-25,15.960000038146973,15.960000038146973,15.960000038146973,15.960000038146973,13.27539348602295,0
2013-10-28,16.170000076293945,16.170000076293945,16.170000076293945,16.170000076293945,13.450069427490234,600
2013-10-29,16.100000381469727,16.100000381469727,16.100000381469727,16.100000381469727,13.405938148498535,1900
2013-10-30,16.100000381469727,16.100000381469727,16.100000381469727,16.100000381469727,13.405938148498535,0
2013-10-31,16.100000381469727,16.100000381469727,16.100000381469727,16.100000381469727,13.405938148498535,0
2013-11-01,16.100000381469727,16.100000381469727,16.100000381469727,16.100000381469727,13.405938148498535,0
2013-11-04,16.100000381469727,16.100000381469727,16.100000381469727,16.100000381469727,13.405938148498535,0
2013-11-05,16.100000381469727,16.100000381469727,16.100000381469727,16.100000381469727,13.405938148498535,0
2013-11-06,16.100000381469727,16.100000381469727,16.100000381469727,16.100000381469727,13.405938148498535,400
2013-11-07,16.100000381469727,16.100000381469727,16.100000381469727,16.100000381469727,13.405938148498535,0
2013-11-08,16.100000381469727,16.100000381469727,16.100000381469727,16.100000381469727,13.405938148498535,0
2013-11-11,16.100000381469727,16.100000381469727,16.100000381469727,16.100000381469727,13.405938148498535,0
2013-11-12,16.100000381469727,16.100000381469727,16.100000381469727,16.100000381469727,13.405938148498535,0
2013-11-13,16.100000381469727,16.100000381469727,16.100000381469727,16.100000381469727,13.405938148498535,0
2013-11-14,16.100000381469727,16.100000381469727,16.100000381469727,16.100000381469727,13.405938148498535,0
2013-11-15,16.0,16.020000457763672,15.850000381469727,15.850000381469727,13.197773933410645,2200
2013-11-18,15.850000381469727,15.850000381469727,15.850000381469727,15.850000381469727,13.197773933410645,0
2013-11-19,15.899999618530273,15.949999809265137,15.850000381469727,15.850000381469727,13.197773933410645,1800
2013-11-20,15.899999618530273,15.899999618530273,15.789999961853027,15.789999961853027,13.147807121276855,2800
2013-11-21,15.789999961853027,15.789999961853027,15.789999961853027,15.789999961853027,13.147807121276855,0
2013-11-22,15.800000190734863,15.800000190734863,15.789999961853027,15.789999961853027,13.147807121276855,1000
2013-11-25,15.789999961853027,15.789999961853027,15.630000114440918,15.630000114440918,13.014585494995117,400
2013-11-26,15.630000114440918,15.630000114440918,15.630000114440918,15.630000114440918,13.029594421386719,0
2013-11-27,15.970000267028809,15.970000267028809,15.970000267028809,15.970000267028809,13.31302547454834,900
2013-11-29,15.970000267028809,15.970000267028809,15.970000267028809,15.970000267028809,13.31302547454834,0
2013-12-02,15.649999618530273,15.6899995803833,15.609999656677246,15.609999656677246,13.012924194335938,2600
2013-12-03,15.579999923706055,15.65999984741211,15.579999923706055,15.65999984741211,13.054601669311523,500
2013-12-04,15.5600004196167,15.5600004196167,15.529999732971191,15.529999732971191,12.946227073669434,1100
2013-12-05,15.529999732971191,15.529999732971191,15.3100004196167,15.3100004196167,12.762831687927246,400
2013-12-06,15.3100004196167,15.3100004196167,15.3100004196167,15.3100004196167,12.762831687927246,0
2013-12-09,15.3100004196167,15.3100004196167,15.3100004196167,15.3100004196167,12.762831687927246,0
2013-12-10,15.210000038146973,15.210000038146973,15.210000038146973,15.210000038146973,12.679466247558594,2000
2013-12-11,15.399999618530273,15.399999618530273,15.039999961853027,15.039999961853027,12.537753105163574,2600
2013-12-12,15.079999923706055,15.079999923706055,15.069999694824219,15.069999694824219,12.562759399414062,1300
2013-12-13,15.100000381469727,15.100000381469727,15.09000015258789,15.100000381469727,12.5877685546875,1800
2013-12-16,15.119999885559082,15.119999885559082,15.119999885559082,15.119999885559082,12.60444450378418,100
2013-12-17,15.09000015258789,15.25,15.079999923706055,15.25,12.712814331054688,800
2013-12-18,15.25,15.25,15.25,15.25,12.712814331054688,0
2013-12-19,15.09000015258789,15.170000076293945,14.970000267028809,14.979999542236328,12.487737655639648,6300
2013-12-20,15.010000228881836,15.010000228881836,14.829999923706055,14.829999923706055,12.362693786621094,2600
2013-12-23,15.050000190734863,15.050000190734863,14.720000267028809,14.720000267028809,12.270988464355469,2900
2013-12-24,14.720000267028809,14.720000267028809,14.720000267028809,14.720000267028809,12.270988464355469,0
2013-12-26,14.800000190734863,14.800000190734863,14.75,14.75,12.296002388000488,1000
2013-12-27,14.819999694824219,14.829999923706055,14.819999694824219,14.829999923706055,12.377793312072754,2000
2013-12-30,14.8100004196167,14.819999694824219,14.510000228881836,14.510000228881836,12.11070728302002,7900
2013-12-31,14.579999923706055,14.579999923706055,14.5600004196167,14.5600004196167,12.152440071105957,2200
2014-01-02,14.579999923706055,14.75,14.510000228881836,14.75,12.311026573181152,3000
2014-01-03,14.75,14.75,14.75,14.75,12.311026573181152,0
2014-01-06,14.75,14.75,14.75,14.75,12.311026573181152,0
2014-01-07,15.010000228881836,15.050000190734863,15.010000228881836,15.010000228881836,12.528033256530762,1100
2014-01-08,15.1899995803833,15.220000267028809,15.170000076293945,15.220000267028809,12.703311920166016,4300
2014-01-09,15.220000267028809,15.220000267028809,15.220000267028809,15.220000267028809,12.703311920166016,0
2014-01-10,15.380000114440918,15.739999771118164,15.380000114440918,15.739999771118164,13.137321472167969,2200
2014-01-13,15.739999771118164,15.739999771118164,15.739999771118164,15.739999771118164,13.137321472167969,0
2014-01-14,15.569999694824219,15.600000381469727,15.569999694824219,15.600000381469727,13.02047061920166,1000
2014-01-15,15.600000381469727,15.600000381469727,15.600000381469727,15.600000381469727,13.02047061920166,0
2014-01-16,15.600000381469727,15.600000381469727,15.600000381469727,15.600000381469727,13.02047061920166,0
2014-01-17,15.600000381469727,15.600000381469727,15.600000381469727,15.600000381469727,13.02047061920166,0
2014-01-21,15.739999771118164,15.779999732971191,15.739999771118164,15.779999732971191,13.170708656311035,1100
2014-01-22,15.770000457763672,15.90999984741211,15.770000457763672,15.90999984741211,13.279214859008789,5500
2014-01-23,15.90999984741211,15.90999984741211,15.90999984741211,15.90999984741211,13.279214859008789,0
2014-01-24,15.8100004196167,15.8100004196167,15.800000190734863,15.800000190734863,13.187399864196777,2000
2014-01-27,15.800000190734863,15.800000190734863,15.800000190734863,15.800000190734863,13.187399864196777,0
2014-01-28,15.859999656677246,15.920000076293945,15.859999656677246,15.920000076293945,13.287559509277344,1500
2014-01-29,15.920000076293945,15.920000076293945,15.920000076293945,15.920000076293945,13.302599906921387,0
2014-01-30,15.920000076293945,15.920000076293945,15.920000076293945,15.920000076293945,13.302599906921387,0
2014-01-31,15.800000190734863,15.800000190734863,15.800000190734863,15.800000190734863,13.202326774597168,300
2014-02-03,15.800000190734863,15.800000190734863,15.800000190734863,15.800000190734863,13.202326774597168,0
2014-02-04,15.920000076293945,15.930000305175781,15.920000076293945,15.930000305175781,13.310952186584473,2200
2014-02-05,15.930000305175781,15.930000305175781,15.930000305175781,15.930000305175781,13.310952186584473,0
2014-02-06,15.930000305175781,15.930000305175781,15.930000305175781,15.930000305175781,13.310952186584473,500
2014-02-07,15.930000305175781,15.930000305175781,15.930000305175781,15.930000305175781,13.310952186584473,0
2014-02-10,15.930000305175781,15.930000305175781,15.930000305175781,15.930000305175781,13.310952186584473,500
2014-02-11,15.979999542236328,15.979999542236328,15.979999542236328,15.979999542236328,13.352733612060547,500
2014-02-12,15.979999542236328,15.979999542236328,15.979999542236328,15.979999542236328,13.352733612060547,0
2014-02-13,15.930000305175781,15.930000305175781,15.930000305175781,15.930000305175781,13.310952186584473,400
2014-02-14,15.930000305175781,15.930000305175781,15.930000305175781,15.930000305175781,13.310952186584473,0
2014-02-18,15.930000305175781,15.930000305175781,15.930000305175781,15.930000305175781,13.310952186584473,0
2014-02-19,15.979999542236328,16.0,15.8100004196167,15.8100004196167,13.210684776306152,1600
2014-02-20,16.020000457763672,16.020000457763672,15.920000076293945,15.920000076293945,13.302599906921387,1500
2014-02-21,15.850000381469727,15.869999885559082,15.649999618530273,15.649999618530273,13.07699203491211,5100
2014-02-24,15.75,15.75,15.649999618530273,15.649999618530273,13.07699203491211,1400
2014-02-25,15.649999618530273,15.649999618530273,15.649999618530273,15.649999618530273,13.07699203491211,0
2014-02-26,15.649999618530273,15.649999618530273,15.649999618530273,15.649999618530273,13.092050552368164,0
2014-02-27,15.649999618530273,15.649999618530273,15.649999618530273,15.649999618530273,13.092050552368164,0
2014-02-28,16.030000686645508,16.030000686645508,16.030000686645508,16.030000686645508,13.409936904907227,300
2014-03-03,15.65999984741211,15.65999984741211,15.65999984741211,15.65999984741211,13.10041332244873,700
2014-03-04,15.850000381469727,15.850000381469727,15.6899995803833,15.6899995803833,13.125509262084961,1800
2014-03-05,15.6899995803833,15.6899995803833,15.6899995803833,15.6899995803833,13.125509262084961,0
2014-03-06,15.970000267028809,16.0,15.960000038146973,16.0,13.384839057922363,5500
2014-03-07,16.0,16.0,16.0,16.0,13.384839057922363,0
2014-03-10,16.0,16.0,16.0,16.0,13.384839057922363,0
2014-03-11,16.0,16.0,16.0,16.0,13.384839057922363,0
2014-03-12,16.0,16.0,16.0,16.0,13.384839057922363,1500
2014-03-13,16.0,16.0,16.0,16.0,13.384839057922363,0
2014-03-14,16.0,16.0,16.0,16.0,13.384839057922363,0
2014-03-17,16.0,16.0,16.0,16.0,13.384839057922363,0
2014-03-18,16.06999969482422,16.06999969482422,15.739999771118164,15.739999771118164,13.167333602905273,2500
2014-03-19,15.760000228881836,15.779999732971191,15.760000228881836,15.779999732971191,13.200798988342285,800
2014-03-20,15.779999732971191,15.779999732971191,15.779999732971191,15.779999732971191,13.200798988342285,0
2014-03-21,15.779999732971191,15.779999732971191,15.779999732971191,15.779999732971191,13.200798988342285,0
2014-03-24,16.149999618530273,16.170000076293945,16.100000381469727,16.170000076293945,13.52705192565918,7000
2014-03-25,16.170000076293945,16.170000076293945,16.170000076293945,16.170000076293945,13.52705192565918,0
2014-03-26,16.170000076293945,16.170000076293945,16.170000076293945,16.170000076293945,13.52705192565918,0
2014-03-27,16.200000762939453,16.200000762939453,16.200000762939453,16.200000762939453,13.552156448364258,100
2014-03-28,16.200000762939453,16.200000762939453,16.200000762939453,16.200000762939453,13.552156448364258,0
2014-03-31,16.229999542236328,16.780000686645508,16.229999542236328,16.780000686645508,14.052966117858887,2400
2014-04-01,16.75,16.780000686645508,16.75,16.780000686645508,14.052966117858887,3500
2014-04-02,16.780000686645508,17.809999465942383,16.780000686645508,17.809999465942383,14.915568351745605,1400
2014-04-03,17.809999465942383,17.809999465942383,17.809999465942383,17.809999465942383,14.915568351745605,0
2014-04-04,17.809999465942383,17.809999465942383,17.809999465942383,17.809999465942383,14.915568351745605,0
2014-04-07,17.809999465942383,17.809999465942383,17.809999465942383,17.809999465942383,14.915568351745605,0
2014-04-08,17.809999465942383,17.809999465942383,17.809999465942383,17.809999465942383,14.915568351745605,0
2014-04-09,17.489999771118164,17.489999771118164,17.489999771118164,17.489999771118164,14.647577285766602,1100
2014-04-10,17.489999771118164,17.489999771118164,17.489999771118164,17.489999771118164,14.647577285766602,0
2014-04-11,17.489999771118164,17.489999771118164,17.489999771118164,17.489999771118164,14.647577285766602,0
2014-04-14,17.489999771118164,17.489999771118164,17.489999771118164,17.489999771118164,14.647577285766602,0
2014-04-15,17.0,17.0,17.0,17.0,14.237212181091309,100
2014-04-16,16.850000381469727,16.850000381469727,16.850000381469727,16.850000381469727,14.111587524414062,400
2014-04-17,16.84000015258789,16.84000015258789,16.799999237060547,16.81999969482422,14.086463928222656,1100
2014-04-21,16.799999237060547,16.979999542236328,16.799999237060547,16.979999542236328,14.220457077026367,400
2014-04-22,16.799999237060547,16.809999465942383,16.6299991607666,16.649999618530273,13.944089889526367,2500
2014-04-23,16.469999313354492,16.469999313354492,16.469999313354492,16.469999313354492,13.793342590332031,800
2014-04-24,16.469999313354492,16.469999313354492,16.469999313354492,16.469999313354492,13.793342590332031,0
2014-04-25,16.469999313354492,16.469999313354492,16.469999313354492,16.469999313354492,13.793342590332031,0
2014-04-28,16.469999313354492,16.469999313354492,16.469999313354492,16.469999313354492,13.808433532714844,0
2014-04-29,16.469999313354492,16.469999313354492,16.469999313354492,16.469999313354492,13.808433532714844,0
2014-04-30,16.469999313354492,16.469999313354492,16.469999313354492,16.469999313354492,13.808433532714844,0
2014-05-01,16.799999237060547,16.799999237060547,16.780000686645508,16.780000686645508,14.068342208862305,1600
2014-05-02,16.780000686645508,16.780000686645508,16.780000686645508,16.780000686645508,14.068342208862305,0
2014-05-05,16.780000686645508,16.780000686645508,16.780000686645508,16.780000686645508,14.068342208862305,0
2014-05-06,16.780000686645508,16.780000686645508,16.780000686645508,16.780000686645508,14.068342208862305,0
2014-05-07,16.780000686645508,16.780000686645508,16.780000686645508,16.780000686645508,14.068342208862305,0
2014-05-08,16.780000686645508,16.780000686645508,16.780000686645508,16.780000686645508,14.068342208862305,0
2014-05-09,16.780000686645508,16.780000686645508,16.780000686645508,16.780000686645508,14.068342208862305,0
2014-05-12,16.780000686645508,16.780000686645508,16.780000686645508,16.780000686645508,14.068342208862305,0
2014-05-13,16.850000381469727,17.489999771118164,16.850000381469727,17.110000610351562,14.345012664794922,9700
2014-05-14,17.469999313354492,17.469999313354492,17.200000762939453,17.25,14.46238899230957,400
2014-05-15,17.260000228881836,17.260000228881836,17.260000228881836,17.260000228881836,14.470780372619629,1000
2014-05-16,17.219999313354492,17.219999313354492,17.219999313354492,17.219999313354492,14.437237739562988,300
2014-05-19,17.219999313354492,17.219999313354492,17.219999313354492,17.219999313354492,14.437237739562988,0
2014-05-20,16.940000534057617,16.940000534057617,16.940000534057617,16.940000534057617,14.202491760253906,100
2014-05-21,17.010000228881836,17.010000228881836,17.010000228881836,17.010000228881836,14.26116943359375,100
2014-05-22,17.010000228881836,17.010000228881836,17.010000228881836,17.010000228881836,14.26116943359375,0
2014-05-23,17.010000228881836,17.010000228881836,17.010000228881836,17.010000228881836,14.26116943359375,0
2014-05-27,17.049999237060547,17.209999084472656,17.049999237060547,17.18000030517578,14.403702735900879,1400
2014-05-28,17.040000915527344,17.049999237060547,16.780000686645508,16.969999313354492,14.241727828979492,2400
2014-05-29,17.1299991607666,17.139999389648438,17.059999465942383,17.059999465942383,14.317256927490234,300
2014-05-30,17.149999618530273,17.149999618530273,17.059999465942383,17.059999465942383,14.317256927490234,1600
2014-06-02,17.059999465942383,17.059999465942383,17.059999465942383,17.059999465942383,14.317256927490234,0
2014-06-03,17.059999465942383,17.059999465942383,17.059999465942383,17.059999465942383,14.317256927490234,0
2014-06-04,17.059999465942383,17.059999465942383,17.059999465942383,17.059999465942383,14.317256927490234,900
2014-06-05,17.059999465942383,17.059999465942383,17.059999465942383,17.059999465942383,14.317256927490234,0
2014-06-06,17.059999465942383,17.059999465942383,17.059999465942383,17.059999465942383,14.317256927490234,0
2014-06-09,17.059999465942383,17.059999465942383,17.059999465942383,17.059999465942383,14.317256927490234,0
2014-06-10,17.059999465942383,17.059999465942383,17.059999465942383,17.059999465942383,14.317256927490234,0
2014-06-11,17.059999465942383,17.059999465942383,17.059999465942383,17.059999465942383,14.317256927490234,0
2014-06-12,17.059999465942383,17.059999465942383,17.059999465942383,17.059999465942383,14.317256927490234,0
2014-06-13,17.059999465942383,17.059999465942383,17.059999465942383,17.059999465942383,14.317256927490234,0
2014-06-16,17.059999465942383,17.059999465942383,17.059999465942383,17.059999465942383,14.317256927490234,0
2014-06-17,17.059999465942383,17.059999465942383,17.059999465942383,17.059999465942383,14.317256927490234,0
2014-06-18,17.059999465942383,17.059999465942383,17.059999465942383,17.059999465942383,14.317256927490234,0
2014-06-19,17.059999465942383,17.059999465942383,17.059999465942383,17.059999465942383,14.317256927490234,0
2014-06-20,17.059999465942383,17.059999465942383,17.059999465942383,17.059999465942383,14.317256927490234,0
2014-06-23,17.110000610351562,17.110000610351562,17.110000610351562,17.110000610351562,14.359220504760742,400
2014-06-24,17.530000686645508,17.530000686645508,17.530000686645508,17.530000686645508,14.711691856384277,500
2014-06-25,17.229999542236328,17.229999542236328,17.229999542236328,17.229999542236328,14.45992374420166,600
2014-06-26,17.229999542236328,17.229999542236328,17.229999542236328,17.229999542236328,14.474205017089844,0
2014-06-27,17.229999542236328,17.229999542236328,17.229999542236328,17.229999542236328,14.474205017089844,0
2014-06-30,17.229999542236328,17.229999542236328,17.229999542236328,17.229999542236328,14.474205017089844,0
2014-07-01,17.229999542236328,17.229999542236328,17.229999542236328,17.229999542236328,14.474205017089844,0
2014-07-02,17.229999542236328,17.229999542236328,17.229999542236328,17.229999542236328,14.474205017089844,0
2014-07-03,17.229999542236328,17.229999542236328,17.229999542236328,17.229999542236328,14.474205017089844,0
2014-07-07,17.450000762939453,17.450000762939453,17.450000762939453,17.450000762939453,14.659026145935059,800
2014-07-08,17.5,17.5,17.5,17.5,14.701025009155273,600
2014-07-09,17.59000015258789,17.59000015258789,17.549999237060547,17.549999237060547,14.743025779724121,1400
2014-07-10,17.59000015258789,17.649999618530273,17.520000457763672,17.520000457763672,14.717828750610352,1100
2014-07-11,17.520000457763672,17.520000457763672,17.520000457763672,17.520000457763672,14.717828750610352,0
2014-07-14,17.520000457763672,17.520000457763672,17.520000457763672,17.520000457763672,14.717828750610352,0
2014-07-15,17.690000534057617,17.690000534057617,17.690000534057617,17.690000534057617,14.860633850097656,400
2014-07-16,17.690000534057617,17.690000534057617,17.690000534057617,17.690000534057617,14.860633850097656,0
2014-07-17,17.899999618530273,17.899999618530273,17.899999618530273,17.899999618530273,15.0370512008667,1000
2014-07-18,17.899999618530273,17.899999618530273,17.899999618530273,17.899999618530273,15.0370512008667,0
2014-07-21,17.899999618530273,17.899999618530273,17.899999618530273,17.899999618530273,15.0370512008667,0
2014-07-22,17.899999618530273,17.899999618530273,17.899999618530273,17.899999618530273,15.0370512008667,0
2014-07-23,17.899999618530273,17.899999618530273,17.899999618530273,17.899999618530273,15.0370512008667,0
2014-07-24,17.899999618530273,17.899999618530273,17.899999618530273,17.899999618530273,15.0370512008667,0
2014-07-25,17.899999618530273,17.899999618530273,17.899999618530273,17.899999618530273,15.0370512008667,0
2014-07-28,17.899999618530273,17.899999618530273,17.899999618530273,17.899999618530273,15.0370512008667,0
2014-07-29,17.899999618530273,17.899999618530273,17.899999618530273,17.899999618530273,15.052183151245117,0
2014-07-30,17.899999618530273,17.899999618530273,17.899999618530273,17.899999618530273,15.052183151245117,0
2014-07-31,17.729999542236328,17.729999542236328,17.729999542236328,17.729999542236328,14.90923023223877,100
2014-08-01,17.729999542236328,17.729999542236328,17.729999542236328,17.729999542236328,14.90923023223877,0
2014-08-04,17.729999542236328,17.729999542236328,17.729999542236328,17.729999542236328,14.90923023223877,0
2014-08-05,17.709999084472656,17.709999084472656,17.709999084472656,17.709999084472656,14.892417907714844,1000
2014-08-06,17.709999084472656,17.709999084472656,17.709999084472656,17.709999084472656,14.892417907714844,0
2014-08-07,17.709999084472656,17.709999084472656,17.709999084472656,17.709999084472656,14.892417907714844,0
2014-08-08,17.600000381469727,17.739999771118164,17.600000381469727,17.739999771118164,14.917641639709473,300
2014-08-11,17.739999771118164,17.739999771118164,17.739999771118164,17.739999771118164,14.917641639709473,0
2014-08-12,17.739999771118164,17.739999771118164,17.739999771118164,17.739999771118164,14.917641639709473,0
2014-08-13,17.739999771118164,17.739999771118164,17.739999771118164,17.739999771118164,14.917641639709473,0
2014-08-14,17.739999771118164,17.739999771118164,17.739999771118164,17.739999771118164,14.917641639709473,0
2014-08-15,17.739999771118164,17.739999771118164,17.739999771118164,17.739999771118164,14.917641639709473,0
2014-08-18,17.739999771118164,17.739999771118164,17.739999771118164,17.739999771118164,14.917641639709473,0
2014-08-19,17.739999771118164,17.739999771118164,17.739999771118164,17.739999771118164,14.917641639709473,0
2014-08-20,17.739999771118164,17.739999771118164,17.739999771118164,17.739999771118164,14.917641639709473,0
2014-08-21,17.739999771118164,17.739999771118164,17.739999771118164,17.739999771118164,14.917641639709473,0
2014-08-22,17.739999771118164,17.739999771118164,17.739999771118164,17.739999771118164,14.917641639709473,0
2014-08-25,17.739999771118164,17.739999771118164,17.739999771118164,17.739999771118164,14.917641639709473,0
2014-08-26,17.950000762939453,18.0,17.950000762939453,18.0,15.136270523071289,700
2014-08-27,18.0,18.0,18.0,18.0,15.150579452514648,0
2014-08-28,17.84000015258789,17.84000015258789,17.809999465942383,17.809999465942383,14.990660667419434,900
2014-08-29,17.809999465942383,17.809999465942383,17.809999465942383,17.809999465942383,14.990660667419434,0
2014-09-02,17.809999465942383,17.809999465942383,17.809999465942383,17.809999465942383,14.990660667419434,0
2014-09-03,17.809999465942383,17.809999465942383,17.809999465942383,17.809999465942383,14.990660667419434,300
2014-09-04,17.809999465942383,17.809999465942383,17.809999465942383,17.809999465942383,14.990660667419434,0
2014-09-05,17.809999465942383,17.809999465942383,17.809999465942383,17.809999465942383,14.990660667419434,0
2014-09-08,17.809999465942383,17.809999465942383,17.809999465942383,17.809999465942383,14.990660667419434,400
2014-09-09,17.809999465942383,17.850000381469727,17.809999465942383,17.850000381469727,15.024322509765625,200
2014-09-10,17.850000381469727,17.850000381469727,17.850000381469727,17.850000381469727,15.024322509765625,0
2014-09-11,17.850000381469727,17.850000381469727,17.850000381469727,17.850000381469727,15.024322509765625,0
2014-09-12,17.809999465942383,17.809999465942383,17.809999465942383,17.809999465942383,14.990660667419434,400
2014-09-15,17.809999465942383,17.809999465942383,17.809999465942383,17.809999465942383,14.990660667419434,0
2014-09-16,17.809999465942383,17.809999465942383,17.809999465942383,17.809999465942383,14.990660667419434,0
2014-09-17,17.809999465942383,17.899999618530273,17.59000015258789,17.899999618530273,15.066417694091797,4500
2014-09-18,17.81999969482422,17.81999969482422,17.799999237060547,17.799999237060547,14.982243537902832,4700
2014-09-19,17.959999084472656,17.959999084472656,17.950000762939453,17.950000762939453,15.108498573303223,2000
2014-09-22,17.93000030517578,17.93000030517578,17.93000030517578,17.93000030517578,15.091667175292969,1400
2014-09-23,17.93000030517578,17.93000030517578,17.93000030517578,17.93000030517578,15.091667175292969,0
2014-09-24,17.93000030517578,17.93000030517578,17.93000030517578,17.93000030517578,15.091667175292969,1800
2014-09-25,17.93000030517578,17.940000534057617,17.81999969482422,17.81999969482422,14.99907398223877,4100
2014-09-26,17.84000015258789,17.84000015258789,17.84000015258789,17.84000015258789,15.030248641967773,600
2014-09-29,17.84000015258789,17.84000015258789,17.84000015258789,17.84000015258789,15.030248641967773,700
2014-09-30,17.850000381469727,17.969999313354492,17.850000381469727,17.850000381469727,15.03866958618164,2400
2014-10-01,17.850000381469727,17.850000381469727,17.809999465942383,17.809999465942383,15.004973411560059,6300
2014-10-02,17.809999465942383,17.809999465942383,17.809999465942383,17.809999465942383,15.004973411560059,600
2014-10-03,17.809999465942383,17.809999465942383,17.809999465942383,17.809999465942383,15.004973411560059,0
2014-10-06,17.809999465942383,17.8799991607666,17.809999465942383,17.850000381469727,15.03866958618164,2400
2014-10-07,17.850000381469727,17.850000381469727,17.850000381469727,17.850000381469727,15.03866958618164,0
2014-10-08,17.809999465942383,17.850000381469727,17.799999237060547,17.799999237060547,14.996554374694824,2900
2014-10-09,17.799999237060547,17.799999237060547,17.799999237060547,17.799999237060547,14.996554374694824,1300
2014-10-10,17.799999237060547,17.799999237060547,17.799999237060547,17.799999237060547,14.996554374694824,0
2014-10-13,17.799999237060547,17.799999237060547,17.799999237060547,17.799999237060547,14.996554374694824,0
2014-10-14,17.809999465942383,17.850000381469727,17.809999465942383,17.809999465942383,15.004973411560059,2800
2014-10-15,17.809999465942383,17.81999969482422,17.780000686645508,17.799999237060547,14.996554374694824,7000
2014-10-16,17.799999237060547,17.799999237060547,17.799999237060547,17.799999237060547,14.996554374694824,0
2014-10-17,17.799999237060547,17.799999237060547,17.799999237060547,17.799999237060547,14.996554374694824,0
2014-10-20,17.799999237060547,17.799999237060547,17.799999237060547,17.799999237060547,14.996554374694824,0
2014-10-21,17.799999237060547,17.799999237060547,17.799999237060547,17.799999237060547,14.996554374694824,0
2014-10-22,17.799999237060547,17.799999237060547,17.799999237060547,17.799999237060547,14.996554374694824,0
2014-10-23,17.799999237060547,17.799999237060547,17.799999237060547,17.799999237060547,14.996554374694824,0
2014-10-24,17.799999237060547,17.799999237060547,17.799999237060547,17.799999237060547,14.996554374694824,0
2014-10-27,17.799999237060547,17.799999237060547,17.799999237060547,17.799999237060547,14.996554374694824,0
2014-10-28,17.690000534057617,17.690000534057617,17.690000534057617,17.690000534057617,14.903876304626465,400
2014-10-29,17.690000534057617,17.690000534057617,17.690000534057617,17.690000534057617,14.91821002960205,0
2014-10-30,17.8799991607666,17.889999389648438,17.8799991607666,17.889999389648438,15.086869239807129,400
2014-10-31,17.889999389648438,17.889999389648438,17.889999389648438,17.889999389648438,15.086869239807129,0
2014-11-03,17.889999389648438,17.889999389648438,17.889999389648438,17.889999389648438,15.086869239807129,0
2014-11-04,17.889999389648438,17.889999389648438,17.889999389648438,17.889999389648438,15.086869239807129,0
2014-11-05,17.889999389648438,17.889999389648438,17.889999389648438,17.889999389648438,15.086869239807129,0
2014-11-06,17.889999389648438,17.889999389648438,17.889999389648438,17.889999389648438,15.086869239807129,0
2014-11-07,17.889999389648438,17.889999389648438,17.889999389648438,17.889999389648438,15.086869239807129,0
2014-11-10,17.889999389648438,17.889999389648438,17.889999389648438,17.889999389648438,15.086869239807129,0
2014-11-11,17.889999389648438,17.889999389648438,17.889999389648438,17.889999389648438,15.086869239807129,0
2014-11-12,17.889999389648438,17.889999389648438,17.889999389648438,17.889999389648438,15.086869239807129,0
2014-11-13,17.889999389648438,17.889999389648438,17.889999389648438,17.889999389648438,15.086869239807129,0
2014-11-14,17.889999389648438,17.889999389648438,17.889999389648438,17.889999389648438,15.086869239807129,0
2014-11-17,17.850000381469727,17.850000381469727,17.850000381469727,17.850000381469727,15.053136825561523,600
2014-11-18,17.850000381469727,17.850000381469727,17.850000381469727,17.850000381469727,15.053136825561523,0
2014-11-19,17.860000610351562,17.860000610351562,17.81999969482422,17.81999969482422,15.027837753295898,2000
2014-11-20,17.81999969482422,17.81999969482422,17.81999969482422,17.81999969482422,15.027837753295898,0
2014-11-21,17.81999969482422,17.81999969482422,17.81999969482422,17.81999969482422,15.027837753295898,1800
2014-11-24,17.889999389648438,17.889999389648438,17.540000915527344,17.559999465942383,14.80858039855957,3500
2014-11-25,17.56999969482422,17.56999969482422,17.56999969482422,17.56999969482422,14.831369400024414,700
2014-11-26,17.56999969482422,17.56999969482422,17.559999465942383,17.559999465942383,14.822933197021484,1200
2014-11-28,17.56999969482422,17.56999969482422,17.56999969482422,17.56999969482422,14.831369400024414,600
2014-12-01,17.559999465942383,17.559999465942383,17.510000228881836,17.510000228881836,14.78072452545166,5300
2014-12-02,17.530000686645508,17.530000686645508,17.510000228881836,17.510000228881836,14.78072452545166,2800
2014-12-03,17.510000228881836,17.510000228881836,17.510000228881836,17.510000228881836,14.78072452545166,0
2014-12-04,17.510000228881836,17.520000457763672,17.510000228881836,17.510000228881836,14.78072452545166,1100
2014-12-05,17.59000015258789,17.59000015258789,17.530000686645508,17.530000686645508,14.797605514526367,3800
2014-12-08,17.540000915527344,17.56999969482422,17.530000686645508,17.530000686645508,14.797605514526367,4400
2014-12-09,17.5,17.510000228881836,17.5,17.5,14.772283554077148,2100
2014-12-10,17.520000457763672,17.520000457763672,17.520000457763672,17.520000457763672,14.789164543151855,1800
2014-12-11,17.5,17.56999969482422,17.5,17.56999969482422,14.831369400024414,5200
2014-12-12,17.520000457763672,17.520000457763672,17.5,17.5,14.772283554077148,3500
2014-12-15,17.5,17.5,17.450000762939453,17.450000762939453,14.730077743530273,2000
2014-12-16,17.450000762939453,17.450000762939453,17.450000762939453,17.450000762939453,14.730077743530273,1700
2014-12-17,17.450000762939453,17.450000762939453,17.450000762939453,17.450000762939453,14.730077743530273,0
2014-12-18,17.3700008392334,17.43000030517578,17.3700008392334,17.43000030517578,14.713194847106934,3500
2014-12-19,17.43000030517578,17.43000030517578,17.43000030517578,17.43000030517578,14.713194847106934,0
2014-12-22,17.43000030517578,17.43000030517578,17.43000030517578,17.43000030517578,14.713194847106934,0
2014-12-23,17.40999984741211,17.40999984741211,17.40999984741211,17.40999984741211,14.696314811706543,0
2014-12-24,17.40999984741211,17.40999984741211,17.40999984741211,17.40999984741211,14.696314811706543,800
2014-12-26,17.610000610351562,17.610000610351562,17.610000610351562,17.610000610351562,14.865139961242676,600
2014-12-29,17.59000015258789,17.59000015258789,17.59000015258789,17.59000015258789,14.862602233886719,1500
2014-12-30,17.59000015258789,17.6299991607666,17.56999969482422,17.6299991607666,14.896400451660156,6700
2014-12-31,17.40999984741211,17.709999084472656,17.40999984741211,17.709999084472656,14.963994026184082,2500
2015-01-02,17.700000762939453,17.700000762939453,17.700000762939453,17.700000762939453,14.955547332763672,700
2015-01-05,17.700000762939453,17.700000762939453,17.700000762939453,17.700000762939453,14.955547332763672,0
2015-01-06,17.899999618530273,17.899999618530273,17.700000762939453,17.700000762939453,14.955547332763672,4300
2015-01-07,17.850000381469727,17.850000381469727,17.709999084472656,17.709999084472656,14.963994026184082,800
2015-01-08,17.850000381469727,17.8700008392334,17.850000381469727,17.8700008392334,15.0991849899292,700
2015-01-09,17.760000228881836,17.760000228881836,17.700000762939453,17.700000762939453,14.955547332763672,1500
2015-01-12,17.860000610351562,17.860000610351562,17.860000610351562,17.860000610351562,15.090742111206055,500
2015-01-13,17.860000610351562,17.860000610351562,17.75,17.860000610351562,15.090742111206055,1100
2015-01-14,17.799999237060547,17.799999237060547,17.780000686645508,17.780000686645508,15.023138046264648,600
2015-01-15,17.729999542236328,17.729999542236328,17.719999313354492,17.729999542236328,14.980894088745117,2800
2015-01-16,17.719999313354492,17.770000457763672,17.579999923706055,17.579999923706055,14.854148864746094,2800
2015-01-20,17.610000610351562,17.6200008392334,17.610000610351562,17.610000610351562,14.879502296447754,2500
2015-01-21,17.600000381469727,17.600000381469727,17.420000076293945,17.420000076293945,14.718963623046875,4000
2015-01-22,17.420000076293945,17.420000076293945,17.420000076293945,17.420000076293945,14.718963623046875,800
2015-01-23,17.440000534057617,17.5,17.420000076293945,17.459999084472656,14.752763748168945,4000
2015-01-26,17.459999084472656,17.459999084472656,17.459999084472656,17.459999084472656,14.752763748168945,0
2015-01-27,17.420000076293945,17.420000076293945,17.40999984741211,17.40999984741211,14.710515975952148,1000
2015-01-28,17.469999313354492,17.469999313354492,17.469999313354492,17.469999313354492,14.776485443115234,300
2015-01-29,17.489999771118164,17.489999771118164,17.40999984741211,17.40999984741211,14.72574234008789,3900
2015-01-30,17.40999984741211,17.670000076293945,17.40999984741211,17.549999237060547,14.844151496887207,9100
2015-02-02,17.700000762939453,17.700000762939453,17.700000762939453,17.700000762939453,14.971028327941895,1000
2015-02-03,17.84000015258789,17.84000015258789,17.729999542236328,17.81999969482422,15.07252025604248,1100
2015-02-04,17.700000762939453,17.700000762939453,17.559999465942383,17.559999465942383,14.852612495422363,2500
2015-02-05,17.559999465942383,17.579999923706055,17.459999084472656,17.579999923706055,14.869525909423828,6100
2015-02-06,17.579999923706055,17.579999923706055,17.579999923706055,17.579999923706055,14.869525909423828,0
2015-02-09,17.200000762939453,17.200000762939453,17.200000762939453,17.200000762939453,14.548117637634277,0
2015-02-10,17.450000762939453,17.600000381469727,17.450000762939453,17.600000381469727,14.886442184448242,2700
2015-02-11,17.600000381469727,17.600000381469727,17.600000381469727,17.600000381469727,14.886442184448242,0
2015-02-12,17.520000457763672,17.520000457763672,17.520000457763672,17.520000457763672,14.818777084350586,300
2015-02-13,17.84000015258789,17.860000610351562,17.520000457763672,17.84000015258789,15.089439392089844,3300
2015-02-17,17.84000015258789,17.84000015258789,17.84000015258789,17.84000015258789,15.089439392089844,0
2015-02-18,17.520000457763672,17.520000457763672,17.520000457763672,17.520000457763672,14.818777084350586,0
2015-02-19,17.520000457763672,17.520000457763672,17.520000457763672,17.520000457763672,14.818777084350586,0
2015-02-20,17.850000381469727,17.850000381469727,17.850000381469727,17.850000381469727,15.097894668579102,100
2015-02-23,17.850000381469727,17.850000381469727,17.850000381469727,17.850000381469727,15.097894668579102,0
2015-02-24,17.8799991607666,17.8799991607666,17.84000015258789,17.84000015258789,15.089439392089844,1000
2015-02-25,17.84000015258789,17.84000015258789,17.84000015258789,17.84000015258789,15.103829383850098,0
2015-02-26,17.84000015258789,17.84000015258789,17.84000015258789,17.84000015258789,15.103829383850098,0
2015-02-27,17.530000686645508,17.530000686645508,17.530000686645508,17.530000686645508,14.84138011932373,0
2015-03-02,17.540000915527344,17.540000915527344,17.540000915527344,17.540000915527344,14.849841117858887,100
2015-03-03,17.84000015258789,17.84000015258789,17.84000015258789,17.84000015258789,15.103829383850098,200
2015-03-04,17.780000686645508,17.799999237060547,17.780000686645508,17.799999237060547,15.069965362548828,500
2015-03-05,17.600000381469727,17.860000610351562,17.600000381469727,17.799999237060547,15.069965362548828,6300
2015-03-06,17.860000610351562,17.889999389648438,17.860000610351562,17.889999389648438,15.146158218383789,2000
2015-03-09,17.8700008392334,17.899999618530273,17.8700008392334,17.899999618530273,15.154631614685059,3100
2015-03-10,17.799999237060547,17.799999237060547,17.799999237060547,17.799999237060547,15.069965362548828,400
2015-03-11,17.799999237060547,17.799999237060547,17.799999237060547,17.799999237060547,15.069965362548828,0
2015-03-12,16.850000381469727,16.850000381469727,16.850000381469727,16.850000381469727,14.265670776367188,0
2015-03-13,17.479999542236328,17.479999542236328,17.479999542236328,17.479999542236328,14.799041748046875,0
2015-03-16,17.969999313354492,17.969999313354492,17.969999313354492,17.969999313354492,15.213889122009277,500
2015-03-17,17.969999313354492,17.969999313354492,17.969999313354492,17.969999313354492,15.213889122009277,0
2015-03-18,17.969999313354492,17.969999313354492,17.969999313354492,17.969999313354492,15.213889122009277,0
2015-03-19,17.549999237060547,17.549999237060547,17.549999237060547,17.549999237060547,14.858306884765625,0
2015-03-20,17.360000610351562,17.360000610351562,17.360000610351562,17.360000610351562,14.697457313537598,0
2015-03-23,17.829999923706055,17.829999923706055,17.829999923706055,17.829999923706055,15.095366477966309,500
2015-03-24,17.829999923706055,17.829999923706055,17.829999923706055,17.829999923706055,15.095366477966309,0
2015-03-25,17.770000457763672,17.770000457763672,17.760000228881836,17.760000228881836,15.036105155944824,600
2015-03-26,17.760000228881836,17.760000228881836,17.760000228881836,17.760000228881836,15.036105155944824,0
2015-03-27,17.540000915527344,17.540000915527344,17.540000915527344,17.540000915527344,14.864069938659668,0
2015-03-30,17.540000915527344,17.540000915527344,17.540000915527344,17.540000915527344,14.864069938659668,0
2015-03-31,17.540000915527344,17.540000915527344,17.540000915527344,17.540000915527344,14.864069938659668,0
2015-04-01,17.540000915527344,17.540000915527344,17.540000915527344,17.540000915527344,14.864069938659668,0
2015-04-02,17.950000762939453,17.950000762939453,17.950000762939453,17.950000762939453,15.211520195007324,100
2015-04-06,17.950000762939453,17.950000762939453,17.950000762939453,17.950000762939453,15.211520195007324,0
2015-04-07,17.950000762939453,17.950000762939453,17.950000762939453,17.950000762939453,15.211520195007324,0
2015-04-08,17.770000457763672,17.770000457763672,17.75,17.75,15.042037963867188,1900
2015-04-09,17.75,17.75,17.75,17.75,15.042037963867188,0
2015-04-10,17.75,17.75,17.75,17.75,15.042037963867188,0
2015-04-13,17.950000762939453,18.110000610351562,17.940000534057617,18.010000228881836,15.262371063232422,4300
2015-04-14,18.0,18.0,18.0,18.0,15.253889083862305,800
2015-04-15,17.979999542236328,17.979999542236328,17.979999542236328,17.979999542236328,15.236942291259766,100
2015-04-16,17.90999984741211,17.90999984741211,17.90999984741211,17.90999984741211,15.17762279510498,200
2015-04-17,17.90999984741211,17.90999984741211,17.90999984741211,17.90999984741211,15.17762279510498,0
2015-04-20,18.110000610351562,18.110000610351562,18.110000610351562,18.110000610351562,15.34711742401123,500
2015-04-21,18.110000610351562,18.110000610351562,18.110000610351562,18.110000610351562,15.34711742401123,0
2015-04-22,18.0,18.0,18.0,18.0,15.253889083862305,700
2015-04-23,18.0,18.0,18.0,18.0,15.253889083862305,0
2015-04-24,18.0,18.0,18.0,18.0,15.253889083862305,0
2015-04-27,18.0,18.0,18.0,18.0,15.253889083862305,0
2015-04-28,18.0,18.0,18.0,18.0,15.268310546875,0
2015-04-29,18.0,18.0,18.0,18.0,15.268310546875,0
2015-04-30,17.899999618530273,17.899999618530273,17.899999618530273,17.899999618530273,15.183487892150879,400
2015-05-01,17.850000381469727,17.850000381469727,17.850000381469727,17.850000381469727,15.141070365905762,100
2015-05-04,17.829999923706055,17.850000381469727,17.81999969482422,17.81999969482422,15.115623474121094,300
2015-05-05,18.100000381469727,18.100000381469727,18.100000381469727,18.100000381469727,15.35313892364502,1200
2015-05-06,18.079999923706055,18.079999923706055,18.079999923706055,18.079999923706055,15.336173057556152,200
2015-05-07,18.079999923706055,18.079999923706055,18.079999923706055,18.079999923706055,15.336173057556152,0
2015-05-08,18.079999923706055,18.079999923706055,18.079999923706055,18.079999923706055,15.336173057556152,0
2015-05-11,17.850000381469727,17.850000381469727,17.770000457763672,17.850000381469727,15.141070365905762,3200
2015-05-12,18.149999618530273,18.149999618530273,17.84000015258789,17.84000015258789,15.132594108581543,900
2015-05-13,17.84000015258789,17.84000015258789,17.84000015258789,17.84000015258789,15.132594108581543,0
2015-05-14,17.899999618530273,17.979999542236328,17.899999618530273,17.979999542236328,15.251348495483398,600
2015-05-15,17.979999542236328,17.979999542236328,17.979999542236328,17.979999542236328,15.251348495483398,0
2015-05-18,17.979999542236328,17.979999542236328,17.979999542236328,17.979999542236328,15.251348495483398,0
2015-05-19,17.979999542236328,17.979999542236328,17.979999542236328,17.979999542236328,15.251348495483398,0
2015-05-20,17.979999542236328,17.979999542236328,17.979999542236328,17.979999542236328,15.251348495483398,0
2015-05-21,17.899999618530273,17.899999618530273,17.84000015258789,17.84000015258789,15.132594108581543,700
2015-05-22,17.84000015258789,17.84000015258789,17.84000015258789,17.84000015258789,15.132594108581543,0
2015-05-26,17.84000015258789,17.84000015258789,17.84000015258789,17.84000015258789,15.132594108581543,0
2015-05-27,17.889999389648438,17.899999618530273,17.889999389648438,17.899999618530273,15.197968482971191,1500
2015-05-28,17.899999618530273,17.899999618530273,17.899999618530273,17.899999618530273,15.197968482971191,0
2015-05-29,17.84000015258789,17.84000015258789,17.780000686645508,17.799999237060547,15.113069534301758,900
2015-06-01,17.799999237060547,17.799999237060547,17.799999237060547,17.799999237060547,15.113069534301758,0
2015-06-02,17.799999237060547,17.799999237060547,17.799999237060547,17.799999237060547,15.113069534301758,0
2015-06-03,18.100000381469727,18.100000381469727,18.100000381469727,18.100000381469727,15.367781639099121,200
2015-06-04,18.239999771118164,18.239999771118164,17.809999465942383,17.950000762939453,15.240427017211914,2300
2015-06-05,17.950000762939453,17.950000762939453,17.950000762939453,17.950000762939453,15.240427017211914,0
2015-06-08,18.239999771118164,18.239999771118164,18.0,18.0,15.282875061035156,1700
2015-06-09,17.889999389648438,17.889999389648438,17.889999389648438,17.889999389648438,15.189478874206543,400
2015-06-10,17.8799991607666,17.8799991607666,17.8799991607666,17.8799991607666,15.180988311767578,400
2015-06-11,17.8799991607666,17.8799991607666,17.8799991607666,17.8799991607666,15.180988311767578,0
2015-06-12,17.8799991607666,17.8799991607666,17.8799991607666,17.8799991607666,15.180988311767578,0
2015-06-15,17.8799991607666,17.8799991607666,17.8799991607666,17.8799991607666,15.180988311767578,0
2015-06-16,18.0,18.040000915527344,17.8700008392334,17.8700008392334,15.172496795654297,3900
2015-06-17,17.8799991607666,17.889999389648438,17.8799991607666,17.889999389648438,15.189478874206543,300
2015-06-18,17.8799991607666,17.8799991607666,17.8700008392334,17.8700008392334,15.172496795654297,400
2015-06-19,18.0,18.0,17.8700008392334,17.8700008392334,15.172496795654297,1000
2015-06-22,17.889999389648438,18.049999237060547,17.8700008392334,18.049999237060547,15.32533073425293,800
2015-06-23,18.239999771118164,18.270000457763672,18.200000762939453,18.270000457763672,15.51211929321289,900
2015-06-24,18.270000457763672,18.270000457763672,18.270000457763672,18.270000457763672,15.51211929321289,0
2015-06-25,18.290000915527344,18.290000915527344,18.040000915527344,18.149999618530273,15.410235404968262,1200
2015-06-26,18.149999618530273,18.149999618530273,18.149999618530273,18.149999618530273,15.424683570861816,0
2015-06-29,18.149999618530273,18.149999618530273,18.149999618530273,18.149999618530273,15.424683570861816,0
2015-06-30,18.149999618530273,18.149999618530273,18.149999618530273,18.149999618530273,15.424683570861816,0
2015-07-01,18.149999618530273,18.149999618530273,18.149999618530273,18.149999618530273,15.424683570861816,0
2015-07-02,18.18000030517578,18.280000686645508,18.18000030517578,18.280000686645508,15.535160064697266,600
2015-07-06,18.030000686645508,18.030000686645508,17.799999237060547,17.799999237060547,15.127236366271973,3800
2015-07-07,17.860000610351562,17.8799991607666,17.799999237060547,17.799999237060547,15.127236366271973,1400
2015-07-08,17.889999389648438,17.889999389648438,17.799999237060547,17.81999969482422,15.144230842590332,2500
2015-07-09,17.799999237060547,17.799999237060547,17.799999237060547,17.799999237060547,15.127236366271973,2000
2015-07-10,17.799999237060547,17.8799991607666,17.729999542236328,17.75,15.08474349975586,5800
2015-07-13,17.799999237060547,17.81999969482422,17.799999237060547,17.81999969482422,15.144230842590332,800
2015-07-14,17.799999237060547,17.799999237060547,17.799999237060547,17.799999237060547,15.127236366271973,200
2015-07-15,17.75,17.799999237060547,17.75,17.799999237060547,15.127236366271973,600
2015-07-16,17.809999465942383,17.81999969482422,17.809999465942383,17.81999969482422,15.144230842590332,400
2015-07-17,17.920000076293945,17.920000076293945,17.90999984741211,17.920000076293945,15.22922134399414,6100
2015-07-20,18.0,18.1200008392334,18.0,18.0,15.297201156616211,700
2015-07-21,18.0,18.0,18.0,18.0,15.297201156616211,0
2015-07-22,18.18000030517578,18.260000228881836,18.18000030517578,18.239999771118164,15.501171112060547,1000
2015-07-23,18.239999771118164,18.239999771118164,18.239999771118164,18.239999771118164,15.501171112060547,0
2015-07-24,18.420000076293945,18.440000534057617,18.3700008392334,18.3700008392334,15.611644744873047,800
2015-07-27,18.3700008392334,18.3700008392334,18.3700008392334,18.3700008392334,15.611644744873047,0
2015-07-28,18.3700008392334,18.3700008392334,18.3700008392334,18.3700008392334,15.611644744873047,0
2015-07-29,18.1200008392334,18.190000534057617,18.100000381469727,18.190000534057617,15.472993850708008,1800
2015-07-30,18.149999618530273,18.200000762939453,18.100000381469727,18.200000762939453,15.48149299621582,2000
2015-07-31,18.200000762939453,18.200000762939453,18.200000762939453,18.200000762939453,15.48149299621582,0
2015-08-03,18.100000381469727,18.100000381469727,18.100000381469727,18.100000381469727,15.396438598632812,800
2015-08-04,18.200000762939453,18.25,18.149999618530273,18.25,15.524035453796387,22200
2015-08-05,18.149999618530273,18.149999618530273,18.049999237060547,18.049999237060547,15.35390853881836,5400
2015-08-06,18.049999237060547,18.049999237060547,18.049999237060547,18.049999237060547,15.35390853881836,0
2015-08-07,18.049999237060547,18.049999237060547,18.049999237060547,18.049999237060547,15.35390853881836,0
2015-08-10,18.049999237060547,18.049999237060547,18.049999237060547,18.049999237060547,15.35390853881836,0
2015-08-11,18.420000076293945,18.440000534057617,18.420000076293945,18.440000534057617,15.685651779174805,1000
2015-08-12,18.020000457763672,18.059999465942383,18.0,18.0,15.311371803283691,2800
2015-08-13,18.0,18.0,18.0,18.0,15.311371803283691,0
2015-08-14,18.0,18.0,18.0,18.0,15.311371803283691,0
2015-08-17,18.0,18.0,18.0,18.0,15.311371803283691,0
2015-08-18,18.0,18.0,18.0,18.0,15.311371803283691,0
2015-08-19,18.0,18.0,18.0,18.0,15.311371803283691,0
2015-08-20,18.0,18.0,18.0,18.0,15.311371803283691,0
2015-08-21,18.100000381469727,18.360000610351562,18.049999237060547,18.049999237060547,15.35390853881836,2000
2015-08-24,18.020000457763672,18.020000457763672,17.979999542236328,17.979999542236328,15.294360160827637,1300
2015-08-25,17.709999084472656,17.899999618530273,17.709999084472656,17.899999618530273,15.226313591003418,2900
2015-08-26,17.899999618530273,17.899999618530273,17.899999618530273,17.899999618530273,15.226313591003418,0
2015-08-27,17.950000762939453,17.950000762939453,17.950000762939453,17.950000762939453,15.284210205078125,2000
2015-08-28,17.989999771118164,17.989999771118164,17.850000381469727,17.850000381469727,15.199063301086426,1300
2015-08-31,17.860000610351562,17.860000610351562,17.860000610351562,17.860000610351562,15.207569122314453,700
2015-09-01,17.860000610351562,17.860000610351562,17.850000381469727,17.850000381469727,15.199063301086426,1200
2015-09-02,17.850000381469727,17.850000381469727,17.850000381469727,17.850000381469727,15.199063301086426,0
2015-09-03,17.850000381469727,17.850000381469727,17.850000381469727,17.850000381469727,15.199063301086426,100
2015-09-04,17.850000381469727,17.850000381469727,17.850000381469727,17.850000381469727,15.199063301086426,100
2015-09-08,17.850000381469727,17.850000381469727,17.850000381469727,17.850000381469727,15.199063301086426,0
2015-09-09,17.850000381469727,17.850000381469727,17.850000381469727,17.850000381469727,15.199063301086426,0
2015-09-10,17.799999237060547,17.799999237060547,17.799999237060547,17.799999237060547,15.156485557556152,1100
2015-09-11,17.799999237060547,17.799999237060547,17.799999237060547,17.799999237060547,15.156485557556152,0
2015-09-14,17.799999237060547,17.799999237060547,17.75,17.760000228881836,15.122430801391602,1800
2015-09-15,17.959999084472656,17.959999084472656,17.959999084472656,17.959999084472656,15.292724609375,500
2015-09-16,17.920000076293945,17.920000076293945,17.84000015258789,17.860000610351562,15.207569122314453,600
2015-09-17,17.829999923706055,17.829999923706055,17.829999923706055,17.829999923706055,15.18203353881836,600
2015-09-18,17.829999923706055,17.829999923706055,17.75,17.760000228881836,15.122430801391602,5700
2015-09-21,17.760000228881836,17.899999618530273,17.75,17.760000228881836,15.122430801391602,7000
2015-09-22,17.760000228881836,17.760000228881836,17.760000228881836,17.760000228881836,15.122430801391602,600
2015-09-23,17.760000228881836,17.760000228881836,17.760000228881836,17.760000228881836,15.122430801391602,0
2015-09-24,17.850000381469727,17.850000381469727,17.850000381469727,17.850000381469727,15.199063301086426,800
2015-09-25,17.75,17.770000457763672,17.75,17.75,15.113917350769043,1200
2015-09-28,17.75,17.75,17.709999084472656,17.709999084472656,15.079854011535645,1000
2015-09-29,17.709999084472656,17.709999084472656,17.709999084472656,17.709999084472656,15.079854011535645,0
2015-09-30,17.709999084472656,17.709999084472656,17.709999084472656,17.709999084472656,15.079854011535645,0
2015-10-01,17.709999084472656,17.709999084472656,17.709999084472656,17.709999084472656,15.096052169799805,700
2015-10-02,17.889999389648438,17.889999389648438,17.760000228881836,17.760000228881836,15.138672828674316,600
2015-10-05,17.75,17.760000228881836,17.75,17.760000228881836,15.138672828674316,1900
2015-10-06,17.770000457763672,17.770000457763672,17.770000457763672,17.770000457763672,15.147194862365723,500
2015-10-07,17.770000457763672,17.770000457763672,17.770000457763672,17.770000457763672,15.147194862365723,0
2015-10-08,17.760000228881836,17.760000228881836,17.760000228881836,17.760000228881836,15.138672828674316,900
2015-10-09,17.84000015258789,17.84000015258789,17.829999923706055,17.84000015258789,15.206862449645996,2000
2015-10-12,17.850000381469727,17.899999618530273,17.850000381469727,17.899999618530273,15.25800895690918,1100
2015-10-13,17.899999618530273,17.899999618530273,17.899999618530273,17.899999618530273,15.25800895690918,0
2015-10-14,17.899999618530273,17.899999618530273,17.899999618530273,17.899999618530273,15.25800895690918,0
2015-10-15,17.899999618530273,17.899999618530273,17.899999618530273,17.899999618530273,15.25800895690918,0
2015-10-16,17.920000076293945,17.920000076293945,17.90999984741211,17.90999984741211,15.266530990600586,300
2015-10-19,17.8799991607666,17.8799991607666,17.8799991607666,17.8799991607666,15.240959167480469,100
2015-10-20,17.850000381469727,17.850000381469727,17.850000381469727,17.850000381469727,15.215385437011719,1000
2015-10-21,17.950000762939453,17.950000762939453,17.950000762939453,17.950000762939453,15.300627708435059,5200
2015-10-22,17.850000381469727,17.850000381469727,17.760000228881836,17.850000381469727,15.215385437011719,3800
2015-10-23,17.850000381469727,17.889999389648438,17.850000381469727,17.889999389648438,15.249479293823242,2000
2015-10-26,17.850000381469727,17.90999984741211,17.850000381469727,17.860000610351562,15.22391128540039,3500
2015-10-27,17.860000610351562,17.860000610351562,17.860000610351562,17.860000610351562,15.22391128540039,100
2015-10-28,17.860000610351562,17.860000610351562,17.860000610351562,17.860000610351562,15.238414764404297,0
2015-10-29,17.860000610351562,17.860000610351562,17.860000610351562,17.860000610351562,15.238414764404297,400
2015-10-30,17.899999618530273,17.899999618530273,17.8700008392334,17.899999618530273,15.272541999816895,2300
2015-11-02,17.860000610351562,17.860000610351562,17.850000381469727,17.850000381469727,15.229878425598145,2800
2015-11-03,17.850000381469727,17.850000381469727,17.850000381469727,17.850000381469727,15.229878425598145,0
2015-11-04,17.850000381469727,17.850000381469727,17.850000381469727,17.850000381469727,15.229878425598145,0
2015-11-05,17.899999618530273,17.899999618530273,17.899999618530273,17.899999618530273,15.272541999816895,200
2015-11-06,17.850000381469727,17.850000381469727,17.760000228881836,17.760000228881836,15.153095245361328,7700
2015-11-09,17.770000457763672,17.770000457763672,17.770000457763672,17.770000457763672,15.161624908447266,300
2015-11-10,17.770000457763672,17.770000457763672,17.770000457763672,17.770000457763672,15.161624908447266,0
2015-11-11,17.770000457763672,17.770000457763672,17.770000457763672,17.770000457763672,15.161624908447266,0
2015-11-12,17.899999618530273,17.899999618530273,17.889999389648438,17.899999618530273,15.272541999816895,5800
2015-11-13,17.950000762939453,17.950000762939453,17.950000762939453,17.950000762939453,15.31519889831543,200
2015-11-16,17.950000762939453,17.950000762939453,17.950000762939453,17.950000762939453,15.31519889831543,0
2015-11-17,18.0,18.0,18.0,18.0,15.357860565185547,600
2015-11-18,18.0,18.0,18.0,18.0,15.357860565185547,0
2015-11-19,17.760000228881836,18.170000076293945,17.760000228881836,18.1299991607666,15.468780517578125,2200
2015-11-20,17.809999465942383,17.809999465942383,17.799999237060547,17.799999237060547,15.18722152709961,700
2015-11-23,17.799999237060547,17.799999237060547,17.799999237060547,17.799999237060547,15.18722152709961,0
2015-11-24,17.799999237060547,17.799999237060547,17.799999237060547,17.799999237060547,15.18722152709961,0
2015-11-25,17.770000457763672,17.770000457763672,17.770000457763672,17.770000457763672,15.161624908447266,600
2015-11-27,17.790000915527344,17.790000915527344,17.790000915527344,17.790000915527344,15.178695678710938,300
2015-11-30,17.790000915527344,17.790000915527344,17.790000915527344,17.790000915527344,15.178695678710938,0
2015-12-01,17.829999923706055,17.829999923706055,17.829999923706055,17.829999923706055,15.22736930847168,100
2015-12-02,17.829999923706055,17.829999923706055,17.829999923706055,17.829999923706055,15.22736930847168,0
2015-12-03,17.829999923706055,17.829999923706055,17.829999923706055,17.829999923706055,15.22736930847168,0
2015-12-04,17.829999923706055,17.829999923706055,17.829999923706055,17.829999923706055,15.22736930847168,0
2015-12-07,17.829999923706055,17.829999923706055,17.829999923706055,17.829999923706055,15.22736930847168,0
2015-12-08,17.829999923706055,17.829999923706055,17.829999923706055,17.829999923706055,15.22736930847168,0
2015-12-09,17.829999923706055,17.829999923706055,17.829999923706055,17.829999923706055,15.22736930847168,0
2015-12-10,17.829999923706055,17.829999923706055,17.829999923706055,17.829999923706055,15.22736930847168,0
2015-12-11,17.829999923706055,17.829999923706055,17.829999923706055,17.829999923706055,15.22736930847168,0
2015-12-14,17.829999923706055,17.829999923706055,17.829999923706055,17.829999923706055,15.22736930847168,0
2015-12-15,17.780000686645508,18.0,17.780000686645508,18.0,15.372549057006836,3200
2015-12-16,18.0,18.0,18.0,18.0,15.372549057006836,0
2015-12-17,17.799999237060547,17.799999237060547,17.799999237060547,17.799999237060547,15.201751708984375,400
2015-12-18,17.899999618530273,18.229999542236328,17.780000686645508,18.1200008392334,15.47503662109375,13700
2015-12-21,17.940000534057617,18.350000381469727,17.920000076293945,18.219999313354492,15.56043529510498,26400
2015-12-22,17.780000686645508,18.219999313354492,17.780000686645508,17.979999542236328,15.355476379394531,14500
2015-12-23,17.979999542236328,17.979999542236328,17.979999542236328,17.979999542236328,15.355476379394531,0
2015-12-24,17.979999542236328,17.979999542236328,17.979999542236328,17.979999542236328,15.355476379394531,0
2015-12-28,17.959999084472656,18.280000686645508,17.8799991607666,17.8799991607666,15.270069122314453,24500
2015-12-29,18.010000228881836,18.420000076293945,17.8700008392334,17.940000534057617,15.339326858520508,2200
2015-12-30,17.940000534057617,17.940000534057617,17.940000534057617,17.940000534057617,15.339326858520508,0
2015-12-31,17.940000534057617,17.940000534057617,17.940000534057617,17.940000534057617,15.339326858520508,0
2016-01-04,18.15999984741211,18.15999984741211,18.15999984741211,18.15999984741211,15.527436256408691,300
2016-01-05,18.15999984741211,18.15999984741211,18.15999984741211,18.15999984741211,15.527436256408691,0
2016-01-06,18.15999984741211,18.15999984741211,18.15999984741211,18.15999984741211,15.527436256408691,0
2016-01-07,17.899999618530273,17.950000762939453,17.899999618530273,17.950000762939453,15.347872734069824,500
2016-01-08,17.979999542236328,18.030000686645508,17.969999313354492,18.030000686645508,15.416282653808594,300
2016-01-11,18.350000381469727,18.3799991607666,18.350000381469727,18.3799991607666,15.715548515319824,900
2016-01-12,18.3799991607666,18.3799991607666,18.3799991607666,18.3799991607666,15.715548515319824,0
2016-01-13,18.3799991607666,18.3799991607666,18.3799991607666,18.3799991607666,15.715548515319824,0
2016-01-14,17.959999084472656,17.959999084472656,17.959999084472656,17.959999084472656,15.356430053710938,1000
2016-01-15,18.399999618530273,18.399999618530273,18.399999618530273,18.399999618530273,15.732651710510254,100
2016-01-19,18.399999618530273,18.399999618530273,18.399999618530273,18.399999618530273,15.732651710510254,0
2016-01-20,18.399999618530273,18.399999618530273,18.399999618530273,18.399999618530273,15.732651710510254,0
2016-01-21,18.399999618530273,18.399999618530273,18.399999618530273,18.399999618530273,15.732651710510254,0
2016-01-22,18.399999618530273,18.399999618530273,18.399999618530273,18.399999618530273,15.732651710510254,0
2016-01-25,17.969999313354492,17.979999542236328,17.950000762939453,17.950000762939453,15.347872734069824,3900
2016-01-26,17.950000762939453,18.09000015258789,17.90999984741211,18.09000015258789,15.467580795288086,3000
2016-01-27,17.889999389648438,17.889999389648438,17.889999389648438,17.889999389648438,15.315194129943848,1300
2016-01-28,17.889999389648438,17.889999389648438,17.889999389648438,17.889999389648438,15.315194129943848,0
2016-01-29,17.889999389648438,17.889999389648438,17.889999389648438,17.889999389648438,15.315194129943848,0
2016-02-01,17.899999618530273,17.899999618530273,17.84000015258789,17.899999618530273,15.323760986328125,400
2016-02-02,17.899999618530273,17.899999618530273,17.899999618530273,17.899999618530273,15.323760986328125,0
2016-02-03,17.850000381469727,17.850000381469727,17.850000381469727,17.850000381469727,15.280962944030762,100
2016-02-04,17.850000381469727,17.850000381469727,17.850000381469727,17.850000381469727,15.280962944030762,0
2016-02-05,17.850000381469727,17.850000381469727,17.850000381469727,17.850000381469727,15.280962944030762,0
2016-02-08,17.850000381469727,17.850000381469727,17.850000381469727,17.850000381469727,15.280962944030762,0
2016-02-09,18.040000915527344,18.040000915527344,18.040000915527344,18.040000915527344,15.44361686706543,3600
2016-02-10,18.049999237060547,18.209999084472656,18.049999237060547,18.170000076293945,15.554903984069824,4100
2016-02-11,18.049999237060547,18.139999389648438,17.81999969482422,17.81999969482422,15.255278587341309,4000
2016-02-12,17.81999969482422,17.81999969482422,17.709999084472656,17.709999084472656,15.161107063293457,900
2016-02-16,17.709999084472656,17.709999084472656,17.709999084472656,17.709999084472656,15.161107063293457,0
2016-02-17,17.709999084472656,17.709999084472656,17.709999084472656,17.709999084472656,15.161107063293457,0
2016-02-18,17.709999084472656,17.709999084472656,17.709999084472656,17.709999084472656,15.161107063293457,0
2016-02-19,17.700000762939453,17.700000762939453,17.700000762939453,17.700000762939453,15.152548789978027,800
2016-02-22,17.700000762939453,17.700000762939453,17.700000762939453,17.700000762939453,15.152548789978027,0
2016-02-23,17.700000762939453,17.700000762939453,17.700000762939453,17.700000762939453,15.152548789978027,0
2016-02-24,17.8799991607666,17.90999984741211,17.8799991607666,17.899999618530273,15.323760986328125,3400
2016-02-25,17.899999618530273,17.899999618530273,17.899999618530273,17.899999618530273,15.344335556030273,0
2016-02-26,17.899999618530273,17.899999618530273,17.899999618530273,17.899999618530273,15.344335556030273,0
2016-02-29,17.700000762939453,17.700000762939453,17.549999237060547,17.600000381469727,15.087174415588379,4400
2016-03-01,17.520000457763672,17.520000457763672,17.309999465942383,17.309999465942383,14.838576316833496,2000
2016-03-02,17.350000381469727,17.350000381469727,17.290000915527344,17.290000915527344,14.821434020996094,2200
2016-03-03,17.290000915527344,17.290000915527344,17.290000915527344,17.290000915527344,14.821434020996094,0
2016-03-04,17.290000915527344,17.290000915527344,17.290000915527344,17.290000915527344,14.821434020996094,0
2016-03-07,17.25,17.299999237060547,17.25,17.299999237060547,14.829999923706055,600
2016-03-08,17.299999237060547,17.299999237060547,17.299999237060547,17.299999237060547,14.829999923706055,0
2016-03-09,17.299999237060547,17.299999237060547,17.299999237060547,17.299999237060547,14.829999923706055,0
2016-03-10,17.299999237060547,17.299999237060547,17.299999237060547,17.299999237060547,14.829999923706055,0
2016-03-11,17.350000381469727,17.350000381469727,17.350000381469727,17.350000381469727,14.87286376953125,400
2016-03-14,17.350000381469727,17.350000381469727,17.350000381469727,17.350000381469727,14.87286376953125,0
2016-03-15,17.350000381469727,17.350000381469727,17.350000381469727,17.350000381469727,14.87286376953125,0
2016-03-16,17.350000381469727,17.350000381469727,17.350000381469727,17.350000381469727,14.87286376953125,0
2016-03-17,17.399999618530273,17.450000762939453,17.389999389648438,17.450000762939453,14.958588600158691,3700
2016-03-18,17.600000381469727,17.809999465942383,17.450000762939453,17.799999237060547,15.258618354797363,23500
2016-03-21,17.799999237060547,17.799999237060547,17.799999237060547,17.799999237060547,15.258618354797363,0
2016-03-22,17.799999237060547,17.799999237060547,17.799999237060547,17.799999237060547,15.258618354797363,0
2016-03-23,17.799999237060547,17.969999313354492,17.799999237060547,17.969999313354492,15.404338836669922,600
2016-03-24,17.969999313354492,17.969999313354492,17.969999313354492,17.969999313354492,15.404338836669922,0
2016-03-28,17.65999984741211,17.65999984741211,17.399999618530273,17.56999969482422,15.061455726623535,1300
2016-03-29,17.739999771118164,17.75,17.450000762939453,17.479999542236328,14.984304428100586,2200
2016-03-30,17.479999542236328,17.479999542236328,17.479999542236328,17.479999542236328,15.004902839660645,0
2016-03-31,17.479999542236328,17.479999542236328,17.479999542236328,17.479999542236328,15.004902839660645,0
2016-04-01,17.479999542236328,17.479999542236328,17.479999542236328,17.479999542236328,15.004902839660645,0
2016-04-04,17.399999618530273,17.399999618530273,17.399999618530273,17.399999618530273,14.93623161315918,1000
2016-04-05,17.399999618530273,17.399999618530273,17.399999618530273,17.399999618530273,14.93623161315918,0
2016-04-06,17.520000457763672,17.549999237060547,17.520000457763672,17.549999237060547,15.064988136291504,1000
2016-04-07,17.510000228881836,17.510000228881836,17.450000762939453,17.450000762939453,14.97915267944336,5600
2016-04-08,17.600000381469727,17.600000381469727,17.600000381469727,17.600000381469727,15.107911109924316,100
2016-04-11,17.600000381469727,17.600000381469727,17.600000381469727,17.600000381469727,15.107911109924316,0
2016-04-12,17.8700008392334,17.8700008392334,17.799999237060547,17.799999237060547,15.279589653015137,600
2016-04-13,17.969999313354492,17.969999313354492,17.969999313354492,17.969999313354492,15.425520896911621,900
2016-04-14,17.950000762939453,17.969999313354492,17.649999618530273,17.969999313354492,15.425520896911621,1400
2016-04-15,17.969999313354492,17.969999313354492,17.969999313354492,17.969999313354492,15.425520896911621,0
2016-04-18,17.549999237060547,17.549999237060547,17.549999237060547,17.549999237060547,15.064988136291504,1200
2016-04-19,17.549999237060547,17.549999237060547,17.549999237060547,17.549999237060547,15.064988136291504,0
2016-04-20,17.549999237060547,17.549999237060547,17.549999237060547,17.549999237060547,15.064988136291504,0
2016-04-21,17.5,17.639999389648438,17.5,17.639999389648438,15.142244338989258,1500
2016-04-22,17.639999389648438,17.639999389648438,17.639999389648438,17.639999389648438,15.142244338989258,0
2016-04-25,17.639999389648438,17.639999389648438,17.639999389648438,17.639999389648438,15.142244338989258,0
2016-04-26,17.639999389648438,17.639999389648438,17.639999389648438,17.639999389648438,15.142244338989258,0
2016-04-27,17.639999389648438,17.639999389648438,17.639999389648438,17.639999389648438,15.16201400756836,0
2016-04-28,17.639999389648438,17.639999389648438,17.639999389648438,17.639999389648438,15.16201400756836,0
2016-04-29,17.520000457763672,17.520000457763672,17.520000457763672,17.520000457763672,15.058878898620605,200
2016-05-02,17.5,17.709999084472656,17.5,17.709999084472656,15.222185134887695,300
2016-05-03,17.68000030517578,17.770000457763672,17.68000030517578,17.770000457763672,15.27375602722168,1400
2016-05-04,17.770000457763672,17.770000457763672,17.770000457763672,17.770000457763672,15.27375602722168,0
2016-05-05,17.549999237060547,17.549999237060547,17.489999771118164,17.510000228881836,15.050278663635254,5500
2016-05-06,17.510000228881836,17.510000228881836,17.510000228881836,17.510000228881836,15.050278663635254,300
2016-05-09,17.510000228881836,17.760000228881836,17.510000228881836,17.56999969482422,15.101858139038086,4000
2016-05-10,17.56999969482422,17.56999969482422,17.56999969482422,17.56999969482422,15.101858139038086,0
2016-05-11,17.56999969482422,17.56999969482422,17.56999969482422,17.56999969482422,15.101858139038086,0
2016-05-12,17.510000228881836,18.0,17.479999542236328,17.540000915527344,15.076065063476562,13000
2016-05-13,17.559999465942383,17.56999969482422,17.559999465942383,17.56999969482422,15.101858139038086,1200
2016-05-16,17.719999313354492,17.75,17.610000610351562,17.75,15.256567001342773,4000
2016-05-17,17.75,17.75,17.75,17.75,15.256567001342773,0
2016-05-18,17.799999237060547,17.799999237060547,17.799999237060547,17.799999237060547,15.299538612365723,1000
2016-05-19,17.799999237060547,17.799999237060547,17.799999237060547,17.799999237060547,15.299538612365723,600
2016-05-20,17.579999923706055,17.600000381469727,17.559999465942383,17.559999465942383,15.093259811401367,1500
2016-05-23,17.559999465942383,17.670000076293945,17.549999237060547,17.649999618530273,15.170620918273926,2000
2016-05-24,17.600000381469727,17.790000915527344,17.600000381469727,17.790000915527344,15.290947914123535,700
2016-05-25,17.790000915527344,17.790000915527344,17.790000915527344,17.790000915527344,15.290947914123535,0
2016-05-26,17.600000381469727,17.670000076293945,17.540000915527344,17.600000381469727,15.146373748779297,8000
2016-05-27,17.950000762939453,17.950000762939453,17.649999618530273,17.690000534057617,15.223825454711914,1900
2016-05-31,17.59000015258789,17.799999237060547,17.530000686645508,17.790000915527344,15.309884071350098,7900
2016-06-01,17.6200008392334,17.65999984741211,17.6200008392334,17.65999984741211,15.198004722595215,900
2016-06-02,17.6200008392334,18.010000228881836,17.610000610351562,17.610000610351562,15.154976844787598,1800
2016-06-03,17.6200008392334,17.969999313354492,17.6200008392334,17.969999313354492,15.464784622192383,1300
2016-06-06,17.6200008392334,17.6200008392334,17.600000381469727,17.600000381469727,15.146373748779297,1000
2016-06-07,17.729999542236328,17.850000381469727,17.729999542236328,17.850000381469727,15.361517906188965,1200
2016-06-08,17.600000381469727,17.850000381469727,17.600000381469727,17.850000381469727,15.361517906188965,200
2016-06-09,17.850000381469727,17.850000381469727,17.850000381469727,17.850000381469727,15.361517906188965,0
2016-06-10,17.850000381469727,17.850000381469727,17.850000381469727,17.850000381469727,15.361517906188965,0
2016-06-13,17.600000381469727,17.600000381469727,17.600000381469727,17.600000381469727,15.146373748779297,1100
2016-06-14,17.600000381469727,17.600000381469727,17.600000381469727,17.600000381469727,15.146373748779297,0
2016-06-15,17.600000381469727,17.600000381469727,17.600000381469727,17.600000381469727,15.146373748779297,0
2016-06-16,17.75,18.0,17.75,17.8799991607666,15.387333869934082,2400
2016-06-17,17.8799991607666,17.8799991607666,17.8799991607666,17.8799991607666,15.387333869934082,0
2016-06-20,17.6299991607666,17.639999389648438,17.6200008392334,17.6200008392334,15.163580894470215,1000
2016-06-21,17.850000381469727,17.850000381469727,17.6200008392334,17.6200008392334,15.163580894470215,6600
2016-06-22,17.690000534057617,17.829999923706055,17.6200008392334,17.6200008392334,15.163580894470215,7700
2016-06-23,17.709999084472656,17.8700008392334,17.709999084472656,17.8700008392334,15.378735542297363,1100
2016-06-24,17.799999237060547,17.889999389648438,17.600000381469727,17.649999618530273,15.189397811889648,3200
2016-06-27,17.68000030517578,17.889999389648438,17.68000030517578,17.889999389648438,15.39593505859375,2000
2016-06-28,17.889999389648438,17.889999389648438,17.889999389648438,17.889999389648438,15.416617393493652,0
2016-06-29,17.639999389648438,17.93000030517578,17.639999389648438,17.639999389648438,15.201183319091797,6100
2016-06-30,17.729999542236328,17.729999542236328,17.729999542236328,17.729999542236328,15.278745651245117,100
2016-07-01,17.799999237060547,17.799999237060547,17.799999237060547,17.799999237060547,15.339065551757812,300
2016-07-05,17.6299991607666,17.790000915527344,17.6299991607666,17.790000915527344,15.330448150634766,5000
2016-07-06,17.649999618530273,17.700000762939453,17.649999618530273,17.700000762939453,15.252891540527344,200
2016-07-07,17.75,17.899999618530273,17.65999984741211,17.899999618530273,15.425241470336914,3900
2016-07-08,17.670000076293945,17.670000076293945,17.670000076293945,17.670000076293945,15.227039337158203,100
2016-07-11,17.670000076293945,17.670000076293945,17.639999389648438,17.639999389648438,15.201183319091797,1000
2016-07-12,17.639999389648438,17.65999984741211,17.6200008392334,17.65999984741211,15.218421936035156,5000
2016-07-13,17.639999389648438,17.639999389648438,17.639999389648438,17.639999389648438,15.201183319091797,100
2016-07-14,17.760000228881836,17.760000228881836,17.729999542236328,17.729999542236328,15.278745651245117,300
2016-07-15,17.75,17.799999237060547,17.709999084472656,17.799999237060547,15.339065551757812,3000
2016-07-18,17.780000686645508,17.90999984741211,17.780000686645508,17.829999923706055,15.364914894104004,3000
2016-07-19,17.860000610351562,17.860000610351562,17.860000610351562,17.860000610351562,15.39077377319336,500
2016-07-20,17.770000457763672,17.809999465942383,17.760000228881836,17.770000457763672,15.313212394714355,2200
2016-07-21,17.770000457763672,17.770000457763672,17.770000457763672,17.770000457763672,15.313212394714355,0
2016-07-22,17.770000457763672,17.770000457763672,17.770000457763672,17.770000457763672,15.313212394714355,0
2016-07-25,17.770000457763672,17.770000457763672,17.770000457763672,17.770000457763672,15.313212394714355,0
2016-07-26,17.709999084472656,17.780000686645508,17.690000534057617,17.739999771118164,15.287360191345215,2600
2016-07-27,17.75,17.799999237060547,17.639999389648438,17.639999389648438,15.220061302185059,5000
2016-07-28,17.639999389648438,17.639999389648438,17.639999389648438,17.639999389648438,15.220061302185059,0
2016-07-29,17.690000534057617,17.770000457763672,17.68000030517578,17.729999542236328,15.297710418701172,1900
2016-08-01,17.729999542236328,17.729999542236328,17.729999542236328,17.729999542236328,15.297710418701172,0
2016-08-02,17.770000457763672,17.899999618530273,17.75,17.899999618530273,15.4443941116333,4500
2016-08-03,17.899999618530273,17.899999618530273,17.899999618530273,17.899999618530273,15.4443941116333,0
2016-08-04,17.899999618530273,17.899999618530273,17.899999618530273,17.899999618530273,15.4443941116333,0
2016-08-05,17.850000381469727,17.850000381469727,17.68000030517578,17.68000030517578,15.254571914672852,1500
2016-08-08,17.760000228881836,17.8799991607666,17.760000228881836,17.8799991607666,15.42713451385498,1400
2016-08-09,17.8799991607666,17.8799991607666,17.8799991607666,17.8799991607666,15.42713451385498,0
2016-08-10,17.8799991607666,17.8799991607666,17.8799991607666,17.8799991607666,15.42713451385498,0
2016-08-11,17.75,17.90999984741211,17.75,17.90999984741211,15.453024864196777,700
2016-08-12,17.90999984741211,17.90999984741211,17.90999984741211,17.90999984741211,15.453024864196777,0
2016-08-15,17.90999984741211,17.90999984741211,17.90999984741211,17.90999984741211,15.453024864196777,0
2016-08-16,17.799999237060547,17.799999237060547,17.799999237060547,17.799999237060547,15.358113288879395,100
2016-08-17,17.8700008392334,17.950000762939453,17.850000381469727,17.899999618530273,15.4443941116333,1900
2016-08-18,17.899999618530273,17.899999618530273,17.899999618530273,17.899999618530273,15.4443941116333,0
2016-08-19,17.899999618530273,17.899999618530273,17.899999618530273,17.899999618530273,15.4443941116333,0
2016-08-22,17.899999618530273,17.899999618530273,17.899999618530273,17.899999618530273,15.4443941116333,0
2016-08-23,17.899999618530273,17.899999618530273,17.899999618530273,17.899999618530273,15.4443941116333,0
2016-08-24,18.049999237060547,18.049999237060547,18.049999237060547,18.049999237060547,15.573816299438477,400
2016-08-25,17.90999984741211,17.90999984741211,17.860000610351562,17.860000610351562,15.409878730773926,200
2016-08-26,17.940000534057617,18.049999237060547,17.940000534057617,18.049999237060547,15.573816299438477,200
2016-08-29,18.049999237060547,18.049999237060547,18.049999237060547,18.049999237060547,15.5936861038208,0
2016-08-30,18.239999771118164,18.239999771118164,18.010000228881836,18.010000228881836,15.559123992919922,1200
2016-08-31,18.1200008392334,18.1200008392334,18.100000381469727,18.100000381469727,15.636886596679688,800
2016-09-01,18.100000381469727,18.100000381469727,18.100000381469727,18.100000381469727,15.636886596679688,0
2016-09-02,18.100000381469727,18.100000381469727,18.100000381469727,18.100000381469727,15.636886596679688,0
2016-09-06,18.350000381469727,18.3799991607666,18.350000381469727,18.3799991607666,15.87877368927002,1600
2016-09-07,18.3799991607666,18.3799991607666,18.3799991607666,18.3799991607666,15.87877368927002,0
2016-09-08,18.3799991607666,18.3799991607666,18.3799991607666,18.3799991607666,15.87877368927002,0
2016-09-09,17.950000762939453,17.950000762939453,17.489999771118164,17.670000076293945,15.265397071838379,98500
2016-09-12,17.780000686645508,17.829999923706055,17.780000686645508,17.829999923706055,15.403624534606934,500
2016-09-13,17.829999923706055,17.829999923706055,17.829999923706055,17.829999923706055,15.403624534606934,0
2016-09-14,17.81999969482422,17.81999969482422,17.81999969482422,17.81999969482422,15.394984245300293,300
2016-09-15,17.899999618530273,17.950000762939453,17.860000610351562,17.860000610351562,15.429540634155273,1300
2016-09-16,17.860000610351562,17.860000610351562,17.860000610351562,17.860000610351562,15.429540634155273,0
2016-09-19,17.899999618530273,18.040000915527344,17.899999618530273,18.040000915527344,15.585044860839844,700
2016-09-20,18.040000915527344,18.040000915527344,18.040000915527344,18.040000915527344,15.585044860839844,500
2016-09-21,18.040000915527344,18.040000915527344,18.040000915527344,18.040000915527344,15.585044860839844,0
2016-09-22,18.040000915527344,18.040000915527344,18.040000915527344,18.040000915527344,15.585044860839844,0
2016-09-23,18.040000915527344,18.040000915527344,18.040000915527344,18.040000915527344,15.585044860839844,0
2016-09-26,18.040000915527344,18.040000915527344,18.040000915527344,18.040000915527344,15.585044860839844,0
2016-09-27,18.040000915527344,18.040000915527344,18.040000915527344,18.040000915527344,15.585044860839844,0
2016-09-28,18.040000915527344,18.040000915527344,18.040000915527344,18.040000915527344,15.605809211730957,0
2016-09-29,18.040000915527344,18.040000915527344,18.040000915527344,18.040000915527344,15.605809211730957,0
2016-09-30,18.040000915527344,18.040000915527344,18.040000915527344,18.040000915527344,15.605809211730957,0
2016-10-03,18.1200008392334,18.1200008392334,18.100000381469727,18.100000381469727,15.65771198272705,1300
2016-10-04,18.1200008392334,18.1200008392334,18.1200008392334,18.1200008392334,15.675017356872559,1000
2016-10-05,18.1200008392334,18.1200008392334,18.1200008392334,18.1200008392334,15.675017356872559,0
2016-10-06,18.1200008392334,18.1200008392334,18.1200008392334,18.1200008392334,15.675017356872559,0
2016-10-07,18.1200008392334,18.1200008392334,18.1200008392334,18.1200008392334,15.675017356872559,0
2016-10-10,18.010000228881836,18.010000228881836,18.010000228881836,18.010000228881836,15.579855918884277,200
2016-10-11,18.010000228881836,18.010000228881836,18.010000228881836,18.010000228881836,15.579855918884277,300
2016-10-12,18.010000228881836,18.010000228881836,18.010000228881836,18.010000228881836,15.579855918884277,0
2016-10-13,18.010000228881836,18.010000228881836,18.010000228881836,18.010000228881836,15.579855918884277,0
2016-10-14,18.010000228881836,18.010000228881836,18.010000228881836,18.010000228881836,15.579855918884277,0
2016-10-17,17.860000610351562,17.93000030517578,17.860000610351562,17.93000030517578,15.51064395904541,2700
2016-10-18,17.93000030517578,17.93000030517578,17.93000030517578,17.93000030517578,15.51064395904541,0
2016-10-19,17.969999313354492,17.969999313354492,17.969999313354492,17.969999313354492,15.545248031616211,100
2016-10-20,18.0,18.06999969482422,17.989999771118164,18.0,15.57120418548584,23100
2016-10-21,18.0,18.0,18.0,18.0,15.57120418548584,0
2016-10-24,18.0,18.0,18.0,18.0,15.57120418548584,0
2016-10-25,18.0,18.0,18.0,18.0,15.57120418548584,0
2016-10-26,18.0,18.0,18.0,18.0,15.57120418548584,0
2016-10-27,17.899999618530273,18.0,17.899999618530273,18.0,15.590258598327637,4500
2016-10-28,18.0,18.3799991607666,17.899999618530273,18.3799991607666,15.919388771057129,7200
2016-10-31,18.049999237060547,18.3799991607666,18.049999237060547,18.229999542236328,15.789464950561523,5700
2016-11-01,18.229999542236328,18.229999542236328,18.229999542236328,18.229999542236328,15.789464950561523,0
2016-11-02,18.229999542236328,18.229999542236328,18.229999542236328,18.229999542236328,15.789464950561523,0
2016-11-03,18.350000381469727,18.3799991607666,18.350000381469727,18.3799991607666,15.919388771057129,1000
2016-11-04,18.3799991607666,18.3799991607666,18.3799991607666,18.3799991607666,15.919388771057129,0
2016-11-07,18.3799991607666,18.3799991607666,18.3799991607666,18.3799991607666,15.919388771057129,0
2016-11-08,18.469999313354492,18.59000015258789,18.450000762939453,18.450000762939453,15.980019569396973,8700
2016-11-09,18.420000076293945,18.450000762939453,18.420000076293945,18.450000762939453,15.980019569396973,300
2016-11-10,18.450000762939453,18.450000762939453,18.450000762939453,18.450000762939453,15.980019569396973,0
2016-11-11,18.0,18.239999771118164,17.93000030517578,17.969999313354492,15.564270973205566,3400
2016-11-14,17.969999313354492,17.969999313354492,17.969999313354492,17.969999313354492,15.564270973205566,0
2016-11-15,17.920000076293945,17.920000076293945,17.920000076293945,17.920000076293945,15.520965576171875,200
2016-11-16,17.920000076293945,17.920000076293945,17.920000076293945,17.920000076293945,15.520965576171875,0
2016-11-17,18.299999237060547,18.459999084472656,18.299999237060547,18.420000076293945,15.95403003692627,1800
2016-11-18,18.420000076293945,18.420000076293945,18.420000076293945,18.420000076293945,15.95403003692627,0
2016-11-21,18.420000076293945,18.420000076293945,18.420000076293945,18.420000076293945,15.95403003692627,0
2016-11-22,18.420000076293945,18.420000076293945,18.420000076293945,18.420000076293945,15.95403003692627,0
2016-11-23,18.0,18.030000686645508,18.0,18.0,15.590258598327637,1300
2016-11-25,18.0,18.0,18.0,18.0,15.590258598327637,0
2016-11-28,18.0,18.0,18.0,18.0,15.611076354980469,0
2016-11-29,18.0,18.0,18.0,18.0,15.611076354980469,0
2016-11-30,18.0,18.0,18.0,18.0,15.611076354980469,0
2016-12-01,18.030000686645508,18.030000686645508,18.030000686645508,18.030000686645508,15.637094497680664,100
2016-12-02,18.030000686645508,18.030000686645508,18.030000686645508,18.030000686645508,15.637094497680664,0
2016-12-05,17.8700008392334,17.8700008392334,17.860000610351562,17.8700008392334,15.49831771850586,500
2016-12-06,17.860000610351562,17.899999618530273,17.860000610351562,17.8799991607666,15.506999969482422,700
2016-12-07,17.8799991607666,17.8799991607666,17.8799991607666,17.8799991607666,15.506999969482422,0
2016-12-08,17.8799991607666,17.8799991607666,17.8799991607666,17.8799991607666,15.506999969482422,0
2016-12-09,17.950000762939453,17.950000762939453,17.950000762939453,17.950000762939453,15.56771183013916,1200
2016-12-12,17.899999618530273,17.979999542236328,17.850000381469727,17.979999542236328,15.59372615814209,5200
2016-12-13,18.360000610351562,18.360000610351562,18.360000610351562,18.360000610351562,15.923290252685547,300
2016-12-14,18.360000610351562,18.360000610351562,18.360000610351562,18.360000610351562,15.923290252685547,0
2016-12-15,18.0,18.0,18.0,18.0,15.611076354980469,2400
2016-12-16,18.0,18.0,18.0,18.0,15.611076354980469,0
2016-12-19,18.0,18.0,18.0,18.0,15.611076354980469,0
2016-12-20,18.0,18.0,18.0,18.0,15.611076354980469,0
2016-12-21,18.0,18.0,18.0,18.0,15.611076354980469,0
2016-12-22,18.010000228881836,18.010000228881836,18.010000228881836,18.010000228881836,15.619747161865234,1500
2016-12-23,18.010000228881836,18.010000228881836,18.010000228881836,18.010000228881836,15.619747161865234,0
2016-12-27,18.010000228881836,18.010000228881836,18.010000228881836,18.010000228881836,15.619747161865234,0
2016-12-28,18.010000228881836,18.010000228881836,18.010000228881836,18.010000228881836,15.64320182800293,0
2016-12-29,18.010000228881836,18.010000228881836,18.010000228881836,18.010000228881836,15.64320182800293,0
2016-12-30,18.010000228881836,18.010000228881836,18.010000228881836,18.010000228881836,15.64320182800293,0
2017-01-03,18.010000228881836,18.010000228881836,18.010000228881836,18.010000228881836,15.64320182800293,0
2017-01-04,18.270000457763672,18.360000610351562,18.25,18.360000610351562,15.9472017288208,4400
2017-01-05,18.920000076293945,18.920000076293945,18.920000076293945,18.920000076293945,16.43360710144043,100
2017-01-06,18.920000076293945,18.920000076293945,18.920000076293945,18.920000076293945,16.43360710144043,0
2017-01-09,18.920000076293945,18.920000076293945,18.920000076293945,18.920000076293945,16.43360710144043,0
2017-01-10,17.989999771118164,18.700000762939453,17.989999771118164,18.700000762939453,16.242523193359375,400
2017-01-11,18.700000762939453,18.700000762939453,18.700000762939453,18.700000762939453,16.242523193359375,0
2017-01-12,18.700000762939453,18.700000762939453,18.700000762939453,18.700000762939453,16.242523193359375,0
2017-01-13,18.700000762939453,18.700000762939453,18.700000762939453,18.700000762939453,16.242523193359375,0
2017-01-17,18.670000076293945,18.670000076293945,18.670000076293945,18.670000076293945,16.216463088989258,1100
2017-01-18,18.530000686645508,18.530000686645508,18.530000686645508,18.530000686645508,16.094858169555664,400
2017-01-19,18.530000686645508,18.530000686645508,18.530000686645508,18.530000686645508,16.094858169555664,0
2017-01-20,18.530000686645508,18.530000686645508,18.530000686645508,18.530000686645508,16.094858169555664,0
2017-01-23,18.530000686645508,18.530000686645508,18.530000686645508,18.530000686645508,16.094858169555664,0
2017-01-24,18.530000686645508,18.530000686645508,18.530000686645508,18.530000686645508,16.094858169555664,0
2017-01-25,18.530000686645508,18.530000686645508,18.530000686645508,18.530000686645508,16.094858169555664,0
2017-01-26,18.6200008392334,18.6200008392334,18.18000030517578,18.219999313354492,15.825600624084473,3700
2017-01-27,18.350000381469727,18.350000381469727,18.350000381469727,18.350000381469727,15.963046073913574,200
2017-01-30,18.350000381469727,18.350000381469727,18.350000381469727,18.350000381469727,15.963046073913574,0
2017-01-31,18.350000381469727,18.350000381469727,18.350000381469727,18.350000381469727,15.963046073913574,0
2017-02-01,18.290000915527344,18.329999923706055,18.270000457763672,18.329999923706055,15.945646286010742,1600
2017-02-02,18.31999969482422,18.31999969482422,18.309999465942383,18.31999969482422,15.936942100524902,1000
2017-02-03,18.360000610351562,18.360000610351562,18.360000610351562,18.360000610351562,15.971747398376465,600
2017-02-06,18.34000015258789,18.34000015258789,18.299999237060547,18.299999237060547,15.919547080993652,3000
2017-02-07,18.40999984741211,18.450000762939453,18.3700008392334,18.3700008392334,15.98044204711914,1500
2017-02-08,18.299999237060547,18.299999237060547,18.299999237060547,18.299999237060547,15.919547080993652,2000
2017-02-09,18.299999237060547,18.299999237060547,18.299999237060547,18.299999237060547,15.919547080993652,300
2017-02-10,18.25,18.34000015258789,18.25,18.260000228881836,15.88475227355957,500
2017-02-13,18.260000228881836,18.260000228881836,18.260000228881836,18.260000228881836,15.88475227355957,0
2017-02-14,18.270000457763672,18.270000457763672,18.270000457763672,18.270000457763672,15.893452644348145,100
2017-02-15,18.270000457763672,18.270000457763672,18.270000457763672,18.270000457763672,15.893452644348145,0
2017-02-16,18.3700008392334,18.3700008392334,18.270000457763672,18.270000457763672,15.893452644348145,1200
2017-02-17,18.270000457763672,18.270000457763672,18.270000457763672,18.270000457763672,15.893452644348145,0
2017-02-21,18.270000457763672,18.270000457763672,18.270000457763672,18.270000457763672,15.893452644348145,0
2017-02-22,18.270000457763672,18.270000457763672,18.270000457763672,18.270000457763672,15.893452644348145,0
2017-02-23,18.290000915527344,18.290000915527344,18.290000915527344,18.290000915527344,15.910855293273926,200
2017-02-24,18.209999084472656,18.389999389648438,18.209999084472656,18.389999389648438,16.62408447265625,5700
2017-02-27,18.399999618530273,18.450000762939453,18.399999618530273,18.450000762939453,16.678329467773438,10500
2017-02-28,18.450000762939453,18.450000762939453,18.450000762939453,18.450000762939453,16.678329467773438,0
2017-03-01,18.450000762939453,18.450000762939453,18.450000762939453,18.450000762939453,16.678329467773438,0
2017-03-02,18.459999084472656,18.479999542236328,18.450000762939453,18.450000762939453,16.678329467773438,1400
2017-03-03,18.5,18.75,18.5,18.709999084472656,16.913362503051758,1500
2017-03-06,18.75,18.75,18.709999084472656,18.719999313354492,16.92238998413086,1100
2017-03-07,18.6299991607666,18.780000686645508,18.450000762939453,18.450000762939453,16.678329467773438,3900
2017-03-08,18.68000030517578,18.68000030517578,18.479999542236328,18.479999542236328,16.705453872680664,1100
2017-03-09,18.450000762939453,18.450000762939453,18.450000762939453,18.450000762939453,16.678329467773438,400
2017-03-10,18.450000762939453,18.469999313354492,18.450000762939453,18.459999084472656,16.687360763549805,1000
2017-03-13,18.459999084472656,18.5,18.459999084472656,18.5,16.723526000976562,400
2017-03-14,18.5,18.5,18.5,18.5,16.723526000976562,0
2017-03-15,18.479999542236328,18.479999542236328,18.479999542236328,18.479999542236328,16.705453872680664,1100
2017-03-16,18.479999542236328,18.479999542236328,18.479999542236328,18.479999542236328,16.705453872680664,0
2017-03-17,18.540000915527344,18.549999237060547,18.530000686645508,18.530000686645508,16.750640869140625,1100
2017-03-20,18.530000686645508,18.530000686645508,18.530000686645508,18.530000686645508,16.750640869140625,0
2017-03-21,18.559999465942383,18.559999465942383,18.559999465942383,18.559999465942383,16.77776527404785,500
2017-03-22,18.56999969482422,18.649999618530273,18.459999084472656,18.649999618530273,16.859119415283203,6300
2017-03-23,18.700000762939453,18.709999084472656,18.610000610351562,18.700000762939453,16.904329299926758,5200
2017-03-24,18.75,18.75,18.75,18.75,16.949522018432617,1300
2017-03-27,18.75,18.760000228881836,18.75,18.760000228881836,16.958559036254883,2200
2017-03-28,18.8700008392334,18.899999618530273,18.309999465942383,18.329999923706055,16.569843292236328,3200
2017-03-29,18.81999969482422,18.81999969482422,18.81999969482422,18.81999969482422,17.0388240814209,600
2017-03-30,18.81999969482422,18.81999969482422,18.81999969482422,18.81999969482422,17.0388240814209,0
2017-03-31,18.420000076293945,18.510000228881836,18.389999389648438,18.5,16.749107360839844,3100
2017-04-03,18.5,18.5,18.5,18.5,16.749107360839844,0
2017-04-04,18.809999465942383,18.899999618530273,18.600000381469727,18.600000381469727,16.839645385742188,13700
2017-04-05,18.719999313354492,18.75,18.459999084472656,18.459999084472656,16.712892532348633,7500
2017-04-06,18.459999084472656,18.459999084472656,18.459999084472656,18.459999084472656,16.712892532348633,0
2017-04-07,18.459999084472656,18.459999084472656,18.459999084472656,18.459999084472656,16.712892532348633,0
2017-04-10,18.600000381469727,18.610000610351562,18.459999084472656,18.459999084472656,16.712892532348633,2600
2017-04-11,18.5,18.75,18.5,18.75,16.975454330444336,1100
2017-04-12,18.6299991607666,18.989999771118164,18.6299991607666,18.989999771118164,17.192731857299805,5800
2017-04-13,18.989999771118164,18.989999771118164,18.989999771118164,18.989999771118164,17.192731857299805,0
2017-04-17,18.989999771118164,18.989999771118164,18.989999771118164,18.989999771118164,17.192731857299805,0
2017-04-18,18.989999771118164,18.989999771118164,18.989999771118164,18.989999771118164,17.192731857299805,0
2017-04-19,18.989999771118164,18.989999771118164,18.989999771118164,18.989999771118164,17.192731857299805,0
2017-04-20,18.979999542236328,18.979999542236328,18.979999542236328,18.979999542236328,17.183685302734375,600
2017-04-21,18.979999542236328,18.979999542236328,18.979999542236328,18.979999542236328,17.183685302734375,0
2017-04-24,18.979999542236328,18.979999542236328,18.979999542236328,18.979999542236328,17.183685302734375,0
2017-04-25,19.010000228881836,19.040000915527344,18.75,18.75,16.975454330444336,1000
2017-04-26,18.979999542236328,18.979999542236328,18.979999542236328,18.979999542236328,17.21398162841797,400
2017-04-27,18.979999542236328,19.049999237060547,18.950000762939453,19.049999237060547,17.277469635009766,4300
2017-04-28,19.049999237060547,19.049999237060547,19.049999237060547,19.049999237060547,17.277469635009766,0
2017-05-01,19.049999237060547,19.049999237060547,19.049999237060547,19.049999237060547,17.277469635009766,0
2017-05-02,19.049999237060547,19.049999237060547,19.049999237060547,19.049999237060547,17.277469635009766,0
2017-05-03,19.049999237060547,19.049999237060547,19.049999237060547,19.049999237060547,17.277469635009766,0
2017-05-04,19.049999237060547,19.049999237060547,19.049999237060547,19.049999237060547,17.277469635009766,0
2017-05-05,19.049999237060547,19.049999237060547,19.049999237060547,19.049999237060547,17.277469635009766,0
2017-05-08,19.049999237060547,19.049999237060547,19.049999237060547,19.049999237060547,17.277469635009766,0
2017-05-09,19.049999237060547,19.350000381469727,19.049999237060547,19.350000381469727,17.549556732177734,3500
2017-05-10,19.440000534057617,19.440000534057617,19.440000534057617,19.440000534057617,17.63117790222168,500
2017-05-11,19.440000534057617,19.440000534057617,19.440000534057617,19.440000534057617,17.63117790222168,0
2017-05-12,19.440000534057617,19.440000534057617,19.440000534057617,19.440000534057617,17.63117790222168,0
2017-05-15,19.940000534057617,19.940000534057617,19.90999984741211,19.90999984741211,18.05744743347168,300
2017-05-16,19.700000762939453,19.969999313354492,19.299999237060547,19.969999313354492,18.111858367919922,1800
2017-05-17,19.719999313354492,19.719999313354492,19.700000762939453,19.700000762939453,17.866979598999023,300
2017-05-18,19.700000762939453,19.700000762939453,19.700000762939453,19.700000762939453,17.866979598999023,0
2017-05-19,19.700000762939453,19.700000762939453,19.700000762939453,19.700000762939453,17.866979598999023,0
2017-05-22,19.700000762939453,19.700000762939453,19.700000762939453,19.700000762939453,17.866979598999023,0
2017-05-23,19.700000762939453,19.700000762939453,19.700000762939453,19.700000762939453,17.866979598999023,0
2017-05-24,19.700000762939453,19.700000762939453,19.700000762939453,19.700000762939453,17.866979598999023,0
2017-05-25,19.700000762939453,19.700000762939453,19.700000762939453,19.700000762939453,17.866979598999023,0
2017-05-26,19.200000762939453,19.200000762939453,19.200000762939453,19.200000762939453,17.444507598876953,500
2017-05-30,19.200000762939453,19.200000762939453,19.200000762939453,19.200000762939453,17.444507598876953,0
2017-05-31,19.200000762939453,19.200000762939453,19.200000762939453,19.200000762939453,17.444507598876953,0
2017-06-01,19.200000762939453,19.200000762939453,19.200000762939453,19.200000762939453,17.444507598876953,0
2017-06-02,19.25,19.969999313354492,19.219999313354492,19.969999313354492,18.14409637451172,1300
2017-06-05,19.969999313354492,19.969999313354492,19.969999313354492,19.969999313354492,18.14409637451172,0
2017-06-06,19.969999313354492,19.969999313354492,19.969999313354492,19.969999313354492,18.14409637451172,0
2017-06-07,19.969999313354492,19.969999313354492,19.969999313354492,19.969999313354492,18.14409637451172,0
2017-06-08,19.420000076293945,19.450000762939453,19.420000076293945,19.450000762939453,17.671649932861328,400
2017-06-09,19.450000762939453,19.450000762939453,19.450000762939453,19.450000762939453,17.671649932861328,0
2017-06-12,19.450000762939453,19.450000762939453,19.450000762939453,19.450000762939453,17.671649932861328,0
2017-06-13,19.450000762939453,19.450000762939453,19.450000762939453,19.450000762939453,17.671649932861328,0
2017-06-14,19.450000762939453,19.450000762939453,19.450000762939453,19.450000762939453,17.671649932861328,0
2017-06-15,19.600000381469727,19.600000381469727,19.399999618530273,19.399999618530273,17.626216888427734,1600
2017-06-16,19.299999237060547,19.299999237060547,19.299999237060547,19.299999237060547,17.535354614257812,200
2017-06-19,19.299999237060547,19.299999237060547,19.299999237060547,19.299999237060547,17.535354614257812,0
2017-06-20,19.299999237060547,19.299999237060547,19.299999237060547,19.299999237060547,17.535354614257812,0
2017-06-21,19.299999237060547,19.299999237060547,19.299999237060547,19.299999237060547,17.535354614257812,0
2017-06-22,19.299999237060547,19.299999237060547,19.299999237060547,19.299999237060547,17.535354614257812,0
2017-06-23,19.239999771118164,19.780000686645508,19.209999084472656,19.719999313354492,17.916948318481445,1300
2017-06-26,19.5,19.5,19.5,19.5,17.717077255249023,500
2017-06-27,19.5,19.5,19.5,19.5,17.717077255249023,0
2017-06-28,19.5,19.5,19.5,19.5,17.750749588012695,0
2017-06-29,19.5,19.5,19.5,19.5,17.750749588012695,0
2017-06-30,19.350000381469727,19.700000762939453,19.350000381469727,19.700000762939453,17.932811737060547,1500
2017-07-03,19.700000762939453,19.700000762939453,19.700000762939453,19.700000762939453,17.932811737060547,0
2017-07-05,19.700000762939453,19.700000762939453,19.700000762939453,19.700000762939453,17.932811737060547,0
2017-07-06,19.260000228881836,19.260000228881836,19.209999084472656,19.209999084472656,17.48676300048828,1400
2017-07-07,19.200000762939453,19.200000762939453,19.200000762939453,19.200000762939453,17.477664947509766,400
2017-07-10,19.350000381469727,19.600000381469727,19.350000381469727,19.600000381469727,17.84178352355957,1500
2017-07-11,19.520000457763672,19.520000457763672,19.520000457763672,19.520000457763672,17.768964767456055,200
2017-07-12,19.469999313354492,19.5,19.469999313354492,19.5,17.750749588012695,1600
2017-07-13,19.5,19.5,19.5,19.5,17.750749588012695,0
2017-07-14,19.5,19.5,19.5,19.5,17.750749588012695,0
2017-07-17,19.5,19.5,19.5,19.5,17.750749588012695,100
2017-07-18,19.5,19.5,19.5,19.5,17.750749588012695,0
2017-07-19,19.5,19.5,19.5,19.5,17.750749588012695,0
2017-07-20,19.700000762939453,19.700000762939453,19.700000762939453,19.700000762939453,17.932811737060547,100
2017-07-21,19.700000762939453,19.700000762939453,19.700000762939453,19.700000762939453,17.932811737060547,0
2017-07-24,19.700000762939453,19.700000762939453,19.700000762939453,19.700000762939453,17.932811737060547,0
2017-07-25,19.700000762939453,19.700000762939453,19.700000762939453,19.700000762939453,17.932811737060547,0
2017-07-26,19.700000762939453,19.700000762939453,19.700000762939453,19.700000762939453,17.932811737060547,0
2017-07-27,19.700000762939453,19.700000762939453,19.700000762939453,19.700000762939453,17.967466354370117,0
2017-07-28,19.479999542236328,19.479999542236328,19.479999542236328,19.479999542236328,17.766815185546875,1300
2017-07-31,19.479999542236328,19.479999542236328,19.479999542236328,19.479999542236328,17.766815185546875,0
2017-08-01,19.489999771118164,19.489999771118164,19.489999771118164,19.489999771118164,17.775936126708984,800
2017-08-02,19.489999771118164,19.489999771118164,19.489999771118164,19.489999771118164,17.775936126708984,0
2017-08-03,19.489999771118164,19.489999771118164,19.489999771118164,19.489999771118164,17.775936126708984,0
2017-08-04,19.649999618530273,19.649999618530273,19.649999618530273,19.649999618530273,17.921863555908203,100
2017-08-07,19.75,19.780000686645508,19.639999389648438,19.760000228881836,18.02219009399414,2000
2017-08-08,19.760000228881836,19.760000228881836,19.760000228881836,19.760000228881836,18.02219009399414,0
2017-08-09,19.510000228881836,19.790000915527344,19.5,19.75,18.0130672454834,2800
2017-08-10,19.75,19.75,19.549999237060547,19.549999237060547,17.830659866333008,1000
2017-08-11,19.549999237060547,19.549999237060547,19.549999237060547,19.549999237060547,17.830659866333008,0
2017-08-14,19.549999237060547,19.549999237060547,19.549999237060547,19.549999237060547,17.830659866333008,0
2017-08-15,19.549999237060547,19.549999237060547,19.549999237060547,19.549999237060547,17.830659866333008,0
2017-08-16,19.549999237060547,19.549999237060547,19.549999237060547,19.549999237060547,17.830659866333008,0
2017-08-17,19.549999237060547,19.549999237060547,19.549999237060547,19.549999237060547,17.830659866333008,0
2017-08-18,19.549999237060547,19.549999237060547,19.549999237060547,19.549999237060547,17.830659866333008,0
2017-08-21,19.559999465942383,19.559999465942383,19.510000228881836,19.510000228881836,17.79418182373047,500
2017-08-22,19.510000228881836,19.510000228881836,19.5,19.5,17.78506088256836,2000
2017-08-23,19.5,19.5,19.5,19.5,17.78506088256836,0
2017-08-24,19.5,19.5,19.5,19.5,17.78506088256836,0
2017-08-25,19.5,19.5,19.5,19.5,17.78506088256836,0
2017-08-28,19.5,19.5,19.5,19.5,17.78506088256836,0
2017-08-29,19.5,19.5,19.5,19.5,17.820697784423828,0
2017-08-30,19.899999618530273,20.329999923706055,19.739999771118164,19.75,18.049165725708008,6000
2017-08-31,19.75,19.75,19.75,19.75,18.049165725708008,0
2017-09-01,19.799999237060547,19.799999237060547,19.799999237060547,19.799999237060547,18.094865798950195,1500
2017-09-05,19.799999237060547,19.799999237060547,19.799999237060547,19.799999237060547,18.094865798950195,0
2017-09-06,19.799999237060547,19.799999237060547,19.799999237060547,19.799999237060547,18.094865798950195,700
2017-09-07,19.799999237060547,19.84000015258789,19.75,19.75,18.049165725708008,3400
2017-09-08,19.75,19.75,19.75,19.75,18.049165725708008,0
2017-09-11,19.75,19.75,19.75,19.75,18.049165725708008,0
2017-09-12,19.75,19.75,19.75,19.75,18.049165725708008,0
2017-09-13,19.75,19.75,19.75,19.75,18.049165725708008,0
2017-09-14,19.75,19.75,19.75,19.75,18.049165725708008,0
2017-09-15,19.75,19.75,19.75,19.75,18.049165725708008,0
2017-09-18,19.75,19.75,19.75,19.75,18.049165725708008,0
2017-09-19,19.75,19.75,19.75,19.75,18.049165725708008,0
2017-09-20,19.68000030517578,19.68000030517578,19.68000030517578,19.68000030517578,17.985197067260742,100
2017-09-21,19.68000030517578,19.68000030517578,19.68000030517578,19.68000030517578,17.985197067260742,0
2017-09-22,19.68000030517578,19.68000030517578,19.68000030517578,19.68000030517578,17.985197067260742,0
2017-09-25,19.68000030517578,19.68000030517578,19.68000030517578,19.68000030517578,17.985197067260742,0
2017-09-26,19.68000030517578,19.68000030517578,19.68000030517578,19.68000030517578,17.985197067260742,0
2017-09-27,19.68000030517578,19.68000030517578,19.68000030517578,19.68000030517578,17.985197067260742,0
2017-09-28,19.75,19.950000762939453,19.75,19.950000762939453,18.267223358154297,1600
2017-09-29,19.950000762939453,19.950000762939453,19.950000762939453,19.950000762939453,18.267223358154297,0
2017-10-02,19.950000762939453,19.950000762939453,19.950000762939453,19.950000762939453,18.267223358154297,100
2017-10-03,19.950000762939453,19.950000762939453,19.950000762939453,19.950000762939453,18.267223358154297,0
2017-10-04,19.950000762939453,19.950000762939453,19.950000762939453,19.950000762939453,18.267223358154297,0
2017-10-05,19.950000762939453,19.950000762939453,19.950000762939453,19.950000762939453,18.267223358154297,0
2017-10-06,19.950000762939453,19.950000762939453,19.950000762939453,19.950000762939453,18.267223358154297,0
2017-10-09,19.950000762939453,19.950000762939453,19.950000762939453,19.950000762939453,18.267223358154297,0
2017-10-10,19.6200008392334,19.6200008392334,19.6200008392334,19.6200008392334,17.965051651000977,1000
2017-10-11,19.950000762939453,19.950000762939453,19.90999984741211,19.950000762939453,18.267223358154297,700
2017-10-12,19.950000762939453,19.950000762939453,19.950000762939453,19.950000762939453,18.267223358154297,0
2017-10-13,19.950000762939453,19.950000762939453,19.950000762939453,19.950000762939453,18.267223358154297,0
2017-10-16,19.950000762939453,19.950000762939453,19.950000762939453,19.950000762939453,18.267223358154297,0
2017-10-17,19.950000762939453,19.950000762939453,19.950000762939453,19.950000762939453,18.267223358154297,0
2017-10-18,19.950000762939453,19.950000762939453,19.950000762939453,19.950000762939453,18.267223358154297,0
2017-10-19,20.059999465942383,20.059999465942383,20.059999465942383,20.059999465942383,18.36794090270996,100
2017-10-20,20.059999465942383,20.059999465942383,20.059999465942383,20.059999465942383,18.36794090270996,0
2017-10-23,19.75,19.75,19.75,19.75,18.084083557128906,500
2017-10-24,19.75,19.75,19.75,19.75,18.084083557128906,0
2017-10-25,19.75,19.75,19.75,19.75,18.084083557128906,0
2017-10-26,19.75,19.75,19.75,19.75,18.084083557128906,0
2017-10-27,19.75,19.75,19.75,19.75,18.084083557128906,0
2017-10-30,19.75,19.75,19.75,19.75,18.119873046875,0
2017-10-31,19.75,19.75,19.75,19.75,18.119873046875,0
2017-11-01,19.75,19.75,19.75,19.75,18.119873046875,0
2017-11-02,19.75,19.75,19.75,19.75,18.119873046875,0
2017-11-03,20.149999618530273,20.149999618530273,20.149999618530273,20.149999618530273,18.48685646057129,200
2017-11-06,20.149999618530273,20.149999618530273,20.149999618530273,20.149999618530273,18.48685646057129,0
2017-11-07,20.149999618530273,20.149999618530273,20.149999618530273,20.149999618530273,18.48685646057129,0
2017-11-08,19.68000030517578,19.899999618530273,19.68000030517578,19.899999618530273,18.25748634338379,500
2017-11-09,20.0,20.0,20.0,20.0,18.3492374420166,100
2017-11-10,20.0,20.0,20.0,20.0,18.3492374420166,0
2017-11-13,20.0,20.0,20.0,20.0,18.3492374420166,0
2017-11-14,20.0,20.0,20.0,20.0,18.3492374420166,0
2017-11-15,19.639999389648438,19.760000228881836,19.600000381469727,19.760000228881836,18.129047393798828,1700
2017-11-16,19.799999237060547,19.799999237060547,19.799999237060547,19.799999237060547,18.16574478149414,1100
2017-11-17,19.799999237060547,19.799999237060547,19.799999237060547,19.799999237060547,18.16574478149414,0
2017-11-20,19.799999237060547,19.799999237060547,19.799999237060547,19.799999237060547,18.16574478149414,0
2017-11-21,19.799999237060547,19.799999237060547,19.799999237060547,19.799999237060547,18.16574478149414,0
2017-11-22,19.799999237060547,19.799999237060547,19.799999237060547,19.799999237060547,18.16574478149414,0
2017-11-24,19.799999237060547,19.799999237060547,19.799999237060547,19.799999237060547,18.16574478149414,0
2017-11-27,19.799999237060547,19.799999237060547,19.799999237060547,19.799999237060547,18.16574478149414,0
2017-11-28,19.799999237060547,19.799999237060547,19.799999237060547,19.799999237060547,18.16574478149414,0
2017-11-29,19.799999237060547,19.799999237060547,19.799999237060547,19.799999237060547,18.203433990478516,0
2017-11-30,19.799999237060547,19.799999237060547,19.799999237060547,19.799999237060547,18.203433990478516,0
2017-12-01,19.799999237060547,19.799999237060547,19.799999237060547,19.799999237060547,18.203433990478516,0
2017-12-04,19.799999237060547,19.799999237060547,19.799999237060547,19.799999237060547,18.203433990478516,0
2017-12-05,19.799999237060547,19.799999237060547,19.799999237060547,19.799999237060547,18.203433990478516,0
2017-12-06,19.799999237060547,19.799999237060547,19.799999237060547,19.799999237060547,18.203433990478516,0
2017-12-07,19.799999237060547,19.799999237060547,19.799999237060547,19.799999237060547,18.203433990478516,0
2017-12-08,19.799999237060547,19.799999237060547,19.799999237060547,19.799999237060547,18.203433990478516,0
2017-12-11,20.0,20.0,20.0,20.0,18.387313842773438,300
2017-12-12,20.0,20.0,20.0,20.0,18.387313842773438,0
2017-12-13,20.0,20.0,20.0,20.0,18.387313842773438,0
2017-12-14,19.700000762939453,19.700000762939453,19.700000762939453,19.700000762939453,18.111501693725586,1000
2017-12-15,19.700000762939453,19.700000762939453,19.700000762939453,19.700000762939453,18.111501693725586,0
2017-12-18,19.700000762939453,19.700000762939453,19.700000762939453,19.700000762939453,18.111501693725586,0
2017-12-19,20.049999237060547,20.059999465942383,20.049999237060547,20.059999465942383,18.442476272583008,200
2017-12-20,20.059999465942383,20.059999465942383,20.059999465942383,20.059999465942383,18.442476272583008,0
2017-12-21,20.059999465942383,20.059999465942383,20.059999465942383,20.059999465942383,18.442476272583008,0
2017-12-22,20.059999465942383,20.059999465942383,20.059999465942383,20.059999465942383,18.442476272583008,0
2017-12-26,19.799999237060547,19.969999313354492,19.799999237060547,19.84000015258789,18.240209579467773,3000
2017-12-27,19.899999618530273,19.899999618530273,19.899999618530273,19.899999618530273,18.295373916625977,400
2017-12-28,19.799999237060547,20.0,19.799999237060547,20.0,18.42805290222168,700
2017-12-29,20.0,20.0,20.0,20.0,18.42805290222168,0
2018-01-02,20.149999618530273,20.149999618530273,20.149999618530273,20.149999618530273,18.566265106201172,100
2018-01-03,20.149999618530273,20.149999618530273,20.149999618530273,20.149999618530273,18.566265106201172,0
2018-01-04,19.860000610351562,19.860000610351562,19.860000610351562,19.860000610351562,18.299057006835938,100
2018-01-05,20.0,20.0,20.0,20.0,18.42805290222168,400
2018-01-08,20.0,20.0,20.0,20.0,18.42805290222168,0
2018-01-09,19.850000381469727,19.850000381469727,19.799999237060547,19.799999237060547,18.243778228759766,400
2018-01-10,20.239999771118164,20.399999618530273,20.170000076293945,20.399999618530273,18.79660987854004,1500
2018-01-11,20.170000076293945,20.170000076293945,20.170000076293945,20.170000076293945,18.584688186645508,100
2018-01-12,20.100000381469727,20.100000381469727,20.100000381469727,20.100000381469727,18.520198822021484,700
2018-01-16,20.049999237060547,20.06999969482422,20.010000228881836,20.06999969482422,18.492555618286133,1400
2018-01-17,20.049999237060547,20.100000381469727,20.049999237060547,20.100000381469727,18.520198822021484,2100
2018-01-18,20.100000381469727,20.100000381469727,19.989999771118164,20.040000915527344,18.464914321899414,2000
2018-01-19,20.100000381469727,20.100000381469727,20.100000381469727,20.100000381469727,18.520198822021484,600
2018-01-22,20.110000610351562,20.110000610351562,20.110000610351562,20.110000610351562,18.529415130615234,300
2018-01-23,20.110000610351562,20.110000610351562,20.110000610351562,20.110000610351562,18.529415130615234,0
2018-01-24,20.110000610351562,20.110000610351562,20.110000610351562,20.110000610351562,18.529415130615234,0
2018-01-25,20.110000610351562,20.110000610351562,20.110000610351562,20.110000610351562,18.529415130615234,0
2018-01-26,20.100000381469727,20.100000381469727,20.100000381469727,20.100000381469727,18.520198822021484,1000
2018-01-29,20.100000381469727,20.100000381469727,20.100000381469727,20.100000381469727,18.520198822021484,0
2018-01-30,20.100000381469727,20.100000381469727,20.100000381469727,20.100000381469727,18.56360626220703,0
2018-01-31,20.209999084472656,20.209999084472656,20.209999084472656,20.209999084472656,18.66519546508789,300
2018-02-01,20.209999084472656,20.209999084472656,20.209999084472656,20.209999084472656,18.66519546508789,0
2018-02-02,20.5,20.5,20.5,20.5,18.93303108215332,2400
2018-02-05,20.030000686645508,20.100000381469727,19.899999618530273,20.100000381469727,18.56360626220703,3100
2018-02-06,19.90999984741211,19.93000030517578,19.899999618530273,19.899999618530273,18.378890991210938,1700
2018-02-07,20.200000762939453,20.200000762939453,20.200000762939453,20.200000762939453,18.655961990356445,100
2018-02-08,20.5,20.5,20.200000762939453,20.200000762939453,18.655961990356445,1100
2018-02-09,19.93000030517578,19.959999084472656,19.920000076293945,19.920000076293945,18.397363662719727,2800
2018-02-12,20.030000686645508,20.049999237060547,20.030000686645508,20.049999237060547,18.517419815063477,500
2018-02-13,20.030000686645508,20.040000915527344,20.030000686645508,20.040000915527344,18.50819206237793,500
2018-02-14,20.040000915527344,20.040000915527344,20.040000915527344,20.040000915527344,18.50819206237793,0
2018-02-15,20.040000915527344,20.040000915527344,20.040000915527344,20.040000915527344,18.50819206237793,0
2018-02-16,20.040000915527344,20.040000915527344,20.040000915527344,20.040000915527344,18.50819206237793,0
2018-02-20,19.93000030517578,19.93000030517578,19.920000076293945,19.920000076293945,18.397363662719727,500
2018-02-21,19.950000762939453,20.020000457763672,19.93000030517578,20.020000457763672,18.489713668823242,600
2018-02-22,20.190000534057617,20.190000534057617,20.190000534057617,20.190000534057617,18.64672088623047,500
2018-02-23,20.190000534057617,20.190000534057617,20.190000534057617,20.190000534057617,18.64672088623047,0
2018-02-26,20.190000534057617,20.190000534057617,20.190000534057617,20.190000534057617,18.64672088623047,0
2018-02-27,20.190000534057617,20.190000534057617,20.190000534057617,20.190000534057617,18.690229415893555,0
2018-02-28,19.969999313354492,19.989999771118164,19.969999313354492,19.989999771118164,18.505081176757812,600
2018-03-01,20.059999465942383,20.059999465942383,20.059999465942383,20.059999465942383,18.56988525390625,1000
2018-03-02,20.139999389648438,20.139999389648438,20.139999389648438,20.139999389648438,18.64394760131836,400
2018-03-05,20.139999389648438,20.139999389648438,20.139999389648438,20.139999389648438,18.64394760131836,0
2018-03-06,20.139999389648438,20.139999389648438,20.139999389648438,20.139999389648438,18.64394760131836,0
2018-03-07,20.139999389648438,20.139999389648438,20.139999389648438,20.139999389648438,18.64394760131836,0
2018-03-08,20.350000381469727,20.350000381469727,20.350000381469727,20.350000381469727,18.838348388671875,200
2018-03-09,20.5,20.5,20.5,20.5,18.97720718383789,1000
2018-03-12,20.5,20.5,20.5,20.5,18.97720718383789,0
2018-03-13,20.5,20.5,20.5,20.5,18.97720718383789,0
2018-03-14,20.5,20.5,20.5,20.5,18.97720718383789,0
2018-03-15,20.600000381469727,20.600000381469727,20.600000381469727,20.600000381469727,19.06977653503418,100
2018-03-16,20.600000381469727,20.600000381469727,20.600000381469727,20.600000381469727,19.06977653503418,0
2018-03-19,20.700000762939453,20.700000762939453,20.700000762939453,20.700000762939453,19.1623477935791,300
2018-03-20,20.700000762939453,20.700000762939453,20.700000762939453,20.700000762939453,19.1623477935791,0
2018-03-21,20.950000762939453,20.950000762939453,20.899999618530273,20.899999618530273,19.347492218017578,2100
2018-03-22,20.850000381469727,20.850000381469727,20.299999237060547,20.299999237060547,18.79205894470215,400
2018-03-23,20.200000762939453,20.350000381469727,20.200000762939453,20.350000381469727,18.838348388671875,2500
2018-03-26,20.350000381469727,20.350000381469727,20.350000381469727,20.350000381469727,18.838348388671875,0
2018-03-27,20.600000381469727,20.600000381469727,20.600000381469727,20.600000381469727,19.06977653503418,200
2018-03-28,20.610000610351562,20.610000610351562,20.610000610351562,20.610000610351562,19.079038619995117,200
2018-03-29,20.760000228881836,20.760000228881836,20.760000228881836,20.760000228881836,19.2178897857666,400
2018-04-02,20.68000030517578,20.68000030517578,20.639999389648438,20.649999618530273,19.116065979003906,2400
2018-04-03,20.649999618530273,20.649999618530273,20.649999618530273,20.649999618530273,19.116065979003906,0
2018-04-04,20.649999618530273,20.649999618530273,20.649999618530273,20.649999618530273,19.116065979003906,200
2018-04-05,20.649999618530273,20.649999618530273,20.649999618530273,20.649999618530273,19.116065979003906,0
2018-04-06,20.68000030517578,20.68000030517578,20.219999313354492,20.219999313354492,18.718000411987305,1600
2018-04-09,20.489999771118164,20.489999771118164,20.479999542236328,20.479999542236328,18.958690643310547,1600
2018-04-10,20.479999542236328,20.479999542236328,20.479999542236328,20.479999542236328,18.958690643310547,0
2018-04-11,20.489999771118164,20.5,20.469999313354492,20.5,18.97720718383789,500
2018-04-12,20.979999542236328,21.0,20.469999313354492,20.510000228881836,18.986465454101562,6400
2018-04-13,20.510000228881836,20.510000228881836,20.510000228881836,20.510000228881836,18.986465454101562,0
2018-04-16,20.510000228881836,20.510000228881836,20.510000228881836,20.510000228881836,18.986465454101562,0
2018-04-17,20.510000228881836,20.510000228881836,20.510000228881836,20.510000228881836,18.986465454101562,0
2018-04-18,20.700000762939453,20.700000762939453,20.700000762939453,20.700000762939453,19.1623477935791,200
2018-04-19,20.700000762939453,20.700000762939453,20.700000762939453,20.700000762939453,19.1623477935791,0
2018-04-20,20.690000534057617,20.690000534057617,20.600000381469727,20.600000381469727,19.06977653503418,700
2018-04-23,20.600000381469727,20.600000381469727,20.600000381469727,20.600000381469727,19.06977653503418,0
2018-04-24,20.600000381469727,20.600000381469727,20.600000381469727,20.600000381469727,19.06977653503418,0
2018-04-25,20.600000381469727,20.600000381469727,20.600000381469727,20.600000381469727,19.06977653503418,0
2018-04-26,20.420000076293945,20.420000076293945,20.420000076293945,20.420000076293945,18.903148651123047,100
2018-04-27,21.0,21.0,21.0,21.0,19.491607666015625,1000
2018-04-30,21.0,21.0,21.0,21.0,19.491607666015625,0
2018-05-01,21.0,21.0,21.0,21.0,19.491607666015625,0
2018-05-02,21.0,21.0,21.0,21.0,19.491607666015625,0
2018-05-03,21.0,21.0,21.0,21.0,19.491607666015625,0
2018-05-04,21.0,21.0,21.0,21.0,19.491607666015625,0
2018-05-07,21.0,21.0,21.0,21.0,19.491607666015625,0
2018-05-08,20.579999923706055,20.579999923706055,20.579999923706055,20.579999923706055,19.101778030395508,500
2018-05-09,20.65999984741211,20.65999984741211,20.649999618530273,20.65999984741211,19.176027297973633,2700
2018-05-10,20.65999984741211,20.65999984741211,20.65999984741211,20.65999984741211,19.176027297973633,0
2018-05-11,20.65999984741211,20.65999984741211,20.65999984741211,20.65999984741211,19.176027297973633,0
2018-05-14,20.65999984741211,20.65999984741211,20.65999984741211,20.65999984741211,19.176027297973633,0
2018-05-15,20.68000030517578,20.68000030517578,20.450000762939453,20.5,19.027524948120117,800
2018-05-16,20.5,20.5,20.5,20.5,19.027524948120117,0
2018-05-17,20.5,20.5,20.5,20.5,19.027524948120117,0
2018-05-18,20.75,20.75,20.75,20.75,19.25956153869629,600
2018-05-21,20.75,20.75,20.75,20.75,19.25956153869629,0
2018-05-22,20.700000762939453,20.700000762939453,20.59000015258789,20.59000015258789,19.111053466796875,3400
2018-05-23,20.59000015258789,20.59000015258789,20.59000015258789,20.59000015258789,19.111053466796875,100
2018-05-24,20.899999618530273,20.899999618530273,20.799999237060547,20.799999237060547,19.305971145629883,300
2018-05-25,20.799999237060547,20.799999237060547,20.799999237060547,20.799999237060547,19.305971145629883,0
2018-05-29,20.799999237060547,21.0,20.799999237060547,20.93000030517578,19.4266357421875,1400
2018-05-30,20.93000030517578,20.93000030517578,20.93000030517578,20.93000030517578,19.47875213623047,0
2018-05-31,20.739999771118164,20.920000076293945,20.739999771118164,20.920000076293945,19.469451904296875,1700
2018-06-01,20.920000076293945,20.920000076293945,20.920000076293945,20.920000076293945,19.469451904296875,0
2018-06-04,20.920000076293945,20.920000076293945,20.920000076293945,20.920000076293945,19.469451904296875,0
2018-06-05,20.920000076293945,20.920000076293945,20.920000076293945,20.920000076293945,19.469451904296875,0
2018-06-06,20.920000076293945,20.920000076293945,20.920000076293945,20.920000076293945,19.469451904296875,0
2018-06-07,20.959999084472656,21.190000534057617,20.959999084472656,21.15999984741211,19.69280433654785,3900
2018-06-08,21.579999923706055,21.68000030517578,20.93000030517578,21.200000762939453,19.73003578186035,5000
2018-06-11,21.1200008392334,21.139999389648438,21.09000015258789,21.139999389648438,19.674190521240234,1100
2018-06-12,21.65999984741211,21.790000915527344,21.200000762939453,21.200000762939453,19.73003578186035,6100
2018-06-13,21.200000762939453,21.34000015258789,21.0,21.049999237060547,19.590429306030273,5300
2018-06-14,21.049999237060547,21.049999237060547,21.049999237060547,21.049999237060547,19.590429306030273,0
2018-06-15,21.049999237060547,21.049999237060547,21.049999237060547,21.049999237060547,19.590429306030273,0
2018-06-18,21.0,21.010000228881836,21.0,21.0,19.543903350830078,1200
2018-06-19,21.0,21.0,21.0,21.0,19.543903350830078,0
2018-06-20,21.200000762939453,21.239999771118164,21.149999618530273,21.149999618530273,19.68349838256836,900
2018-06-21,21.149999618530273,21.149999618530273,21.149999618530273,21.149999618530273,19.68349838256836,0
2018-06-22,21.0,21.0,21.0,21.0,19.543903350830078,700
2018-06-25,21.0,21.0,21.0,21.0,19.543903350830078,400
2018-06-26,21.0,21.639999389648438,21.0,21.639999389648438,20.13951873779297,4100
2018-06-27,21.799999237060547,21.799999237060547,21.799999237060547,21.799999237060547,20.288427352905273,500
2018-06-28,21.799999237060547,21.799999237060547,21.799999237060547,21.799999237060547,20.341617584228516,0
2018-06-29,21.770000457763672,21.850000381469727,21.260000228881836,21.290000915527344,19.865737915039062,3400
2018-07-02,21.290000915527344,21.290000915527344,21.290000915527344,21.290000915527344,19.865737915039062,0
2018-07-03,21.290000915527344,21.290000915527344,21.290000915527344,21.290000915527344,19.865737915039062,0
2018-07-05,21.290000915527344,21.290000915527344,21.290000915527344,21.290000915527344,19.865737915039062,0
2018-07-06,21.290000915527344,21.290000915527344,21.290000915527344,21.290000915527344,19.865737915039062,0
2018-07-09,21.290000915527344,21.290000915527344,21.290000915527344,21.290000915527344,19.865737915039062,0
2018-07-10,21.290000915527344,21.290000915527344,21.290000915527344,21.290000915527344,19.865737915039062,0
2018-07-11,21.290000915527344,21.290000915527344,21.290000915527344,21.290000915527344,19.865737915039062,0
2018-07-12,21.290000915527344,21.290000915527344,21.290000915527344,21.290000915527344,19.865737915039062,0
2018-07-13,21.200000762939453,21.360000610351562,21.200000762939453,21.299999237060547,19.875062942504883,1500
2018-07-16,21.299999237060547,21.299999237060547,21.299999237060547,21.299999237060547,19.875062942504883,0
2018-07-17,21.299999237060547,21.299999237060547,21.299999237060547,21.299999237060547,19.875062942504883,400
2018-07-18,21.270000457763672,21.270000457763672,21.270000457763672,21.270000457763672,19.847070693969727,400
2018-07-19,21.270000457763672,21.270000457763672,21.270000457763672,21.270000457763672,19.847070693969727,0
2018-07-20,21.270000457763672,21.270000457763672,21.270000457763672,21.270000457763672,19.847070693969727,0
2018-07-23,21.1200008392334,21.200000762939453,21.1200008392334,21.200000762939453,19.781753540039062,700
2018-07-24,21.200000762939453,21.200000762939453,21.200000762939453,21.200000762939453,19.781753540039062,0
2018-07-25,21.110000610351562,21.149999618530273,20.959999084472656,21.149999618530273,19.73509407043457,1100
2018-07-26,21.0,21.0,21.0,21.0,19.595136642456055,600
2018-07-27,21.0,21.0,21.0,21.0,19.595136642456055,200
2018-07-30,21.0,21.0,21.0,21.0,19.648466110229492,0
2018-07-31,21.149999618530273,21.149999618530273,21.149999618530273,21.149999618530273,19.78881072998047,100
2018-08-01,21.149999618530273,21.149999618530273,21.149999618530273,21.149999618530273,19.78881072998047,0
2018-08-02,21.149999618530273,21.149999618530273,21.149999618530273,21.149999618530273,19.78881072998047,0
2018-08-03,21.149999618530273,21.149999618530273,21.149999618530273,21.149999618530273,19.78881072998047,1000
2018-08-06,21.010000228881836,21.059999465942383,21.010000228881836,21.059999465942383,19.70460319519043,1000
2018-08-07,21.059999465942383,21.059999465942383,21.059999465942383,21.059999465942383,19.70460319519043,0
2018-08-08,21.059999465942383,21.059999465942383,21.059999465942383,21.059999465942383,19.70460319519043,0
2018-08-09,21.079999923706055,21.25,21.079999923706055,21.25,19.88237953186035,2400
2018-08-10,21.299999237060547,21.299999237060547,21.299999237060547,21.299999237060547,19.92915916442871,1100
2018-08-13,21.360000610351562,21.360000610351562,21.149999618530273,21.149999618530273,19.78881072998047,1800
2018-08-14,21.149999618530273,21.149999618530273,21.149999618530273,21.149999618530273,19.78881072998047,0
2018-08-15,21.149999618530273,21.149999618530273,21.149999618530273,21.149999618530273,19.78881072998047,0
2018-08-16,21.299999237060547,21.299999237060547,21.299999237060547,21.299999237060547,19.92915916442871,100
2018-08-17,21.299999237060547,21.299999237060547,21.299999237060547,21.299999237060547,19.92915916442871,0
2018-08-20,21.299999237060547,21.299999237060547,21.299999237060547,21.299999237060547,19.92915916442871,0
2018-08-21,21.299999237060547,21.299999237060547,21.299999237060547,21.299999237060547,19.92915916442871,0
2018-08-22,21.479999542236328,21.6299991607666,21.479999542236328,21.479999542236328,20.097570419311523,800
2018-08-23,21.479999542236328,21.479999542236328,21.479999542236328,21.479999542236328,20.097570419311523,0
2018-08-24,21.479999542236328,21.479999542236328,21.479999542236328,21.479999542236328,20.097570419311523,0
2018-08-27,21.479999542236328,21.479999542236328,21.479999542236328,21.479999542236328,20.097570419311523,0
2018-08-28,21.479999542236328,21.479999542236328,21.479999542236328,21.479999542236328,20.097570419311523,0
2018-08-29,21.479999542236328,21.479999542236328,21.479999542236328,21.479999542236328,20.097570419311523,0
2018-08-30,21.479999542236328,21.479999542236328,21.479999542236328,21.479999542236328,20.15292739868164,0
2018-08-31,21.350000381469727,21.350000381469727,21.350000381469727,21.350000381469727,20.030960083007812,1000
2018-09-04,21.350000381469727,21.350000381469727,21.350000381469727,21.350000381469727,20.030960083007812,0
2018-09-05,21.350000381469727,21.350000381469727,21.350000381469727,21.350000381469727,20.030960083007812,0
2018-09-06,21.350000381469727,21.350000381469727,21.350000381469727,21.350000381469727,20.030960083007812,0
2018-09-07,21.350000381469727,21.350000381469727,21.350000381469727,21.350000381469727,20.030960083007812,0
2018-09-10,21.68000030517578,21.68000030517578,21.65999984741211,21.68000030517578,20.340574264526367,900
2018-09-11,21.649999618530273,21.649999618530273,21.3700008392334,21.3700008392334,20.04972267150879,600
2018-09-12,21.3799991607666,21.3799991607666,21.3799991607666,21.3799991607666,20.059104919433594,1000
2018-09-13,21.3799991607666,21.3799991607666,21.3799991607666,21.3799991607666,20.059104919433594,0
2018-09-14,21.149999618530273,21.25,21.1200008392334,21.25,19.937143325805664,1400
2018-09-17,21.25,21.25,21.25,21.25,19.937143325805664,0
2018-09-18,21.25,21.25,21.25,21.25,19.937143325805664,0
2018-09-19,21.25,21.25,21.25,21.25,19.937143325805664,0
2018-09-20,21.25,21.25,21.25,21.25,19.937143325805664,0
2018-09-21,21.25,21.25,21.25,21.25,19.937143325805664,0
2018-09-24,21.25,21.25,21.25,21.25,19.937143325805664,0
2018-09-25,21.25,21.25,21.25,21.25,19.937143325805664,0
2018-09-26,21.25,21.25,21.25,21.25,19.937143325805664,0
2018-09-27,21.25,21.25,21.25,21.25,19.994539260864258,0
2018-09-28,21.25,21.25,21.25,21.25,19.994539260864258,0
2018-10-01,21.25,21.25,21.25,21.25,19.994539260864258,0
2018-10-02,21.25,21.25,21.25,21.25,19.994539260864258,0
2018-10-03,21.25,21.25,21.25,21.25,19.994539260864258,0
2018-10-04,21.350000381469727,21.399999618530273,21.350000381469727,21.399999618530273,20.135669708251953,1800
2018-10-05,21.399999618530273,21.399999618530273,21.399999618530273,21.399999618530273,20.135669708251953,0
2018-10-08,21.399999618530273,21.399999618530273,21.399999618530273,21.399999618530273,20.135669708251953,0
2018-10-09,21.399999618530273,21.399999618530273,21.399999618530273,21.399999618530273,20.135669708251953,0
2018-10-10,21.010000228881836,21.149999618530273,21.010000228881836,21.149999618530273,19.900440216064453,1000
2018-10-11,21.149999618530273,21.149999618530273,21.149999618530273,21.149999618530273,19.900440216064453,0
2018-10-12,21.149999618530273,21.149999618530273,21.149999618530273,21.149999618530273,19.900440216064453,0
2018-10-15,21.149999618530273,21.149999618530273,21.149999618530273,21.149999618530273,19.900440216064453,0
2018-10-16,21.399999618530273,21.399999618530273,21.3799991607666,21.3799991607666,20.116853713989258,900
2018-10-17,21.3799991607666,21.3799991607666,21.3799991607666,21.3799991607666,20.116853713989258,0
2018-10-18,21.3799991607666,21.3799991607666,21.3799991607666,21.3799991607666,20.116853713989258,0
2018-10-19,21.0,21.0,18.93000030517578,20.899999618530273,19.66521644592285,13400
2018-10-22,21.100000381469727,21.100000381469727,21.100000381469727,21.100000381469727,19.8533992767334,300
2018-10-23,21.139999389648438,21.139999389648438,21.139999389648438,21.139999389648438,19.89103126525879,100
2018-10-24,21.049999237060547,21.049999237060547,21.049999237060547,21.049999237060547,19.806346893310547,1100
2018-10-25,21.0,21.0,21.0,21.0,19.759305953979492,1300
2018-10-26,21.0,21.0,21.0,21.0,19.759305953979492,0
2018-10-29,21.0,21.0,21.0,21.0,19.759305953979492,0
2018-10-30,21.0,21.43000030517578,21.0,21.399999618530273,20.196260452270508,600
2018-10-31,21.399999618530273,21.399999618530273,21.399999618530273,21.399999618530273,20.196260452270508,0
2018-11-01,21.200000762939453,21.239999771118164,21.200000762939453,21.239999771118164,20.04526138305664,2700
2018-11-02,21.239999771118164,21.239999771118164,21.239999771118164,21.239999771118164,20.04526138305664,0
2018-11-05,21.239999771118164,21.239999771118164,21.239999771118164,21.239999771118164,20.04526138305664,0
2018-11-06,21.149999618530273,21.149999618530273,21.149999618530273,21.149999618530273,19.9603214263916,600
2018-11-07,21.15999984741211,21.15999984741211,21.15999984741211,21.15999984741211,19.96976089477539,1200
2018-11-08,21.15999984741211,21.15999984741211,21.15999984741211,21.15999984741211,19.96976089477539,100
2018-11-09,21.170000076293945,21.170000076293945,21.149999618530273,21.149999618530273,19.9603214263916,1600
2018-11-12,21.149999618530273,21.149999618530273,21.149999618530273,21.149999618530273,19.9603214263916,0
2018-11-13,21.149999618530273,21.149999618530273,21.149999618530273,21.149999618530273,19.9603214263916,0
2018-11-14,21.149999618530273,21.149999618530273,21.149999618530273,21.149999618530273,19.9603214263916,0
2018-11-15,21.149999618530273,21.149999618530273,21.149999618530273,21.149999618530273,19.9603214263916,0
2018-11-16,21.149999618530273,21.149999618530273,21.149999618530273,21.149999618530273,19.9603214263916,500
2018-11-19,21.149999618530273,21.149999618530273,21.149999618530273,21.149999618530273,19.9603214263916,0
2018-11-20,21.149999618530273,21.149999618530273,21.149999618530273,21.149999618530273,19.9603214263916,800
2018-11-21,21.149999618530273,21.149999618530273,21.149999618530273,21.149999618530273,19.9603214263916,0
2018-11-23,21.15999984741211,21.15999984741211,21.15999984741211,21.15999984741211,19.96976089477539,200
2018-11-26,21.15999984741211,21.15999984741211,21.15999984741211,21.15999984741211,19.96976089477539,0
2018-11-27,21.15999984741211,21.15999984741211,21.15999984741211,21.15999984741211,19.96976089477539,0
2018-11-28,21.219999313354492,21.219999313354492,21.010000228881836,21.010000228881836,19.828197479248047,1500
2018-11-29,21.010000228881836,21.100000381469727,21.010000228881836,21.010000228881836,19.890674591064453,1100
2018-11-30,21.0,21.0,21.0,21.0,19.881216049194336,1700
2018-12-03,21.0,21.0,21.0,21.0,19.881216049194336,0
2018-12-04,20.8799991607666,20.920000076293945,20.610000610351562,20.719999313354492,19.616130828857422,2300
2018-12-06,20.65999984741211,20.65999984741211,20.65999984741211,20.65999984741211,19.559329986572266,500
2018-12-07,20.65999984741211,20.65999984741211,20.65999984741211,20.65999984741211,19.559329986572266,100
2018-12-10,20.65999984741211,20.65999984741211,20.65999984741211,20.65999984741211,19.559329986572266,100
2018-12-11,20.65999984741211,20.65999984741211,20.65999984741211,20.65999984741211,19.559329986572266,0
2018-12-12,20.65999984741211,20.65999984741211,20.65999984741211,20.65999984741211,19.559329986572266,0
2018-12-13,20.65999984741211,20.65999984741211,20.65999984741211,20.65999984741211,19.559329986572266,0
2018-12-14,20.65999984741211,20.65999984741211,20.65999984741211,20.65999984741211,19.559329986572266,0
2018-12-17,20.450000762939453,20.520000457763672,20.450000762939453,20.450000762939453,19.36052131652832,1100
2018-12-18,20.450000762939453,20.450000762939453,20.450000762939453,20.450000762939453,19.36052131652832,200
2018-12-19,20.450000762939453,20.510000228881836,20.450000762939453,20.510000228881836,19.417316436767578,4900
2018-12-20,20.510000228881836,20.510000228881836,20.510000228881836,20.510000228881836,19.417316436767578,0
2018-12-21,20.450000762939453,20.450000762939453,20.43000030517578,20.43000030517578,19.341575622558594,1600
2018-12-24,20.43000030517578,20.43000030517578,20.43000030517578,20.43000030517578,19.341575622558594,0
2018-12-26,20.43000030517578,20.43000030517578,20.43000030517578,20.43000030517578,19.341575622558594,1600
2018-12-27,20.43000030517578,20.43000030517578,20.43000030517578,20.43000030517578,19.341575622558594,0
2018-12-28,20.43000030517578,20.43000030517578,20.43000030517578,20.43000030517578,19.40522003173828,0
2018-12-31,20.15999984741211,20.200000762939453,20.15999984741211,20.200000762939453,19.18675994873047,700
2019-01-02,20.200000762939453,20.200000762939453,20.200000762939453,20.200000762939453,19.18675994873047,0
2019-01-03,20.399999618530273,20.40999984741211,20.299999237060547,20.299999237060547,19.28173828125,1300
2019-01-04,20.299999237060547,20.299999237060547,20.299999237060547,20.299999237060547,19.28173828125,0
2019-01-07,20.15999984741211,20.15999984741211,20.15999984741211,20.15999984741211,19.14876365661621,500
2019-01-08,20.15999984741211,20.15999984741211,20.15999984741211,20.15999984741211,19.14876365661621,0
2019-01-09,20.15999984741211,20.15999984741211,20.15999984741211,20.15999984741211,19.14876365661621,0
2019-01-10,20.260000228881836,20.260000228881836,20.260000228881836,20.260000228881836,19.24374771118164,300
2019-01-11,20.31999969482422,20.31999969482422,20.31999969482422,20.31999969482422,19.30074119567871,300
2019-01-14,20.15999984741211,20.399999618530273,20.15999984741211,20.15999984741211,19.14876365661621,1500
2019-01-15,20.219999313354492,20.219999313354492,20.219999313354492,20.219999313354492,19.205753326416016,1000
2019-01-16,20.15999984741211,20.18000030517578,20.15999984741211,20.18000030517578,19.16776466369629,2000
2019-01-17,20.18000030517578,20.18000030517578,20.18000030517578,20.18000030517578,19.16776466369629,0
2019-01-18,20.18000030517578,20.18000030517578,20.18000030517578,20.18000030517578,19.16776466369629,0
2019-01-22,20.18000030517578,20.18000030517578,20.18000030517578,20.18000030517578,19.16776466369629,0
2019-01-23,20.18000030517578,20.18000030517578,20.18000030517578,20.18000030517578,19.16776466369629,0
2019-01-24,20.18000030517578,20.18000030517578,20.18000030517578,20.18000030517578,19.16776466369629,0
2019-01-25,20.25,20.299999237060547,20.25,20.299999237060547,19.28173828125,300
2019-01-28,20.530000686645508,20.549999237060547,20.5,20.5,19.471710205078125,1700
2019-01-29,20.600000381469727,20.600000381469727,20.5,20.5,19.471710205078125,1600
2019-01-30,20.170000076293945,20.280000686645508,20.170000076293945,20.170000076293945,19.222959518432617,3800
2019-01-31,20.25,20.25,20.25,20.25,19.299213409423828,400
2019-02-01,20.25,20.25,20.25,20.25,19.299213409423828,0
2019-02-04,20.219999313354492,20.219999313354492,20.15999984741211,20.15999984741211,19.21343421936035,1700
2019-02-05,20.200000762939453,20.219999313354492,20.15999984741211,20.200000762939453,19.251556396484375,2500
2019-02-06,20.170000076293945,20.709999084472656,20.149999618530273,20.700000762939453,19.72808074951172,4200
2019-02-07,20.6200008392334,20.65999984741211,20.520000457763672,20.540000915527344,19.575590133666992,4300
2019-02-08,20.299999237060547,20.65999984741211,20.299999237060547,20.600000381469727,19.63277816772461,5400
2019-02-11,20.600000381469727,20.600000381469727,20.600000381469727,20.600000381469727,19.63277816772461,100
2019-02-12,20.540000915527344,20.719999313354492,20.540000915527344,20.719999313354492,19.74713706970215,2400
2019-02-13,20.920000076293945,20.920000076293945,20.510000228881836,20.510000228881836,19.546998977661133,1700
2019-02-14,20.5,20.5,20.5,20.5,19.5374698638916,600
2019-02-15,20.799999237060547,20.799999237060547,20.700000762939453,20.700000762939453,19.72808074951172,1300
2019-02-19,20.3799991607666,20.5,20.3799991607666,20.5,19.5374698638916,1100
2019-02-20,20.649999618530273,20.950000762939453,20.579999923706055,20.8799991607666,19.89962387084961,1200
2019-02-21,20.600000381469727,20.780000686645508,20.600000381469727,20.780000686645508,19.8043270111084,2100
2019-02-22,20.670000076293945,20.670000076293945,20.670000076293945,20.670000076293945,19.69948959350586,100
2019-02-25,20.670000076293945,20.670000076293945,20.670000076293945,20.670000076293945,19.69948959350586,0
2019-02-26,20.670000076293945,20.670000076293945,20.670000076293945,20.670000076293945,19.69948959350586,0
2019-02-27,20.600000381469727,20.600000381469727,20.260000228881836,20.350000381469727,19.45758628845215,1100
2019-02-28,20.219999313354492,20.549999237060547,20.18000030517578,20.549999237060547,19.648813247680664,4700
2019-03-01,20.549999237060547,20.549999237060547,20.549999237060547,20.549999237060547,19.648813247680664,100
2019-03-04,20.209999084472656,20.600000381469727,20.209999084472656,20.600000381469727,19.696622848510742,2600
2019-03-05,20.59000015258789,20.59000015258789,20.350000381469727,20.360000610351562,19.467145919799805,1100
2019-03-06,20.440000534057617,20.6200008392334,20.43000030517578,20.549999237060547,19.648813247680664,1600
2019-03-07,20.3799991607666,20.649999618530273,20.3799991607666,20.450000762939453,19.55319595336914,5300
2019-03-08,20.5,20.5,20.479999542236328,20.479999542236328,19.581884384155273,1100
2019-03-11,20.479999542236328,20.479999542236328,20.479999542236328,20.479999542236328,19.581884384155273,0
2019-03-12,20.549999237060547,20.549999237060547,20.280000686645508,20.450000762939453,19.55319595336914,2600
2019-03-13,20.440000534057617,20.510000228881836,20.440000534057617,20.510000228881836,19.610565185546875,1100
2019-03-14,20.65999984741211,20.65999984741211,20.510000228881836,20.510000228881836,19.610565185546875,2100
2019-03-15,20.510000228881836,20.510000228881836,20.510000228881836,20.510000228881836,19.610565185546875,100
2019-03-18,20.549999237060547,20.549999237060547,20.299999237060547,20.299999237060547,19.40977668762207,3200
2019-03-19,20.299999237060547,20.399999618530273,20.290000915527344,20.399999618530273,19.505390167236328,1700
2019-03-20,20.290000915527344,20.399999618530273,20.290000915527344,20.399999618530273,19.505390167236328,500
2019-03-21,20.34000015258789,20.34000015258789,20.34000015258789,20.34000015258789,19.44801902770996,100
2019-03-22,20.290000915527344,20.549999237060547,20.110000610351562,20.110000610351562,19.22811508178711,8800
2019-03-25,20.110000610351562,20.110000610351562,20.110000610351562,20.110000610351562,19.22811508178711,0
2019-03-26,20.190000534057617,20.200000762939453,20.190000534057617,20.200000762939453,19.31416130065918,700
2019-03-27,20.469999313354492,20.510000228881836,20.1299991607666,20.1299991607666,19.24723243713379,2800
2019-03-28,20.299999237060547,20.299999237060547,20.299999237060547,20.299999237060547,19.47556495666504,400
2019-03-29,20.299999237060547,20.299999237060547,20.290000915527344,20.290000915527344,19.465972900390625,2000
2019-04-01,20.239999771118164,20.239999771118164,20.200000762939453,20.200000762939453,19.379627227783203,2500
2019-04-02,20.270000457763672,20.270000457763672,20.270000457763672,20.270000457763672,19.4467830657959,200
2019-04-03,20.270000457763672,20.270000457763672,20.270000457763672,20.270000457763672,19.4467830657959,0
2019-04-04,20.299999237060547,20.299999237060547,20.299999237060547,20.299999237060547,19.47556495666504,600
2019-04-05,20.299999237060547,20.299999237060547,20.299999237060547,20.299999237060547,19.47556495666504,0
2019-04-08,20.299999237060547,20.299999237060547,20.299999237060547,20.299999237060547,19.47556495666504,0
2019-04-09,20.190000534057617,20.440000534057617,20.110000610351562,20.40999984741211,19.581100463867188,5900
2019-04-10,20.200000762939453,20.200000762939453,20.200000762939453,20.200000762939453,19.379627227783203,8100
2019-04-11,20.34000015258789,20.350000381469727,20.34000015258789,20.350000381469727,19.52353858947754,1100
2019-04-12,20.350000381469727,20.350000381469727,20.350000381469727,20.350000381469727,19.52353858947754,0
2019-04-15,20.34000015258789,20.399999618530273,20.34000015258789,20.399999618530273,19.571502685546875,1300
2019-04-16,20.34000015258789,20.34000015258789,20.329999923706055,20.329999923706055,19.50434684753418,1100
2019-04-17,20.329999923706055,20.329999923706055,20.329999923706055,20.329999923706055,19.50434684753418,0
2019-04-18,20.200000762939453,20.270000457763672,20.200000762939453,20.270000457763672,19.4467830657959,1100
2019-04-22,20.290000915527344,20.290000915527344,20.290000915527344,20.290000915527344,19.465972900390625,200
2019-04-23,20.290000915527344,20.290000915527344,20.290000915527344,20.290000915527344,19.465972900390625,0
2019-04-24,20.290000915527344,20.290000915527344,20.290000915527344,20.290000915527344,19.465972900390625,0
2019-04-25,20.290000915527344,20.290000915527344,20.290000915527344,20.290000915527344,19.465972900390625,0
2019-04-26,20.290000915527344,20.290000915527344,20.290000915527344,20.290000915527344,19.465972900390625,0
2019-04-29,20.299999237060547,20.299999237060547,20.299999237060547,20.299999237060547,19.540088653564453,700
2019-04-30,20.399999618530273,20.549999237060547,20.399999618530273,20.450000762939453,19.68447494506836,8500
2019-05-01,20.450000762939453,20.450000762939453,20.450000762939453,20.450000762939453,19.68447494506836,0
2019-05-02,20.450000762939453,20.450000762939453,20.450000762939453,20.450000762939453,19.68447494506836,0
2019-05-03,20.450000762939453,20.450000762939453,20.450000762939453,20.450000762939453,19.68447494506836,0
2019-05-06,20.450000762939453,20.450000762939453,20.450000762939453,20.450000762939453,19.68447494506836,0
2019-05-07,20.450000762939453,20.450000762939453,20.450000762939453,20.450000762939453,19.68447494506836,0
2019-05-08,20.450000762939453,20.450000762939453,20.450000762939453,20.450000762939453,19.68447494506836,0
2019-05-09,20.450000762939453,20.450000762939453,20.450000762939453,20.450000762939453,19.68447494506836,0
2019-05-10,20.450000762939453,20.450000762939453,20.450000762939453,20.450000762939453,19.68447494506836,0
2019-05-13,20.450000762939453,20.450000762939453,20.450000762939453,20.450000762939453,19.68447494506836,0
2019-05-14,20.450000762939453,20.450000762939453,20.450000762939453,20.450000762939453,19.68447494506836,0
2019-05-15,20.450000762939453,20.450000762939453,20.450000762939453,20.450000762939453,19.68447494506836,0
2019-05-16,20.420000076293945,20.420000076293945,20.389999389648438,20.389999389648438,19.626718521118164,3900
2019-05-17,20.440000534057617,20.440000534057617,20.43000030517578,20.43000030517578,19.66522216796875,1000
2019-05-20,20.43000030517578,20.43000030517578,20.43000030517578,20.43000030517578,19.66522216796875,0
2019-05-21,20.43000030517578,20.43000030517578,20.43000030517578,20.43000030517578,19.66522216796875,0
2019-05-22,20.34000015258789,20.34000015258789,20.34000015258789,20.34000015258789,19.578590393066406,100
2019-05-23,20.34000015258789,20.34000015258789,20.34000015258789,20.34000015258789,19.578590393066406,0
2019-05-24,20.34000015258789,20.34000015258789,20.34000015258789,20.34000015258789,19.578590393066406,0
2019-05-28,20.329999923706055,20.420000076293945,20.31999969482422,20.420000076293945,19.655597686767578,2900
2019-05-29,20.420000076293945,20.420000076293945,20.420000076293945,20.420000076293945,19.655597686767578,0
2019-05-30,20.420000076293945,20.420000076293945,20.420000076293945,20.420000076293945,19.72030258178711,0
2019-05-31,20.420000076293945,20.420000076293945,20.420000076293945,20.420000076293945,19.72030258178711,0
2019-06-03,20.450000762939453,20.450000762939453,20.399999618530273,20.399999618530273,19.700986862182617,1300
2019-06-04,20.399999618530273,20.399999618530273,20.399999618530273,20.399999618530273,19.700986862182617,0
2019-06-05,20.350000381469727,20.399999618530273,20.350000381469727,20.399999618530273,19.700986862182617,1100
2019-06-06,20.399999618530273,20.399999618530273,20.399999618530273,20.399999618530273,19.700986862182617,0
2019-06-07,20.420000076293945,20.950000762939453,20.420000076293945,20.950000762939453,20.23214340209961,900
2019-06-10,20.760000228881836,20.760000228881836,20.75,20.75,20.038991928100586,600
2019-06-11,20.670000076293945,20.670000076293945,20.5,20.5,19.797561645507812,1000
2019-06-12,20.5,20.549999237060547,20.5,20.549999237060547,19.845849990844727,1400
2019-06-13,20.549999237060547,20.549999237060547,20.549999237060547,20.549999237060547,19.845849990844727,100
2019-06-14,20.549999237060547,20.549999237060547,20.549999237060547,20.549999237060547,19.845849990844727,0
2019-06-17,20.549999237060547,20.549999237060547,20.549999237060547,20.549999237060547,19.845849990844727,0
2019-06-18,20.549999237060547,20.549999237060547,20.549999237060547,20.549999237060547,19.845849990844727,0
2019-06-19,20.799999237060547,20.799999237060547,20.799999237060547,20.799999237060547,20.087278366088867,300
2019-06-20,20.520000457763672,20.530000686645508,20.5,20.5,19.797561645507812,1600
2019-06-21,20.399999618530273,20.5,20.389999389648438,20.5,19.797561645507812,5300
2019-06-24,20.5,20.5,20.5,20.5,19.797561645507812,0
2019-06-25,20.600000381469727,20.600000381469727,20.469999313354492,20.5,19.797561645507812,800
2019-06-26,20.5,20.5,20.5,20.5,19.797561645507812,700
2019-06-27,20.5,20.5,20.5,20.5,19.86150550842285,0
2019-06-28,20.5,20.5,20.5,20.5,19.86150550842285,0
2019-07-01,20.5,20.5,20.5,20.5,19.86150550842285,0
2019-07-02,20.5,20.5,20.5,20.5,19.86150550842285,0
2019-07-03,20.5,20.5,20.5,20.5,19.86150550842285,0
2019-07-05,20.59000015258789,20.59000015258789,20.59000015258789,20.59000015258789,19.948701858520508,200
2019-07-08,20.899999618530273,20.899999618530273,20.59000015258789,20.600000381469727,19.958389282226562,2400
2019-07-09,20.31999969482422,20.450000762939453,20.31999969482422,20.31999969482422,19.68710708618164,1900
2019-07-10,20.700000762939453,20.700000762939453,20.700000762939453,20.700000762939453,20.05527687072754,100
2019-07-11,20.700000762939453,20.700000762939453,20.700000762939453,20.700000762939453,20.05527687072754,0
2019-07-12,20.700000762939453,20.700000762939453,20.700000762939453,20.700000762939453,20.05527687072754,0
2019-07-15,20.700000762939453,20.700000762939453,20.700000762939453,20.700000762939453,20.05527687072754,0
2019-07-16,20.31999969482422,20.469999313354492,20.31999969482422,20.469999313354492,19.832439422607422,1100
2019-07-17,20.399999618530273,20.649999618530273,20.399999618530273,20.600000381469727,19.958389282226562,1300
2019-07-18,20.600000381469727,20.600000381469727,20.600000381469727,20.600000381469727,19.958389282226562,0
2019-07-19,20.600000381469727,20.600000381469727,20.600000381469727,20.600000381469727,19.958389282226562,0
2019-07-22,20.450000762939453,20.450000762939453,20.450000762939453,20.450000762939453,19.813060760498047,900
2019-07-23,20.450000762939453,20.450000762939453,20.450000762939453,20.450000762939453,19.813060760498047,0
2019-07-24,20.5,20.5,20.5,20.5,19.86150550842285,300
2019-07-25,20.5,20.5,20.5,20.5,19.86150550842285,0
2019-07-26,20.5,20.5,20.5,20.5,19.921754837036133,0
2019-07-29,20.350000381469727,20.399999618530273,20.350000381469727,20.399999618530273,19.82457160949707,1500
2019-07-30,20.75,20.75,20.75,20.75,20.164701461791992,800
2019-07-31,20.75,20.75,20.75,20.75,20.164701461791992,0
2019-08-01,20.75,20.75,20.75,20.75,20.164701461791992,0
2019-08-02,20.75,20.75,20.75,20.75,20.164701461791992,0
2019-08-05,20.75,20.75,20.75,20.75,20.164701461791992,0
2019-08-06,20.75,20.75,20.75,20.75,20.164701461791992,0
2019-08-07,20.75,20.75,20.75,20.75,20.164701461791992,0
2019-08-08,20.31999969482422,20.31999969482422,20.31999969482422,20.31999969482422,19.746829986572266,600
2019-08-09,20.31999969482422,20.31999969482422,20.31999969482422,20.31999969482422,19.746829986572266,600
2019-08-12,20.75,20.75,20.75,20.75,20.164701461791992,400
2019-08-13,20.3799991607666,20.3799991607666,20.31999969482422,20.31999969482422,19.746829986572266,6900
2019-08-14,20.25,20.260000228881836,20.219999313354492,20.219999313354492,19.649656295776367,600
2019-08-15,20.25,20.260000228881836,20.219999313354492,20.219999313354492,19.649656295776367,600
2019-08-16,20.219999313354492,20.219999313354492,20.219999313354492,20.219999313354492,19.649656295776367,0
2019-08-19,20.110000610351562,20.260000228881836,20.100000381469727,20.190000534057617,19.620502471923828,1200
2019-08-20,20.190000534057617,20.190000534057617,20.190000534057617,20.190000534057617,19.620502471923828,0
2019-08-21,20.149999618530273,20.329999923706055,20.149999618530273,20.200000762939453,19.63021469116211,600
2019-08-22,20.200000762939453,20.200000762939453,20.200000762939453,20.200000762939453,19.63021469116211,0
2019-08-23,20.739999771118164,20.75,20.200000762939453,20.25,19.678808212280273,6900
2019-08-26,20.280000686645508,20.280000686645508,20.280000686645508,20.280000686645508,19.707965850830078,100
2019-08-27,20.459999084472656,20.75,20.420000076293945,20.75,20.164701461791992,6800
2019-08-28,20.530000686645508,20.75,20.520000457763672,20.75,20.164701461791992,800
2019-08-29,20.469999313354492,20.469999313354492,20.469999313354492,20.469999313354492,19.951250076293945,500
2019-08-30,20.75,20.75,20.75,20.75,20.22415542602539,100
2019-09-03,20.530000686645508,20.59000015258789,20.5,20.5,19.98048973083496,2700
2019-09-04,20.690000534057617,20.690000534057617,20.690000534057617,20.690000534057617,20.165679931640625,1300
2019-09-05,20.690000534057617,20.690000534057617,20.690000534057617,20.690000534057617,20.165679931640625,0
2019-09-06,20.65999984741211,20.65999984741211,20.65999984741211,20.65999984741211,20.136436462402344,1800
2019-09-09,20.5,20.5,20.5,20.5,19.98048973083496,1000
2019-09-10,20.420000076293945,20.479999542236328,20.399999618530273,20.459999084472656,19.941505432128906,600
2019-09-11,20.459999084472656,20.459999084472656,20.459999084472656,20.459999084472656,19.941505432128906,0
2019-09-12,20.5,20.530000686645508,20.5,20.5,19.98048973083496,900
2019-09-13,20.5,20.5,20.5,20.5,19.98048973083496,0
2019-09-16,20.5,20.5,20.5,20.5,19.98048973083496,0
2019-09-17,20.329999923706055,20.59000015258789,20.329999923706055,20.59000015258789,20.068214416503906,700
2019-09-18,20.59000015258789,20.59000015258789,20.59000015258789,20.59000015258789,20.068214416503906,0
2019-09-19,20.56999969482422,20.56999969482422,20.56999969482422,20.56999969482422,20.048721313476562,500
2019-09-20,20.56999969482422,20.56999969482422,20.56999969482422,20.56999969482422,20.048721313476562,0
2019-09-23,20.399999618530273,20.639999389648438,20.399999618530273,20.639999389648438,20.116945266723633,3800
2019-09-24,20.639999389648438,20.639999389648438,20.639999389648438,20.639999389648438,20.116945266723633,0
2019-09-25,20.5,20.5,20.399999618530273,20.450000762939453,19.931760787963867,7000
2019-09-26,20.450000762939453,20.450000762939453,20.450000762939453,20.450000762939453,19.931760787963867,0
2019-09-27,20.389999389648438,20.389999389648438,20.389999389648438,20.389999389648438,19.929805755615234,0
2019-09-30,20.389999389648438,20.389999389648438,20.389999389648438,20.389999389648438,19.929805755615234,0
2019-10-01,20.549999237060547,20.549999237060547,20.549999237060547,20.549999237060547,20.086191177368164,200
2019-10-02,20.549999237060547,20.549999237060547,20.549999237060547,20.549999237060547,20.086191177368164,0
2019-10-03,20.549999237060547,20.549999237060547,20.549999237060547,20.549999237060547,20.086191177368164,0
2019-10-04,20.549999237060547,20.549999237060547,20.549999237060547,20.549999237060547,20.086191177368164,0
2019-10-07,20.75,20.75,20.75,20.75,20.281681060791016,600
2019-10-08,20.899999618530273,20.90999984741211,20.56999969482422,20.56999969482422,20.10574722290039,3700
2019-10-09,20.920000076293945,20.920000076293945,20.809999465942383,20.809999465942383,20.340330123901367,400
2019-10-10,20.809999465942383,20.809999465942383,20.809999465942383,20.809999465942383,20.340330123901367,0
2019-10-11,20.75,20.770000457763672,20.719999313354492,20.770000457763672,20.30122947692871,1300
2019-10-14,20.649999618530273,20.649999618530273,20.549999237060547,20.549999237060547,20.086191177368164,500
2019-10-15,20.549999237060547,20.549999237060547,20.549999237060547,20.549999237060547,20.086191177368164,0
2019-10-16,20.549999237060547,20.549999237060547,20.549999237060547,20.549999237060547,20.086191177368164,900
2019-10-17,20.549999237060547,20.549999237060547,20.549999237060547,20.549999237060547,20.086191177368164,0
2019-10-18,20.549999237060547,20.549999237060547,20.549999237060547,20.549999237060547,20.086191177368164,0
2019-10-21,20.34000015258789,20.34000015258789,20.290000915527344,20.290000915527344,19.83206558227539,800
2019-10-22,20.290000915527344,20.290000915527344,20.290000915527344,20.290000915527344,19.83206558227539,0
2019-10-23,20.790000915527344,20.790000915527344,20.59000015258789,20.59000015258789,20.125293731689453,300
2019-10-24,20.59000015258789,20.59000015258789,20.59000015258789,20.59000015258789,20.125293731689453,0
2019-10-25,20.59000015258789,20.59000015258789,20.59000015258789,20.59000015258789,20.125293731689453,0
2019-10-28,20.59000015258789,20.59000015258789,20.59000015258789,20.59000015258789,20.125293731689453,0
2019-10-29,20.59000015258789,20.59000015258789,20.59000015258789,20.59000015258789,20.125293731689453,0
2019-10-30,20.59000015258789,20.59000015258789,20.59000015258789,20.59000015258789,20.180173873901367,0
2019-10-31,20.399999618530273,20.65999984741211,20.399999618530273,20.65999984741211,20.248781204223633,700
2019-11-01,20.600000381469727,20.600000381469727,20.5,20.600000381469727,20.18997573852539,3400
2019-11-04,20.600000381469727,20.600000381469727,20.600000381469727,20.600000381469727,20.18997573852539,0
2019-11-05,20.600000381469727,20.600000381469727,20.600000381469727,20.600000381469727,20.18997573852539,0
2019-11-06,20.600000381469727,20.600000381469727,20.600000381469727,20.600000381469727,20.18997573852539,0
2019-11-07,20.989999771118164,20.989999771118164,20.989999771118164,20.989999771118164,20.57221794128418,1000
2019-11-08,20.700000762939453,20.700000762939453,20.399999618530273,20.5,20.09196662902832,10400
2019-11-11,20.399999618530273,20.459999084472656,20.399999618530273,20.399999618530273,19.99395179748535,1000
2019-11-12,20.440000534057617,20.600000381469727,20.440000534057617,20.600000381469727,20.18997573852539,2700
2019-11-13,20.600000381469727,20.600000381469727,20.600000381469727,20.600000381469727,20.18997573852539,0
2019-11-14,20.520000457763672,20.520000457763672,20.440000534057617,20.440000534057617,20.03316307067871,700
2019-11-15,20.440000534057617,20.440000534057617,20.440000534057617,20.440000534057617,20.03316307067871,0
2019-11-18,20.440000534057617,20.440000534057617,20.440000534057617,20.440000534057617,20.03316307067871,100
2019-11-19,20.440000534057617,20.440000534057617,20.440000534057617,20.440000534057617,20.03316307067871,0
2019-11-20,20.440000534057617,20.440000534057617,20.440000534057617,20.440000534057617,20.03316307067871,100
2019-11-21,20.649999618530273,20.950000762939453,20.649999618530273,20.950000762939453,20.53301429748535,2500
2019-11-22,20.850000381469727,20.850000381469727,20.809999465942383,20.850000381469727,20.43500328063965,1500
2019-11-25,21.0,21.0,21.0,21.0,20.582015991210938,200
2019-11-26,20.860000610351562,20.860000610351562,20.860000610351562,20.860000610351562,20.444801330566406,1800
2019-11-27,20.860000610351562,20.860000610351562,20.860000610351562,20.860000610351562,20.494911193847656,0
2019-11-29,20.860000610351562,20.860000610351562,20.860000610351562,20.860000610351562,20.494911193847656,0
2019-12-02,21.31999969482422,21.31999969482422,21.31999969482422,21.31999969482422,20.94685935974121,100
2019-12-03,21.31999969482422,21.31999969482422,21.31999969482422,21.31999969482422,20.94685935974121,0
2019-12-04,21.110000610351562,21.299999237060547,21.110000610351562,21.299999237060547,20.927207946777344,1200
2019-12-05,21.299999237060547,21.299999237060547,21.299999237060547,21.299999237060547,20.927207946777344,0
2019-12-06,21.299999237060547,21.299999237060547,21.299999237060547,21.299999237060547,20.927207946777344,0
2019-12-09,21.299999237060547,21.299999237060547,21.299999237060547,21.299999237060547,20.927207946777344,0
2019-12-10,21.299999237060547,21.299999237060547,21.299999237060547,21.299999237060547,20.927207946777344,0
2019-12-11,21.299999237060547,21.299999237060547,21.299999237060547,21.299999237060547,20.927207946777344,0
2019-12-12,21.0,21.0,20.709999084472656,20.709999084472656,20.3475341796875,4100
2019-12-13,20.709999084472656,20.709999084472656,20.709999084472656,20.709999084472656,20.3475341796875,0
2019-12-16,20.709999084472656,20.709999084472656,20.709999084472656,20.709999084472656,20.3475341796875,0
2019-12-17,20.709999084472656,20.709999084472656,20.709999084472656,20.709999084472656,20.3475341796875,0
2019-12-18,21.0,21.0,21.0,21.0,20.632457733154297,100
2019-12-19,21.0,21.0,21.0,21.0,20.632457733154297,0
2019-12-20,21.329999923706055,21.329999923706055,21.329999923706055,21.329999923706055,20.956682205200195,200
2019-12-23,21.540000915527344,21.540000915527344,21.540000915527344,21.540000915527344,21.163005828857422,300
2019-12-24,21.540000915527344,21.540000915527344,21.540000915527344,21.540000915527344,21.163005828857422,0
2019-12-26,21.030000686645508,21.030000686645508,21.030000686645508,21.030000686645508,20.661935806274414,200
2019-12-27,21.030000686645508,21.030000686645508,21.030000686645508,21.030000686645508,20.661935806274414,0
2019-12-30,21.030000686645508,21.030000686645508,21.030000686645508,21.030000686645508,20.711177825927734,0
2019-12-31,21.030000686645508,21.030000686645508,21.030000686645508,21.030000686645508,20.711177825927734,0
2020-01-02,21.520000457763672,21.520000457763672,21.520000457763672,21.520000457763672,21.193748474121094,100
2020-01-03,21.520000457763672,21.520000457763672,21.520000457763672,21.520000457763672,21.193748474121094,0
2020-01-06,21.520000457763672,21.520000457763672,21.520000457763672,21.520000457763672,21.193748474121094,100
2020-01-07,21.770000457763672,21.770000457763672,21.770000457763672,21.770000457763672,21.439960479736328,200
2020-01-08,21.770000457763672,21.770000457763672,21.770000457763672,21.770000457763672,21.439960479736328,0
2020-01-09,21.770000457763672,21.770000457763672,21.770000457763672,21.770000457763672,21.439960479736328,0
2020-01-10,21.770000457763672,21.770000457763672,21.770000457763672,21.770000457763672,21.439960479736328,0
2020-01-13,21.770000457763672,21.770000457763672,21.770000457763672,21.770000457763672,21.439960479736328,0
2020-01-14,21.260000228881836,21.299999237060547,21.25,21.299999237060547,20.977081298828125,1900
2020-01-15,21.299999237060547,21.299999237060547,21.299999237060547,21.299999237060547,20.977081298828125,0
2020-01-16,21.299999237060547,21.299999237060547,21.299999237060547,21.299999237060547,20.977081298828125,0
2020-01-17,21.350000381469727,21.350000381469727,21.350000381469727,21.350000381469727,21.026323318481445,100
2020-01-21,21.350000381469727,21.350000381469727,21.350000381469727,21.350000381469727,21.026323318481445,0
2020-01-22,21.600000381469727,21.600000381469727,21.600000381469727,21.600000381469727,21.27253532409668,1100
2020-01-23,21.149999618530273,21.200000762939453,21.149999618530273,21.200000762939453,20.878602981567383,900
2020-01-24,21.149999618530273,21.459999084472656,21.149999618530273,21.149999618530273,20.829355239868164,800
2020-01-27,21.149999618530273,21.149999618530273,21.149999618530273,21.149999618530273,20.829355239868164,0
2020-01-28,21.479999542236328,21.5,21.260000228881836,21.5,21.174055099487305,2100
2020-01-29,21.420000076293945,21.420000076293945,21.420000076293945,21.420000076293945,21.095264434814453,500
2020-01-30,21.420000076293945,21.420000076293945,21.420000076293945,21.420000076293945,21.095264434814453,0
2020-01-31,21.420000076293945,21.420000076293945,21.420000076293945,21.420000076293945,21.095264434814453,0
2020-02-03,21.299999237060547,21.299999237060547,21.280000686645508,21.299999237060547,20.977081298828125,1200
2020-02-04,21.489999771118164,21.5,21.489999771118164,21.5,21.174055099487305,400
2020-02-05,21.5,21.5,21.5,21.5,21.174055099487305,0
2020-02-06,21.450000762939453,21.450000762939453,21.450000762939453,21.450000762939453,21.124807357788086,100
2020-02-07,21.450000762939453,21.450000762939453,21.450000762939453,21.450000762939453,21.124807357788086,0
2020-02-10,21.5,21.649999618530273,21.440000534057617,21.649999618530273,21.321779251098633,7400
2020-02-11,21.639999389648438,21.65999984741211,21.59000015258789,21.649999618530273,21.321779251098633,36700
2020-02-12,21.75,21.75,21.75,21.75,21.420263290405273,100
2020-02-13,21.75,21.75,21.75,21.75,21.420263290405273,0
2020-02-14,21.670000076293945,21.850000381469727,21.670000076293945,21.809999465942383,21.47934913635254,1100
2020-02-18,21.770000457763672,22.110000610351562,21.770000457763672,22.110000610351562,21.774803161621094,300
2020-02-19,21.8799991607666,22.040000915527344,21.84000015258789,21.84000015258789,21.508895874023438,1100
2020-02-20,21.8700008392334,21.8700008392334,21.8700008392334,21.8700008392334,21.538442611694336,600
2020-02-21,22.040000915527344,22.079999923706055,22.040000915527344,22.079999923706055,21.745256423950195,1300
2020-02-24,21.950000762939453,21.969999313354492,21.950000762939453,21.969999313354492,21.636926651000977,1200
2020-02-25,21.969999313354492,21.969999313354492,21.969999313354492,21.969999313354492,21.636926651000977,0
2020-02-26,21.969999313354492,21.969999313354492,21.969999313354492,21.969999313354492,21.636926651000977,0
2020-02-27,21.600000381469727,21.959999084472656,21.600000381469727,21.959999084472656,21.627077102661133,900
2020-02-28,21.719999313354492,21.75,21.600000381469727,21.75,21.420263290405273,2200
2020-03-02,21.75,21.75,21.75,21.75,21.420263290405273,0
2020-03-03,21.40999984741211,21.530000686645508,21.360000610351562,21.360000610351562,21.036176681518555,2400
2020-03-04,21.100000381469727,21.149999618530273,21.100000381469727,21.139999389648438,20.81951141357422,3400
2020-03-05,21.149999618530273,21.6299991607666,21.139999389648438,21.399999618530273,21.0755672454834,1000
2020-03-06,21.399999618530273,21.399999618530273,21.399999618530273,21.399999618530273,21.0755672454834,0
2020-03-09,21.399999618530273,21.399999618530273,21.3700008392334,21.399999618530273,21.0755672454834,600
2020-03-10,21.100000381469727,21.100000381469727,21.049999237060547,21.049999237060547,20.730873107910156,700
2020-03-11,21.049999237060547,21.049999237060547,21.049999237060547,21.049999237060547,20.730873107910156,0
2020-03-12,20.899999618530273,20.899999618530273,19.399999618530273,19.399999618530273,19.10588836669922,6200
2020-03-13,20.110000610351562,20.110000610351562,19.260000228881836,19.260000228881836,18.9680118560791,300
2020-03-16,19.200000762939453,19.489999771118164,19.200000762939453,19.489999771118164,19.194522857666016,7900
2020-03-17,19.489999771118164,19.489999771118164,19.489999771118164,19.489999771118164,19.194522857666016,0
2020-03-18,19.270000457763672,19.270000457763672,19.0,19.09000015258789,18.80058479309082,1700
2020-03-19,18.850000381469727,19.0,18.5,18.899999618530273,18.61346435546875,5100
2020-03-20,18.6299991607666,18.6299991607666,18.209999084472656,18.209999084472656,17.933927536010742,300
2020-03-23,18.030000686645508,18.1200008392334,18.030000686645508,18.1200008392334,17.845294952392578,400
2020-03-24,18.1200008392334,18.1200008392334,18.1200008392334,18.1200008392334,17.845294952392578,0
2020-03-25,18.1200008392334,18.1200008392334,18.1200008392334,18.1200008392334,17.845294952392578,0
2020-03-26,19.049999237060547,19.049999237060547,19.0,19.0,18.711946487426758,500
2020-03-27,19.0,19.0,19.0,19.0,18.711946487426758,0
2020-03-30,17.739999771118164,17.739999771118164,17.739999771118164,17.739999771118164,17.47565269470215,2000
2020-03-31,17.739999771118164,17.739999771118164,17.739999771118164,17.739999771118164,17.47565269470215,0
2020-04-01,17.739999771118164,17.739999771118164,17.739999771118164,17.739999771118164,17.47565269470215,0
2020-04-02,17.739999771118164,17.739999771118164,17.739999771118164,17.739999771118164,17.47565269470215,0
2020-04-03,17.540000915527344,17.639999389648438,17.540000915527344,17.639999389648438,17.37714385986328,2200
2020-04-06,17.639999389648438,17.639999389648438,17.639999389648438,17.639999389648438,17.37714385986328,0
2020-04-07,17.760000228881836,17.760000228881836,17.760000228881836,17.760000228881836,17.495351791381836,300
2020-04-08,17.670000076293945,17.670000076293945,17.670000076293945,17.670000076293945,17.406694412231445,3000
2020-04-09,17.959999084472656,18.100000381469727,17.709999084472656,18.100000381469727,17.830291748046875,2900
2020-04-13,18.100000381469727,18.100000381469727,18.100000381469727,18.100000381469727,17.830291748046875,0
2020-04-14,18.100000381469727,18.100000381469727,18.100000381469727,18.100000381469727,17.830291748046875,0
2020-04-15,18.100000381469727,18.100000381469727,18.100000381469727,18.100000381469727,17.830291748046875,0
2020-04-16,18.100000381469727,18.100000381469727,18.100000381469727,18.100000381469727,17.830291748046875,0
2020-04-17,18.100000381469727,18.100000381469727,18.100000381469727,18.100000381469727,17.830291748046875,0
2020-04-20,18.100000381469727,18.100000381469727,18.100000381469727,18.100000381469727,17.830291748046875,0
2020-04-21,18.100000381469727,18.100000381469727,18.100000381469727,18.100000381469727,17.830291748046875,0
2020-04-22,18.100000381469727,18.100000381469727,18.100000381469727,18.100000381469727,17.830291748046875,0
2020-04-23,18.100000381469727,18.100000381469727,18.100000381469727,18.100000381469727,17.830291748046875,1100
2020-04-24,18.100000381469727,18.100000381469727,18.100000381469727,18.100000381469727,17.830291748046875,0
2020-04-27,18.5,18.5,18.399999618530273,18.399999618530273,18.12582015991211,1400
2020-04-28,18.399999618530273,18.399999618530273,18.399999618530273,18.399999618530273,18.12582015991211,0
2020-04-29,18.399999618530273,18.399999618530273,18.399999618530273,18.399999618530273,18.144550323486328,0
2020-04-30,18.399999618530273,18.399999618530273,18.399999618530273,18.399999618530273,18.144550323486328,0
2020-05-01,18.68000030517578,18.989999771118164,18.68000030517578,18.989999771118164,18.726362228393555,1200
2020-05-04,18.989999771118164,18.989999771118164,18.989999771118164,18.989999771118164,18.726362228393555,0
2020-05-05,18.989999771118164,18.989999771118164,18.989999771118164,18.989999771118164,18.726362228393555,0
2020-05-06,18.450000762939453,18.450000762939453,18.450000762939453,18.450000762939453,18.19386100769043,100
2020-05-07,18.450000762939453,18.450000762939453,18.450000762939453,18.450000762939453,18.19386100769043,0
2020-05-08,18.450000762939453,18.450000762939453,18.450000762939453,18.450000762939453,18.19386100769043,0
2020-05-11,18.25,18.25,18.25,18.25,17.99663543701172,200
2020-05-12,18.479999542236328,18.479999542236328,18.479999542236328,18.479999542236328,18.22344207763672,500
2020-05-13,18.479999542236328,18.479999542236328,18.479999542236328,18.479999542236328,18.22344207763672,0
2020-05-14,18.450000762939453,18.450000762939453,18.200000762939453,18.200000762939453,17.94732666015625,1200
2020-05-15,17.899999618530273,17.899999618530273,17.799999237060547,17.799999237060547,17.552881240844727,700
2020-05-18,17.799999237060547,17.799999237060547,17.799999237060547,17.799999237060547,17.552881240844727,0
2020-05-19,17.799999237060547,17.799999237060547,17.799999237060547,17.799999237060547,17.552881240844727,0
2020-05-20,17.799999237060547,17.799999237060547,17.799999237060547,17.799999237060547,17.552881240844727,0
2020-05-21,17.799999237060547,17.799999237060547,17.799999237060547,17.799999237060547,17.552881240844727,0
2020-05-22,17.799999237060547,17.799999237060547,17.799999237060547,17.799999237060547,17.552881240844727,0
2020-05-26,18.0,18.200000762939453,18.0,18.200000762939453,17.94732666015625,3600
2020-05-27,18.200000762939453,18.200000762939453,18.200000762939453,18.200000762939453,17.94732666015625,0
2020-05-28,18.200000762939453,18.200000762939453,18.200000762939453,18.200000762939453,17.966083526611328,0
2020-05-29,18.190000534057617,18.190000534057617,18.1299991607666,18.1299991607666,17.896987915039062,500
2020-06-01,18.290000915527344,18.290000915527344,18.280000686645508,18.290000915527344,18.054929733276367,1100
2020-06-02,18.010000228881836,18.25,18.0,18.25,18.015443801879883,700
2020-06-03,18.1299991607666,18.350000381469727,18.1299991607666,18.149999618530273,17.916728973388672,8600
2020-06-04,18.260000228881836,18.43000030517578,18.25,18.43000030517578,18.193132400512695,500
2020-06-05,18.489999771118164,18.799999237060547,18.489999771118164,18.799999237060547,18.558374404907227,1400
2020-06-08,18.709999084472656,19.0,18.709999084472656,18.93000030517578,18.686704635620117,12500
2020-06-09,18.93000030517578,18.93000030517578,18.93000030517578,18.93000030517578,18.686704635620117,0
2020-06-10,18.93000030517578,18.93000030517578,18.93000030517578,18.93000030517578,18.686704635620117,0
2020-06-11,18.799999237060547,18.799999237060547,18.299999237060547,18.299999237060547,18.064796447753906,6300
2020-06-12,18.520000457763672,18.84000015258789,18.520000457763672,18.84000015258789,18.597862243652344,200
2020-06-15,18.84000015258789,18.84000015258789,18.84000015258789,18.84000015258789,18.597862243652344,0
2020-06-16,18.84000015258789,18.84000015258789,18.84000015258789,18.84000015258789,18.597862243652344,0
2020-06-17,18.920000076293945,18.940000534057617,18.780000686645508,18.889999389648438,18.647218704223633,3500
2020-06-18,18.90999984741211,18.90999984741211,18.899999618530273,18.899999618530273,18.65709114074707,1200
2020-06-19,19.0,19.200000762939453,19.0,19.200000762939453,18.953231811523438,1600
2020-06-22,19.200000762939453,19.200000762939453,19.200000762939453,19.200000762939453,18.953231811523438,0
2020-06-23,19.200000762939453,19.200000762939453,19.200000762939453,19.200000762939453,18.953231811523438,0
2020-06-24,18.579999923706055,18.68000030517578,18.559999465942383,18.65999984741211,18.42017936706543,1700
2020-06-25,18.65999984741211,18.719999313354492,18.65999984741211,18.719999313354492,18.47940444946289,3700
2020-06-26,18.719999313354492,18.719999313354492,18.719999313354492,18.719999313354492,18.47940444946289,0
2020-06-29,18.600000381469727,18.75,18.600000381469727,18.700000762939453,18.479400634765625,700
2020-06-30,18.700000762939453,18.700000762939453,18.700000762939453,18.700000762939453,18.479400634765625,0
2020-07-01,18.700000762939453,18.700000762939453,18.700000762939453,18.700000762939453,18.479400634765625,0
2020-07-02,18.700000762939453,18.700000762939453,18.700000762939453,18.700000762939453,18.479400634765625,0
2020-07-06,18.81999969482422,18.850000381469727,18.799999237060547,18.799999237060547,18.578222274780273,400
2020-07-07,19.0,19.0,19.0,19.0,18.775861740112305,400
2020-07-08,19.0,19.0,19.0,19.0,18.775861740112305,0
2020-07-09,19.0,19.0,19.0,19.0,18.775861740112305,0
2020-07-10,18.989999771118164,18.989999771118164,18.989999771118164,18.989999771118164,18.765979766845703,100
2020-07-13,18.989999771118164,18.989999771118164,18.989999771118164,18.989999771118164,18.765979766845703,0
2020-07-14,18.989999771118164,18.989999771118164,18.989999771118164,18.989999771118164,18.765979766845703,0
2020-07-15,18.649999618530273,18.65999984741211,18.649999618530273,18.649999618530273,18.429990768432617,1200
2020-07-16,18.649999618530273,18.649999618530273,18.649999618530273,18.649999618530273,18.429990768432617,0
2020-07-17,19.0,19.0,19.0,19.0,18.775861740112305,500
2020-07-20,19.0,19.0,19.0,19.0,18.775861740112305,0
2020-07-21,19.0,19.0,19.0,19.0,18.775861740112305,0
2020-07-22,19.0,19.0,18.600000381469727,18.6299991607666,18.410228729248047,900
2020-07-23,18.600000381469727,18.600000381469727,18.600000381469727,18.600000381469727,18.380584716796875,600
2020-07-24,18.600000381469727,18.600000381469727,18.600000381469727,18.600000381469727,18.380584716796875,0
2020-07-27,18.989999771118164,18.989999771118164,18.989999771118164,18.989999771118164,18.765979766845703,300
2020-07-28,18.989999771118164,18.989999771118164,18.989999771118164,18.989999771118164,18.765979766845703,0
2020-07-29,18.989999771118164,18.989999771118164,18.989999771118164,18.989999771118164,18.765979766845703,0
2020-07-30,18.969999313354492,19.0,18.969999313354492,19.0,18.795656204223633,1000
2020-07-31,19.0,19.0,19.0,19.0,18.795656204223633,0
2020-08-03,19.0,19.0,18.940000534057617,18.940000534057617,18.73630714416504,200
2020-08-04,18.799999237060547,18.799999237060547,18.799999237060547,18.799999237060547,18.597808837890625,500
2020-08-05,18.969999313354492,19.0,18.969999313354492,19.0,18.795656204223633,1500
2020-08-06,19.100000381469727,19.389999389648438,19.100000381469727,19.389999389648438,19.18146514892578,1600
2020-08-07,19.65999984741211,19.81999969482422,19.65999984741211,19.81999969482422,19.606843948364258,500
2020-08-10,19.219999313354492,19.399999618530273,19.200000762939453,19.299999237060547,19.092432022094727,1700
2020-08-11,19.3799991607666,19.3799991607666,19.299999237060547,19.299999237060547,19.092432022094727,1500
2020-08-12,19.489999771118164,19.489999771118164,19.489999771118164,19.489999771118164,19.2803897857666,100
2020-08-13,19.309999465942383,19.309999465942383,19.299999237060547,19.299999237060547,19.092432022094727,300
2020-08-14,19.299999237060547,19.299999237060547,19.299999237060547,19.299999237060547,19.092432022094727,0
2020-08-17,19.149999618530273,19.149999618530273,19.149999618530273,19.149999618530273,18.944046020507812,400
2020-08-18,19.149999618530273,19.149999618530273,19.149999618530273,19.149999618530273,18.944046020507812,0
2020-08-19,19.15999984741211,19.15999984741211,19.15999984741211,19.15999984741211,18.95393943786621,200
2020-08-20,19.799999237060547,19.799999237060547,19.170000076293945,19.799999237060547,19.587055206298828,700
2020-08-21,19.729999542236328,19.81999969482422,19.729999542236328,19.81999969482422,19.606843948364258,8600
2020-08-24,19.81999969482422,19.81999969482422,19.81999969482422,19.81999969482422,19.606843948364258,0
2020-08-25,19.889999389648438,20.049999237060547,19.850000381469727,20.049999237060547,19.834367752075195,900
2020-08-26,19.799999237060547,20.040000915527344,19.799999237060547,20.040000915527344,19.824478149414062,800
2020-08-27,19.860000610351562,19.860000610351562,19.75,19.75,19.537593841552734,1000
2020-08-28,19.75,19.75,19.75,19.75,19.556406021118164,0
2020-08-31,19.75,19.75,19.75,19.75,19.556406021118164,0
2020-09-01,19.75,19.75,19.75,19.75,19.556406021118164,0
2020-09-02,19.75,19.75,19.75,19.75,19.556406021118164,0
2020-09-03,19.75,19.75,19.75,19.75,19.556406021118164,0
2020-09-04,19.75,19.75,19.75,19.75,19.556406021118164,0
2020-09-08,19.68000030517578,19.68000030517578,19.68000030517578,19.68000030517578,19.487092971801758,2100
2020-09-09,19.68000030517578,19.68000030517578,19.68000030517578,19.68000030517578,19.487092971801758,0
2020-09-10,19.68000030517578,19.68000030517578,19.68000030517578,19.68000030517578,19.487092971801758,0
2020-09-11,19.68000030517578,19.68000030517578,19.68000030517578,19.68000030517578,19.487092971801758,0
2020-09-14,19.68000030517578,19.68000030517578,19.68000030517578,19.68000030517578,19.487092971801758,0
2020-09-15,20.0,20.0,20.0,20.0,19.803956985473633,200
2020-09-16,20.0,20.0,20.0,20.0,19.803956985473633,0
2020-09-17,20.0,20.0,20.0,20.0,19.803956985473633,0
2020-09-18,19.850000381469727,19.850000381469727,19.850000381469727,19.850000381469727,19.655427932739258,200
2020-09-21,19.850000381469727,19.850000381469727,19.850000381469727,19.850000381469727,19.655427932739258,0
2020-09-22,19.700000762939453,19.700000762939453,19.700000762939453,19.700000762939453,19.50689697265625,3500
2020-09-23,19.709999084472656,19.709999084472656,19.700000762939453,19.700000762939453,19.50689697265625,1000
2020-09-24,19.68000030517578,19.68000030517578,19.68000030517578,19.68000030517578,19.487092971801758,200
2020-09-25,19.68000030517578,19.68000030517578,19.68000030517578,19.68000030517578,19.487092971801758,0
2020-09-28,19.68000030517578,19.68000030517578,19.68000030517578,19.68000030517578,19.487092971801758,0
2020-09-29,19.68000030517578,19.68000030517578,19.68000030517578,19.68000030517578,19.50592803955078,0
2020-09-30,19.65999984741211,19.790000915527344,19.65999984741211,19.790000915527344,19.614953994750977,2700
2020-10-01,19.799999237060547,19.799999237060547,19.520000457763672,19.739999771118164,19.56539535522461,2100
2020-10-02,19.780000686645508,19.790000915527344,19.760000228881836,19.790000915527344,19.614953994750977,2900
2020-10-05,19.790000915527344,19.790000915527344,19.559999465942383,19.729999542236328,19.55548095703125,2400
2020-10-06,19.600000381469727,19.600000381469727,19.440000534057617,19.459999084472656,19.28786849975586,2000
2020-10-07,19.459999084472656,19.459999084472656,19.459999084472656,19.459999084472656,19.28786849975586,0
2020-10-08,19.459999084472656,19.459999084472656,19.459999084472656,19.459999084472656,19.28786849975586,0
2020-10-09,19.459999084472656,19.459999084472656,19.459999084472656,19.459999084472656,19.28786849975586,0
2020-10-12,19.270000457763672,19.270000457763672,19.270000457763672,19.270000457763672,19.09955406188965,200
2020-10-13,19.260000228881836,19.399999618530273,19.260000228881836,19.399999618530273,19.228404998779297,1000
2020-10-14,19.399999618530273,19.399999618530273,19.399999618530273,19.399999618530273,19.228404998779297,0
2020-10-15,19.479999542236328,19.479999542236328,19.479999542236328,19.479999542236328,19.307695388793945,100
2020-10-16,19.489999771118164,19.5,19.489999771118164,19.5,19.3275203704834,1400
2020-10-19,19.549999237060547,19.549999237060547,19.520000457763672,19.520000457763672,19.34734344482422,1900
2020-10-20,19.520000457763672,19.520000457763672,19.520000457763672,19.520000457763672,19.34734344482422,0
2020-10-21,19.520000457763672,19.520000457763672,19.520000457763672,19.520000457763672,19.34734344482422,0
2020-10-22,19.5,19.5,19.5,19.5,19.3275203704834,500
2020-10-23,19.5,19.5,19.5,19.5,19.3275203704834,0
2020-10-26,19.5,19.5,19.5,19.5,19.3275203704834,500
2020-10-27,19.5,19.5,19.5,19.5,19.3275203704834,0
2020-10-28,19.5,19.5,19.5,19.5,19.3275203704834,0
2020-10-29,19.5,19.5,19.5,19.5,19.34636688232422,0
2020-10-30,19.5,19.5,19.5,19.5,19.34636688232422,0
2020-11-02,19.5,19.5,19.5,19.5,19.34636688232422,0
2020-11-03,19.5,19.5,19.5,19.5,19.34636688232422,0
2020-11-04,19.5,19.5,19.5,19.5,19.34636688232422,0
2020-11-05,19.5,19.5,19.5,19.5,19.34636688232422,0
2020-11-06,19.450000762939453,19.549999237060547,19.450000762939453,19.549999237060547,19.39597511291504,4000
2020-11-09,19.84000015258789,19.84000015258789,19.84000015258789,19.84000015258789,19.683687210083008,4500
2020-11-10,19.84000015258789,19.84000015258789,19.84000015258789,19.84000015258789,19.683687210083008,0
2020-11-11,19.84000015258789,19.84000015258789,19.84000015258789,19.84000015258789,19.683687210083008,0
2020-11-12,19.84000015258789,19.84000015258789,19.84000015258789,19.84000015258789,19.683687210083008,0
2020-11-13,19.8799991607666,19.8799991607666,19.8799991607666,19.8799991607666,19.723371505737305,2000
2020-11-16,19.8799991607666,19.8799991607666,19.8799991607666,19.8799991607666,19.723371505737305,0
2020-11-17,19.780000686645508,19.780000686645508,19.780000686645508,19.780000686645508,19.624160766601562,100
2020-11-18,19.780000686645508,19.780000686645508,19.780000686645508,19.780000686645508,19.624160766601562,0
2020-11-19,19.920000076293945,19.920000076293945,19.920000076293945,19.920000076293945,19.7630615234375,1600
2020-11-20,20.0,20.139999389648438,20.0,20.0,19.84242820739746,2500
2020-11-23,20.219999313354492,20.219999313354492,20.100000381469727,20.100000381469727,19.94164276123047,2400
2020-11-24,20.100000381469727,20.219999313354492,20.100000381469727,20.219999313354492,20.060697555541992,4100
2020-11-25,20.219999313354492,20.219999313354492,20.219999313354492,20.219999313354492,20.060697555541992,0
2020-11-27,20.219999313354492,20.219999313354492,20.219999313354492,20.219999313354492,20.07956314086914,0
2020-11-30,20.459999084472656,20.739999771118164,20.459999084472656,20.739999771118164,20.595951080322266,2200
2020-12-01,20.739999771118164,20.739999771118164,20.739999771118164,20.739999771118164,20.595951080322266,100
2020-12-02,20.25,20.25,20.25,20.25,20.109357833862305,100
2020-12-03,20.0,20.350000381469727,20.0,20.049999237060547,19.910743713378906,1000
2020-12-04,20.200000762939453,20.200000762939453,19.770000457763672,19.770000457763672,19.6326904296875,1100
2020-12-07,19.770000457763672,19.770000457763672,19.770000457763672,19.770000457763672,19.6326904296875,0
2020-12-08,19.770000457763672,19.770000457763672,19.770000457763672,19.770000457763672,19.6326904296875,0
2020-12-09,19.90999984741211,19.90999984741211,19.90999984741211,19.90999984741211,19.771718978881836,100
2020-12-10,20.649999618530273,20.649999618530273,20.649999618530273,20.649999618530273,20.506576538085938,100
2020-12-11,20.649999618530273,20.649999618530273,20.649999618530273,20.649999618530273,20.506576538085938,0
2020-12-14,20.649999618530273,20.649999618530273,20.649999618530273,20.649999618530273,20.506576538085938,0
2020-12-15,20.649999618530273,20.649999618530273,20.649999618530273,20.649999618530273,20.506576538085938,0
2020-12-16,20.649999618530273,20.649999618530273,20.649999618530273,20.649999618530273,20.506576538085938,0
2020-12-17,20.6299991607666,20.649999618530273,20.6299991607666,20.649999618530273,20.506576538085938,500
2020-12-18,20.610000610351562,20.649999618530273,20.610000610351562,20.639999389648438,20.496646881103516,700
2020-12-21,20.690000534057617,20.700000762939453,20.670000076293945,20.670000076293945,20.526437759399414,700
2020-12-22,20.649999618530273,20.649999618530273,20.639999389648438,20.639999389648438,20.496646881103516,700
2020-12-23,20.639999389648438,20.639999389648438,20.639999389648438,20.639999389648438,20.496646881103516,0
2020-12-24,20.649999618530273,20.700000762939453,20.649999618530273,20.700000762939453,20.556230545043945,1400
2020-12-28,20.399999618530273,20.700000762939453,20.399999618530273,20.700000762939453,20.556230545043945,1800
2020-12-29,20.700000762939453,20.700000762939453,20.700000762939453,20.700000762939453,20.556230545043945,0
2020-12-30,20.700000762939453,20.700000762939453,20.65999984741211,20.700000762939453,20.575115203857422,1400
2020-12-31,20.700000762939453,20.799999237060547,20.700000762939453,20.790000915527344,20.66457176208496,1500
2021-01-04,21.299999237060547,21.299999237060547,20.200000762939453,20.299999237060547,20.177528381347656,4400
2021-01-05,20.5,20.600000381469727,20.5,20.600000381469727,20.475717544555664,1900
2021-01-06,20.649999618530273,21.100000381469727,20.649999618530273,21.100000381469727,20.972702026367188,800
2021-01-07,21.100000381469727,21.100000381469727,21.100000381469727,21.100000381469727,20.972702026367188,0
2021-01-08,21.100000381469727,21.100000381469727,21.100000381469727,21.100000381469727,20.972702026367188,0
2021-01-11,21.100000381469727,21.100000381469727,21.100000381469727,21.100000381469727,20.972702026367188,0
2021-01-12,21.100000381469727,21.100000381469727,21.100000381469727,21.100000381469727,20.972702026367188,100
2021-01-13,21.100000381469727,21.100000381469727,21.100000381469727,21.100000381469727,20.972702026367188,0
2021-01-14,21.100000381469727,21.100000381469727,21.100000381469727,21.100000381469727,20.972702026367188,0
2021-01-15,21.100000381469727,21.100000381469727,21.100000381469727,21.100000381469727,20.972702026367188,0
2021-01-19,21.100000381469727,21.100000381469727,21.100000381469727,21.100000381469727,20.972702026367188,100
2021-01-20,21.100000381469727,21.100000381469727,21.100000381469727,21.100000381469727,20.972702026367188,0
2021-01-21,20.989999771118164,20.989999771118164,20.450000762939453,20.56999969482422,20.445898056030273,700
2021-01-22,20.799999237060547,20.799999237060547,20.799999237060547,20.799999237060547,20.67451286315918,100
2021-01-25,20.799999237060547,20.799999237060547,20.799999237060547,20.799999237060547,20.67451286315918,0
2021-01-26,20.489999771118164,20.489999771118164,20.489999771118164,20.489999771118164,20.36638069152832,200
2021-01-27,20.649999618530273,20.649999618530273,20.610000610351562,20.610000610351562,20.485658645629883,1900
2021-01-28,20.610000610351562,20.610000610351562,20.610000610351562,20.610000610351562,20.504560470581055,0
2021-01-29,20.610000610351562,20.610000610351562,20.610000610351562,20.610000610351562,20.504560470581055,0
2021-02-01,20.889999389648438,20.889999389648438,20.889999389648438,20.889999389648438,20.78312873840332,100
2021-02-02,20.489999771118164,20.489999771118164,20.489999771118164,20.489999771118164,20.385175704956055,100
2021-02-03,20.459999084472656,20.469999313354492,20.299999237060547,20.299999237060547,20.19614601135254,3000
2021-02-04,20.350000381469727,20.43000030517578,20.350000381469727,20.43000030517578,20.325483322143555,2000
2021-02-05,20.43000030517578,20.43000030517578,20.43000030517578,20.43000030517578,20.325483322143555,0
2021-02-08,20.690000534057617,20.690000534057617,20.690000534057617,20.690000534057617,20.584152221679688,100
2021-02-09,20.350000381469727,20.350000381469727,20.110000610351562,20.149999618530273,20.046913146972656,1400
2021-02-10,20.299999237060547,20.360000610351562,20.270000457763672,20.350000381469727,20.245891571044922,2200
2021-02-11,20.350000381469727,20.350000381469727,20.350000381469727,20.350000381469727,20.245891571044922,100
2021-02-12,20.25,20.25,20.229999542236328,20.229999542236328,20.12650489807129,1100
2021-02-16,20.920000076293945,20.920000076293945,20.100000381469727,20.459999084472656,20.355327606201172,4400
2021-02-17,20.459999084472656,20.459999084472656,20.459999084472656,20.459999084472656,20.355327606201172,0
2021-02-18,20.5,20.5,20.299999237060547,20.299999237060547,20.19614601135254,1800
2021-02-19,20.229999542236328,20.299999237060547,20.170000076293945,20.170000076293945,20.066810607910156,1900
2021-02-22,20.309999465942383,20.309999465942383,20.18000030517578,20.18000030517578,20.076763153076172,500
2021-02-23,20.34000015258789,20.5,20.290000915527344,20.290000915527344,20.186199188232422,2100
2021-02-24,20.459999084472656,20.56999969482422,20.31999969482422,20.56999969482422,20.464765548706055,1300
2021-02-25,20.56999969482422,20.6299991607666,20.5,20.5,20.412986755371094,2700
2021-02-26,20.450000762939453,20.450000762939453,20.149999618530273,20.200000762939453,20.114259719848633,1800
2021-03-01,20.950000762939453,21.0,20.799999237060547,20.799999237060547,20.711711883544922,10500
2021-03-02,20.729999542236328,20.729999542236328,20.06999969482422,20.479999542236328,20.393070220947266,5400
2021-03-03,20.350000381469727,20.350000381469727,20.350000381469727,20.350000381469727,20.26362419128418,100
2021-03-04,20.350000381469727,20.350000381469727,20.350000381469727,20.350000381469727,20.26362419128418,0
2021-03-05,20.350000381469727,20.350000381469727,20.350000381469727,20.350000381469727,20.26362419128418,0
2021-03-08,20.68000030517578,20.760000228881836,20.600000381469727,20.600000381469727,20.512563705444336,700
2021-03-09,20.450000762939453,20.450000762939453,20.149999618530273,20.260000228881836,20.17400550842285,3900
2021-03-10,20.260000228881836,20.260000228881836,20.260000228881836,20.260000228881836,20.17400550842285,0
2021-03-11,20.260000228881836,20.260000228881836,20.260000228881836,20.260000228881836,20.17400550842285,0
2021-03-12,20.260000228881836,20.260000228881836,20.260000228881836,20.260000228881836,20.17400550842285,0
2021-03-15,20.3700008392334,20.3700008392334,20.3700008392334,20.3700008392334,20.283538818359375,400
2021-03-16,20.3700008392334,20.3700008392334,20.110000610351562,20.110000610351562,20.024642944335938,2600
2021-03-17,20.280000686645508,20.43000030517578,20.280000686645508,20.290000915527344,20.20387840270996,2900
2021-03-18,20.3700008392334,20.450000762939453,20.1299991607666,20.190000534057617,20.10430335998535,3600
2021-03-19,20.200000762939453,20.200000762939453,19.829999923706055,20.200000762939453,20.114259719848633,9800
2021-03-22,20.100000381469727,20.25,20.100000381469727,20.25,20.16404914855957,2100
2021-03-23,20.1200008392334,20.360000610351562,20.1200008392334,20.15999984741211,20.074430465698242,11200
2021-03-24,20.170000076293945,20.170000076293945,20.15999984741211,20.15999984741211,20.074430465698242,2600
2021-03-25,20.15999984741211,20.15999984741211,20.149999618530273,20.149999618530273,20.064472198486328,5200
2021-03-26,20.110000610351562,20.110000610351562,20.030000686645508,20.030000686645508,19.944982528686523,5500
2021-03-29,20.309999465942383,20.309999465942383,20.309999465942383,20.309999465942383,20.223791122436523,100
2021-03-30,20.299999237060547,20.299999237060547,20.209999084472656,20.299999237060547,20.231765747070312,900
2021-03-31,20.25,20.350000381469727,20.25,20.280000686645508,20.211833953857422,5000
2021-04-01,20.450000762939453,20.450000762939453,20.34000015258789,20.34000015258789,20.271631240844727,1000
2021-04-05,20.34000015258789,20.34000015258789,20.34000015258789,20.34000015258789,20.271631240844727,0
2021-04-06,20.170000076293945,20.200000762939453,20.170000076293945,20.200000762939453,20.132102966308594,600
2021-04-07,20.270000457763672,20.299999237060547,20.270000457763672,20.299999237060547,20.231765747070312,1600
2021-04-08,20.350000381469727,20.3700008392334,20.329999923706055,20.34000015258789,20.271631240844727,7800
2021-04-09,20.329999923706055,20.34000015258789,20.329999923706055,20.34000015258789,20.271631240844727,300
2021-04-12,20.34000015258789,20.34000015258789,20.34000015258789,20.34000015258789,20.271631240844727,300
2021-04-13,20.799999237060547,20.799999237060547,20.75,20.75,20.680252075195312,800
2021-04-14,20.75,20.75,20.299999237060547,20.299999237060547,20.231765747070312,4900
2021-04-15,20.31999969482422,20.420000076293945,20.31999969482422,20.420000076293945,20.351362228393555,400
2021-04-16,20.450000762939453,20.479999542236328,20.450000762939453,20.450000762939453,20.381261825561523,1100
2021-04-19,20.450000762939453,20.450000762939453,20.450000762939453,20.450000762939453,20.381261825561523,0
2021-04-20,20.450000762939453,20.450000762939453,20.450000762939453,20.450000762939453,20.381261825561523,200
2021-04-21,20.5,20.639999389648438,20.260000228881836,20.260000228881836,20.1919002532959,4300
2021-04-22,20.360000610351562,20.469999313354492,20.360000610351562,20.420000076293945,20.351362228393555,4400
2021-04-23,20.420000076293945,20.420000076293945,20.420000076293945,20.420000076293945,20.351362228393555,0
2021-04-26,20.3700008392334,20.479999542236328,20.3700008392334,20.479999542236328,20.41115951538086,2000
2021-04-27,20.350000381469727,20.540000915527344,20.350000381469727,20.540000915527344,20.47096061706543,1800
2021-04-28,20.540000915527344,20.540000915527344,20.540000915527344,20.540000915527344,20.47096061706543,0
2021-04-29,20.34000015258789,20.34000015258789,20.290000915527344,20.290000915527344,20.23855209350586,1900
2021-04-30,20.280000686645508,20.280000686645508,20.260000228881836,20.260000228881836,20.20862579345703,2000
2021-05-03,20.350000381469727,20.350000381469727,20.350000381469727,20.350000381469727,20.298398971557617,100
2021-05-04,20.350000381469727,20.350000381469727,20.350000381469727,20.350000381469727,20.298398971557617,0
2021-05-05,20.350000381469727,20.350000381469727,20.350000381469727,20.350000381469727,20.298398971557617,0
2021-05-06,20.350000381469727,20.350000381469727,20.350000381469727,20.350000381469727,20.298398971557617,0
2021-05-07,20.350000381469727,20.350000381469727,20.329999923706055,20.350000381469727,20.298398971557617,5300
2021-05-10,20.270000457763672,20.270000457763672,20.270000457763672,20.270000457763672,20.218603134155273,400
2021-05-11,20.270000457763672,20.270000457763672,20.270000457763672,20.270000457763672,20.218603134155273,0
2021-05-12,20.270000457763672,20.270000457763672,20.270000457763672,20.270000457763672,20.218603134155273,0
2021-05-13,20.260000228881836,20.299999237060547,20.260000228881836,20.299999237060547,20.248525619506836,12200
2021-05-14,20.299999237060547,20.459999084472656,20.299999237060547,20.440000534057617,20.38817024230957,31200
2021-05-17,20.440000534057617,20.440000534057617,20.440000534057617,20.440000534057617,20.38817024230957,0
2021-05-18,20.440000534057617,20.440000534057617,20.440000534057617,20.440000534057617,20.38817024230957,0
2021-05-19,20.520000457763672,20.530000686645508,20.360000610351562,20.360000610351562,20.308372497558594,7000
2021-05-20,20.360000610351562,20.360000610351562,20.360000610351562,20.360000610351562,20.308372497558594,0
2021-05-21,20.399999618530273,20.399999618530273,20.31999969482422,20.31999969482422,20.268474578857422,3700
2021-05-24,20.700000762939453,20.700000762939453,20.31999969482422,20.3700008392334,20.318347930908203,4200
2021-05-25,20.350000381469727,20.350000381469727,20.350000381469727,20.350000381469727,20.298398971557617,400
2021-05-26,20.469999313354492,20.520000457763672,20.350000381469727,20.350000381469727,20.298398971557617,8400
2021-05-27,20.440000534057617,20.440000534057617,20.329999923706055,20.329999923706055,20.2954044342041,5100
2021-05-28,20.329999923706055,20.329999923706055,20.329999923706055,20.329999923706055,20.2954044342041,0
2021-06-01,20.729999542236328,20.729999542236328,20.729999542236328,20.729999542236328,20.694721221923828,100
2021-06-02,20.729999542236328,20.729999542236328,20.729999542236328,20.729999542236328,20.694721221923828,500
2021-06-03,20.40999984741211,20.40999984741211,20.399999618530273,20.399999618530273,20.365283966064453,1200
2021-06-04,20.389999389648438,20.520000457763672,20.389999389648438,20.5,20.465112686157227,1500
2021-06-07,20.5,20.5,20.5,20.5,20.465112686157227,0
2021-06-08,20.5,20.5,20.5,20.5,20.465112686157227,0
2021-06-09,20.530000686645508,20.530000686645508,20.5,20.5,20.465112686157227,600
2021-06-10,20.40999984741211,20.420000076293945,20.360000610351562,20.3799991607666,20.345317840576172,3300
2021-06-11,20.3799991607666,20.3799991607666,20.3799991607666,20.3799991607666,20.345317840576172,0
2021-06-14,20.3799991607666,20.3799991607666,20.3799991607666,20.3799991607666,20.345317840576172,0
2021-06-15,20.3799991607666,20.3799991607666,20.3799991607666,20.3799991607666,20.345317840576172,0
2021-06-16,20.43000030517578,20.43000030517578,20.399999618530273,20.399999618530273,20.365283966064453,400
2021-06-17,20.65999984741211,20.65999984741211,20.520000457763672,20.520000457763672,20.48508071899414,1300
2021-06-18,20.600000381469727,20.6200008392334,20.600000381469727,20.600000381469727,20.564945220947266,1200
2021-06-21,20.709999084472656,20.709999084472656,20.709999084472656,20.709999084472656,20.67475700378418,100
2021-06-22,20.709999084472656,20.709999084472656,20.709999084472656,20.709999084472656,20.67475700378418,0
2021-06-23,20.709999084472656,20.709999084472656,20.709999084472656,20.709999084472656,20.67475700378418,0
2021-06-24,20.59000015258789,20.59000015258789,20.420000076293945,20.420000076293945,20.385250091552734,700
2021-06-25,20.420000076293945,20.420000076293945,20.420000076293945,20.420000076293945,20.385250091552734,100
2021-06-28,20.420000076293945,20.420000076293945,20.420000076293945,20.420000076293945,20.385250091552734,0
2021-06-29,20.420000076293945,20.420000076293945,20.420000076293945,20.420000076293945,20.40223503112793,0
2021-06-30,20.700000762939453,20.700000762939453,20.700000762939453,20.700000762939453,20.681991577148438,1000
2021-07-01,21.0,21.0,21.0,21.0,20.98172950744629,100
2021-07-02,21.0,21.0,21.0,21.0,20.98172950744629,0
2021-07-06,20.56999969482422,20.760000228881836,20.549999237060547,20.549999237060547,20.532121658325195,300
2021-07-07,20.549999237060547,20.549999237060547,20.549999237060547,20.549999237060547,20.532121658325195,0
2021-07-08,20.559999465942383,20.969999313354492,20.549999237060547,20.889999389648438,20.871826171875,1000
2021-07-09,20.969999313354492,20.979999542236328,20.969999313354492,20.979999542236328,20.961746215820312,1000
2021-07-12,20.979999542236328,20.979999542236328,20.979999542236328,20.979999542236328,20.961746215820312,0
2021-07-13,20.979999542236328,20.979999542236328,20.979999542236328,20.979999542236328,20.961746215820312,0
2021-07-14,20.829999923706055,20.829999923706055,20.75,20.75,20.73194694519043,1100
2021-07-15,20.690000534057617,20.690000534057617,20.530000686645508,20.530000686645508,20.51214027404785,1800
2021-07-16,20.530000686645508,20.530000686645508,20.530000686645508,20.530000686645508,20.51214027404785,0
2021-07-19,20.420000076293945,20.420000076293945,20.420000076293945,20.420000076293945,20.40223503112793,100
2021-07-20,20.600000381469727,20.600000381469727,20.600000381469727,20.600000381469727,20.58207893371582,100
2021-07-21,20.600000381469727,20.600000381469727,20.600000381469727,20.600000381469727,20.58207893371582,0
2021-07-22,20.600000381469727,20.600000381469727,20.600000381469727,20.600000381469727,20.58207893371582,0
2021-07-23,20.790000915527344,20.790000915527344,20.600000381469727,20.690000534057617,20.672000885009766,3600
2021-07-26,20.690000534057617,20.690000534057617,20.690000534057617,20.690000534057617,20.672000885009766,0
2021-07-27,20.690000534057617,20.690000534057617,20.690000534057617,20.690000534057617,20.672000885009766,0
2021-07-28,20.690000534057617,20.690000534057617,20.690000534057617,20.690000534057617,20.672000885009766,0
2021-07-29,20.75,20.75,20.700000762939453,20.700000762939453,20.700000762939453,2100
2021-07-30,20.700000762939453,20.700000762939453,20.700000762939453,20.700000762939453,20.700000762939453,0
2021-08-02,20.979999542236328,20.979999542236328,20.979999542236328,20.979999542236328,20.979999542236328,100
2021-08-03,20.979999542236328,20.979999542236328,20.979999542236328,20.979999542236328,20.979999542236328,0
2021-08-04,20.979999542236328,20.979999542236328,20.979999542236328,20.979999542236328,20.979999542236328,0
2021-08-05,20.979999542236328,20.979999542236328,20.979999542236328,20.979999542236328,20.979999542236328,0
2021-08-06,20.979999542236328,20.979999542236328,20.979999542236328,20.979999542236328,20.979999542236328,0
2021-08-09,20.979999542236328,20.979999542236328,20.979999542236328,20.979999542236328,20.979999542236328,0
2021-08-10,20.979999542236328,20.979999542236328,20.979999542236328,20.979999542236328,20.979999542236328,0
2021-08-11,20.649999618530273,20.979999542236328,20.649999618530273,20.979999542236328,20.979999542236328,4000
2021-08-12,20.649999618530273,21.0,20.649999618530273,21.0,21.0,1400
2021-08-13,21.0,21.0,21.0,21.0,21.0,0
2021-08-16,21.0,21.0,21.0,21.0,21.0,0
2021-08-17,20.649999618530273,20.760000228881836,20.649999618530273,20.760000228881836,20.760000228881836,2200
2021-08-18,20.6299991607666,20.649999618530273,20.43000030517578,20.579999923706055,20.579999923706055,2600
2021-08-19,20.579999923706055,20.579999923706055,20.579999923706055,20.579999923706055,20.579999923706055,0
2021-08-20,20.579999923706055,20.579999923706055,20.579999923706055,20.579999923706055,20.579999923706055,0
2021-08-23,20.829999923706055,20.829999923706055,20.5,20.5,20.5,500
2021-08-24,20.5,20.5,20.5,20.5,20.5,400
2021-08-25,20.5,20.5,20.5,20.5,20.5,0
2021-08-26,20.5,20.700000762939453,20.5,20.5,20.5,1700
2021-08-27,20.5,20.5,20.5,20.5,20.5,0
2021-08-30,20.549999237060547,20.739999771118164,20.520000457763672,20.739999771118164,20.739999771118164,1200
2021-08-31,20.520000457763672,20.520000457763672,20.5,20.5,20.5,1100
2021-09-01,20.56999969482422,20.649999618530273,20.56999969482422,20.649999618530273,20.649999618530273,500
2021-09-02,20.649999618530273,20.649999618530273,20.649999618530273,20.649999618530273,20.649999618530273,0
2021-09-03,20.649999618530273,20.809999465942383,20.649999618530273,20.809999465942383,20.809999465942383,600
2021-09-07,20.5,20.510000228881836,20.5,20.5,20.5,3900
2021-09-08,20.489999771118164,20.489999771118164,20.489999771118164,20.489999771118164,20.489999771118164,100
2021-09-09,20.649999618530273,20.649999618530273,20.549999237060547,20.549999237060547,20.549999237060547,2400
2021-09-10,20.56999969482422,20.56999969482422,20.56999969482422,20.56999969482422,20.56999969482422,1200
2021-09-13,20.56999969482422,20.56999969482422,20.56999969482422,20.56999969482422,20.56999969482422,0
2021-09-14,20.649999618530273,20.649999618530273,20.649999618530273,20.649999618530273,20.649999618530273,600
2021-09-15,20.75,20.75,20.700000762939453,20.709999084472656,20.709999084472656,3900
2021-09-16,20.709999084472656,20.709999084472656,20.709999084472656,20.709999084472656,20.709999084472656,0
2021-09-17,20.709999084472656,20.709999084472656,20.709999084472656,20.709999084472656,20.709999084472656,0
2021-09-20,20.649999618530273,20.649999618530273,20.649999618530273,20.649999618530273,20.649999618530273,500
2021-09-21,20.959999084472656,20.959999084472656,20.959999084472656,20.959999084472656,20.959999084472656,400
2021-09-22,20.809999465942383,20.809999465942383,20.809999465942383,20.809999465942383,20.809999465942383,100
2021-09-23,20.649999618530273,20.649999618530273,20.649999618530273,20.649999618530273,20.649999618530273,1500
2021-09-24,20.649999618530273,20.649999618530273,20.649999618530273,20.649999618530273,20.649999618530273,500
2021-09-27,20.649999618530273,20.649999618530273,20.649999618530273,20.649999618530273,20.649999618530273,400
2021-09-28,20.649999618530273,20.649999618530273,20.579999923706055,20.600000381469727,20.600000381469727,1100
2021-09-29,20.770000457763672,20.899999618530273,20.739999771118164,20.739999771118164,20.739999771118164,2000
2021-09-30,20.739999771118164,20.739999771118164,20.739999771118164,20.739999771118164,20.739999771118164,0
2021-10-01,20.809999465942383,20.889999389648438,20.809999465942383,20.889999389648438,20.889999389648438,400
2021-10-04,20.889999389648438,20.889999389648438,20.889999389648438,20.889999389648438,20.889999389648438,0
2021-10-05,20.899999618530273,20.950000762939453,20.899999618530273,20.950000762939453,20.950000762939453,500
2021-10-06,20.950000762939453,20.950000762939453,20.950000762939453,20.950000762939453,20.950000762939453,0
2021-10-07,20.600000381469727,20.600000381469727,20.600000381469727,20.600000381469727,20.600000381469727,900
2021-10-08,20.600000381469727,20.600000381469727,20.600000381469727,20.600000381469727,20.600000381469727,0
2021-10-11,20.600000381469727,20.600000381469727,20.600000381469727,20.600000381469727,20.600000381469727,0
2021-10-12,21.049999237060547,21.049999237060547,21.049999237060547,21.049999237060547,21.049999237060547,300
2021-10-13,21.049999237060547,21.049999237060547,21.049999237060547,21.049999237060547,21.049999237060547,0
2021-10-14,21.049999237060547,21.049999237060547,21.049999237060547,21.049999237060547,21.049999237060547,0
2021-10-15,21.049999237060547,21.049999237060547,21.049999237060547,21.049999237060547,21.049999237060547,0
2021-10-18,21.049999237060547,21.049999237060547,21.049999237060547,21.049999237060547,21.049999237060547,0
2021-10-19,21.049999237060547,21.049999237060547,21.049999237060547,21.049999237060547,21.049999237060547,0
2021-10-20,20.989999771118164,20.989999771118164,20.989999771118164,20.989999771118164,20.989999771118164,300
2021-10-21,20.760000228881836,20.899999618530273,20.760000228881836,20.899999618530273,20.899999618530273,800
2021-10-22,20.899999618530273,20.899999618530273,20.899999618530273,20.899999618530273,20.899999618530273,0
2021-10-25,20.899999618530273,20.899999618530273,20.899999618530273,20.899999618530273,20.899999618530273,0
2021-10-26,20.760000228881836,20.760000228881836,20.760000228881836,20.760000228881836,20.760000228881836,100
2021-10-27,20.760000228881836,20.760000228881836,20.760000228881836,20.760000228881836,20.760000228881836,100
2021-10-28,20.760000228881836,20.760000228881836,20.639999389648438,20.68000030517578,20.68000030517578,3900
2021-10-29,20.600000381469727,20.600000381469727,20.600000381469727,20.600000381469727,20.600000381469727,500
2021-11-01,20.670000076293945,20.670000076293945,20.670000076293945,20.670000076293945,20.670000076293945,100
2021-11-02,20.670000076293945,20.670000076293945,20.670000076293945,20.670000076293945,20.670000076293945,0
2021-11-03,20.670000076293945,20.670000076293945,20.670000076293945,20.670000076293945,20.670000076293945,0
2021-11-04,20.809999465942383,20.809999465942383,20.809999465942383,20.809999465942383,20.809999465942383,600
2021-11-05,20.809999465942383,20.809999465942383,20.809999465942383,20.809999465942383,20.809999465942383,0
2021-11-08,20.809999465942383,20.809999465942383,20.809999465942383,20.809999465942383,20.809999465942383,0
2021-11-09,20.809999465942383,20.809999465942383,20.809999465942383,20.809999465942383,20.809999465942383,0
2021-11-10,20.65999984741211,20.65999984741211,20.65999984741211,20.65999984741211,20.65999984741211,500
2021-11-11,20.65999984741211,20.65999984741211,20.65999984741211,20.65999984741211,20.65999984741211,0
2021-11-12,20.65999984741211,20.65999984741211,20.65999984741211,20.65999984741211,20.65999984741211,0
2021-11-15,20.65999984741211,20.65999984741211,20.65999984741211,20.65999984741211,20.65999984741211,0
2021-11-16,20.65999984741211,20.65999984741211,20.65999984741211,20.65999984741211,20.65999984741211,0
2021-11-17,20.65999984741211,20.65999984741211,20.65999984741211,20.65999984741211,20.65999984741211,0
2021-11-18,20.65999984741211,20.65999984741211,20.65999984741211,20.65999984741211,20.65999984741211,0
2021-11-19,20.670000076293945,20.670000076293945,20.549999237060547,20.56999969482422,20.56999969482422,4100
2021-11-22,20.56999969482422,20.56999969482422,20.56999969482422,20.56999969482422,20.56999969482422,0
2021-11-23,20.56999969482422,20.56999969482422,20.56999969482422,20.56999969482422,20.56999969482422,200
2021-11-24,20.760000228881836,20.809999465942383,20.760000228881836,20.760000228881836,20.760000228881836,5000
2021-11-26,20.760000228881836,20.760000228881836,20.760000228881836,20.760000228881836,20.760000228881836,0
2021-11-29,20.600000381469727,20.6299991607666,20.600000381469727,20.6299991607666,20.6299991607666,1000
2021-11-30,20.6299991607666,20.6299991607666,20.6299991607666,20.6299991607666,20.6299991607666,0
2021-12-01,20.809999465942383,20.950000762939453,20.780000686645508,20.780000686645508,20.780000686645508,1800
2021-12-02,20.780000686645508,20.780000686645508,20.780000686645508,20.780000686645508,20.780000686645508,0
2021-12-03,20.600000381469727,20.780000686645508,20.549999237060547,20.600000381469727,20.600000381469727,3200
2021-12-06,20.600000381469727,20.600000381469727,20.600000381469727,20.600000381469727,20.600000381469727,0
2021-12-07,20.68000030517578,20.75,20.68000030517578,20.75,20.75,200
2021-12-08,20.75,20.860000610351562,20.75,20.860000610351562,20.860000610351562,500
2021-12-09,20.75,20.790000915527344,20.610000610351562,20.709999084472656,20.709999084472656,1100
2021-12-10,20.709999084472656,20.709999084472656,20.709999084472656,20.709999084472656,20.709999084472656,0
2021-12-13,20.709999084472656,20.709999084472656,20.709999084472656,20.709999084472656,20.709999084472656,0
2021-12-14,20.709999084472656,20.709999084472656,20.709999084472656,20.709999084472656,20.709999084472656,0
2021-12-15,20.709999084472656,20.709999084472656,20.709999084472656,20.709999084472656,20.709999084472656,0
2021-12-16,20.709999084472656,20.709999084472656,20.709999084472656,20.709999084472656,20.709999084472656,0
2021-12-17,20.709999084472656,20.709999084472656,20.709999084472656,20.709999084472656,20.709999084472656,0
2021-12-20,20.709999084472656,20.709999084472656,20.709999084472656,20.709999084472656,20.709999084472656,0
2021-12-21,20.600000381469727,20.670000076293945,20.600000381469727,20.600000381469727,20.600000381469727,1700
2021-12-22,20.600000381469727,20.600000381469727,20.600000381469727,20.600000381469727,20.600000381469727,0
2021-12-23,20.600000381469727,20.600000381469727,20.600000381469727,20.600000381469727,20.600000381469727,0
2021-12-27,20.600000381469727,20.600000381469727,20.600000381469727,20.600000381469727,20.600000381469727,0
2021-12-28,20.649999618530273,20.700000762939453,20.649999618530273,20.649999618530273,20.649999618530273,3000
2021-12-29,20.649999618530273,20.649999618530273,20.649999618530273,20.649999618530273,20.649999618530273,0
2021-12-30,20.649999618530273,20.649999618530273,20.649999618530273,20.649999618530273,20.649999618530273,0
2021-12-31,20.649999618530273,20.649999618530273,20.649999618530273,20.649999618530273,20.649999618530273,0
2022-01-03,20.719999313354492,20.719999313354492,20.719999313354492,20.719999313354492,20.719999313354492,100
2022-01-04,20.719999313354492,20.719999313354492,20.719999313354492,20.719999313354492,20.719999313354492,0
2022-01-05,20.690000534057617,20.700000762939453,20.690000534057617,20.700000762939453,20.700000762939453,500
2022-01-06,20.639999389648438,20.690000534057617,20.639999389648438,20.690000534057617,20.690000534057617,600
2022-01-07,20.690000534057617,20.709999084472656,20.559999465942383,20.709999084472656,20.709999084472656,11700
2022-01-10,20.65999984741211,20.709999084472656,20.65999984741211,20.709999084472656,20.709999084472656,400
2022-01-11,20.709999084472656,20.709999084472656,20.709999084472656,20.709999084472656,20.709999084472656,0
2022-01-12,20.56999969482422,20.68000030517578,20.56999969482422,20.68000030517578,20.68000030517578,3800
2022-01-13,20.68000030517578,20.68000030517578,20.68000030517578,20.68000030517578,20.68000030517578,0
2022-01-14,20.68000030517578,20.68000030517578,20.68000030517578,20.68000030517578,20.68000030517578,100
2022-01-18,20.770000457763672,20.770000457763672,20.56999969482422,20.68000030517578,20.68000030517578,800
2022-01-19,20.690000534057617,20.690000534057617,20.690000534057617,20.690000534057617,20.690000534057617,100
2022-01-20,20.969999313354492,20.969999313354492,20.969999313354492,20.969999313354492,20.969999313354492,500
2022-01-21,20.969999313354492,20.969999313354492,20.829999923706055,20.829999923706055,20.829999923706055,800
2022-01-24,20.56999969482422,20.56999969482422,20.549999237060547,20.549999237060547,20.549999237060547,4300
2022-01-25,20.549999237060547,20.549999237060547,20.549999237060547,20.549999237060547,20.549999237060547,0
2022-01-26,20.700000762939453,20.969999313354492,20.700000762939453,20.969999313354492,20.969999313354492,1700
2022-01-27,20.579999923706055,20.579999923706055,20.579999923706055,20.579999923706055,20.579999923706055,200
2022-01-28,20.579999923706055,20.579999923706055,20.579999923706055,20.579999923706055,20.579999923706055,0
2022-01-31,20.700000762939453,20.700000762939453,20.700000762939453,20.700000762939453,20.700000762939453,400
2022-02-01,20.700000762939453,20.700000762939453,20.700000762939453,20.700000762939453,20.700000762939453,0
2022-02-02,20.84000015258789,20.84000015258789,20.719999313354492,20.719999313354492,20.719999313354492,600
2022-02-03,20.709999084472656,20.719999313354492,20.700000762939453,20.719999313354492,20.719999313354492,1500
2022-02-04,20.65999984741211,20.719999313354492,20.559999465942383,20.719999313354492,20.719999313354492,4800
2022-02-07,20.559999465942383,20.65999984741211,20.559999465942383,20.65999984741211,20.65999984741211,1800
2022-02-08,20.65999984741211,20.690000534057617,20.600000381469727,20.600000381469727,20.600000381469727,3000
2022-02-09,20.600000381469727,20.600000381469727,20.600000381469727,20.600000381469727,20.600000381469727,0
2022-02-10,20.600000381469727,20.600000381469727,20.600000381469727,20.600000381469727,20.600000381469727,0
2022-02-11,20.649999618530273,20.65999984741211,20.549999237060547,20.56999969482422,20.56999969482422,2300
2022-02-14,20.579999923706055,20.6299991607666,20.450000762939453,20.479999542236328,20.479999542236328,8500
2022-02-15,20.479999542236328,20.479999542236328,20.479999542236328,20.479999542236328,20.479999542236328,0
2022-02-16,20.479999542236328,20.479999542236328,20.479999542236328,20.479999542236328,20.479999542236328,0
2022-02-17,20.639999389648438,20.65999984741211,20.639999389648438,20.65999984741211,20.65999984741211,2600
2022-02-18,20.65999984741211,20.65999984741211,20.65999984741211,20.65999984741211,20.65999984741211,0
2022-02-22,20.579999923706055,20.579999923706055,20.579999923706055,20.579999923706055,20.579999923706055,100
2022-02-23,20.510000228881836,20.65999984741211,20.5,20.65999984741211,20.65999984741211,700
2022-02-24,20.520000457763672,20.6299991607666,20.450000762939453,20.479999542236328,20.479999542236328,6500
2022-02-25,20.479999542236328,20.479999542236328,20.479999542236328,20.479999542236328,20.479999542236328,0
2022-02-28,20.479999542236328,20.479999542236328,20.479999542236328,20.479999542236328,20.479999542236328,0
2022-03-01,20.65999984741211,20.65999984741211,20.65999984741211,20.65999984741211,20.65999984741211,200
2022-03-02,20.450000762939453,20.450000762939453,20.450000762939453,20.450000762939453,20.450000762939453,200
2022-03-03,20.450000762939453,20.549999237060547,20.450000762939453,20.549999237060547,20.549999237060547,300
2022-03-04,20.559999465942383,20.559999465942383,20.559999465942383,20.559999465942383,20.559999465942383,200
2022-03-07,20.450000762939453,20.649999618530273,20.450000762939453,20.639999389648438,20.639999389648438,600
2022-03-08,20.559999465942383,20.559999465942383,20.450000762939453,20.459999084472656,20.459999084472656,1100
2022-03-09,20.459999084472656,20.459999084472656,20.459999084472656,20.459999084472656,20.459999084472656,0
2022-03-10,20.65999984741211,20.65999984741211,20.639999389648438,20.65999984741211,20.65999984741211,700
2022-03-11,20.65999984741211,20.65999984741211,20.65999984741211,20.65999984741211,20.65999984741211,0
2022-03-14,20.65999984741211,20.65999984741211,20.65999984741211,20.65999984741211,20.65999984741211,0
2022-03-15,20.65999984741211,20.65999984741211,20.65999984741211,20.65999984741211,20.65999984741211,0
2022-03-16,20.59000015258789,20.59000015258789,20.59000015258789,20.59000015258789,20.59000015258789,200
2022-03-17,20.559999465942383,20.65999984741211,20.559999465942383,20.65999984741211,20.65999984741211,300
2022-03-18,20.65999984741211,20.65999984741211,20.65999984741211,20.65999984741211,20.65999984741211,0
2022-03-21,20.65999984741211,20.65999984741211,20.65999984741211,20.65999984741211,20.65999984741211,0
2022-03-22,20.559999465942383,20.65999984741211,20.559999465942383,20.65999984741211,20.65999984741211,3000
2022-03-23,20.65999984741211,20.65999984741211,20.65999984741211,20.65999984741211,20.65999984741211,0
2022-03-24,20.6299991607666,20.6299991607666,20.6299991607666,20.6299991607666,20.6299991607666,1000
2022-03-25,20.6299991607666,20.6299991607666,20.6299991607666,20.6299991607666,20.6299991607666,0
2022-03-28,20.6299991607666,20.6299991607666,20.6299991607666,20.6299991607666,20.6299991607666,0
2022-03-29,20.530000686645508,20.700000762939453,20.510000228881836,20.549999237060547,20.549999237060547,1500
2022-03-30,20.969999313354492,21.0,20.940000534057617,20.969999313354492,20.969999313354492,18400
2022-03-31,20.969999313354492,21.0,20.530000686645508,21.0,21.0,5000
2022-04-01,21.0,22.270000457763672,21.0,22.0,22.0,4800
2022-04-04,22.0,22.0,22.0,22.0,22.0,0
2022-04-05,22.0,22.0,22.0,22.0,22.0,0
2022-04-06,21.75,21.75,21.75,21.75,21.75,600
2022-04-07,21.75,21.75,21.75,21.75,21.75,0
2022-04-08,21.75,21.75,21.75,21.75,21.75,0
2022-04-11,21.1200008392334,21.1200008392334,21.1200008392334,21.1200008392334,21.1200008392334,200
2022-04-12,21.1200008392334,21.1200008392334,21.1200008392334,21.1200008392334,21.1200008392334,0
2022-04-13,21.1200008392334,21.1200008392334,21.1200008392334,21.1200008392334,21.1200008392334,0
2022-04-14,21.1200008392334,21.1200008392334,21.1200008392334,21.1200008392334,21.1200008392334,0
2022-04-18,21.1200008392334,21.1200008392334,21.1200008392334,21.1200008392334,21.1200008392334,0
2022-04-19,21.799999237060547,21.799999237060547,21.799999237060547,21.799999237060547,21.799999237060547,1000
2022-04-20,21.799999237060547,21.799999237060547,21.799999237060547,21.799999237060547,21.799999237060547,0
2022-04-21,21.799999237060547,21.799999237060547,21.799999237060547,21.799999237060547,21.799999237060547,0
2022-04-22,21.799999237060547,21.799999237060547,21.799999237060547,21.799999237060547,21.799999237060547,0
2022-04-25,21.799999237060547,21.799999237060547,21.799999237060547,21.799999237060547,21.799999237060547,300
2022-04-26,21.799999237060547,21.799999237060547,21.799999237060547,21.799999237060547,21.799999237060547,0
2022-04-27,20.8799991607666,21.239999771118164,20.8799991607666,21.1200008392334,21.1200008392334,1500
2022-04-28,21.3700008392334,21.3700008392334,21.3700008392334,21.3700008392334,21.3700008392334,100
2022-04-29,21.3700008392334,21.3700008392334,21.3700008392334,21.3700008392334,21.3700008392334,0
2022-05-02,21.34000015258789,21.34000015258789,21.34000015258789,21.34000015258789,21.34000015258789,200
2022-05-03,21.34000015258789,21.34000015258789,21.34000015258789,21.34000015258789,21.34000015258789,0
2022-05-04,21.139999389648438,21.139999389648438,21.139999389648438,21.139999389648438,21.139999389648438,100
2022-05-05,21.139999389648438,21.139999389648438,21.139999389648438,21.139999389648438,21.139999389648438,0
2022-05-06,21.139999389648438,21.139999389648438,21.139999389648438,21.139999389648438,21.139999389648438,0
2022-05-09,21.31999969482422,21.31999969482422,20.600000381469727,20.600000381469727,20.600000381469727,2900
2022-05-10,20.56999969482422,20.56999969482422,20.56999969482422,20.56999969482422,20.56999969482422,100
2022-05-11,20.549999237060547,20.739999771118164,20.200000762939453,20.200000762939453,20.200000762939453,6500
2022-05-12,20.780000686645508,20.780000686645508,20.579999923706055,20.579999923706055,20.579999923706055,300
2022-05-13,20.579999923706055,20.579999923706055,20.579999923706055,20.579999923706055,20.579999923706055,0
2022-05-16,20.579999923706055,20.579999923706055,20.579999923706055,20.579999923706055,20.579999923706055,0
2022-05-17,20.59000015258789,20.649999618530273,20.520000457763672,20.56999969482422,20.56999969482422,3900
2022-05-18,20.540000915527344,20.540000915527344,20.5,20.5,20.5,400
2022-05-19,20.510000228881836,20.510000228881836,20.510000228881836,20.510000228881836,20.510000228881836,300
2022-05-20,20.559999465942383,20.559999465942383,20.559999465942383,20.559999465942383,20.559999465942383,200
2022-05-23,20.559999465942383,20.559999465942383,20.559999465942383,20.559999465942383,20.559999465942383,0
2022-05-24,20.559999465942383,20.559999465942383,20.559999465942383,20.559999465942383,20.559999465942383,0
2022-05-25,20.559999465942383,20.559999465942383,20.559999465942383,20.559999465942383,20.559999465942383,0
2022-05-26,20.559999465942383,20.559999465942383,20.559999465942383,20.559999465942383,20.559999465942383,0
2022-05-27,20.559999465942383,20.559999465942383,20.559999465942383,20.559999465942383,20.559999465942383,0
2022-05-31,20.399999618530273,20.799999237060547,20.399999618530273,20.799999237060547,20.799999237060547,800
2022-06-01,20.8799991607666,20.8799991607666,20.8799991607666,20.8799991607666,20.8799991607666,100
2022-06-02,20.549999237060547,20.6200008392334,20.5,20.6200008392334,20.6200008392334,1600
2022-06-03,20.6200008392334,20.6200008392334,20.6200008392334,20.6200008392334,20.6200008392334,0
2022-06-06,20.739999771118164,20.739999771118164,20.739999771118164,20.739999771118164,20.739999771118164,2000
2022-06-07,20.739999771118164,20.739999771118164,20.739999771118164,20.739999771118164,20.739999771118164,0
2022-06-08,20.739999771118164,20.739999771118164,20.739999771118164,20.739999771118164,20.739999771118164,0
2022-06-09,20.649999618530273,20.649999618530273,20.649999618530273,20.649999618530273,20.649999618530273,500
2022-06-10,20.649999618530273,20.649999618530273,20.649999618530273,20.649999618530273,20.649999618530273,0
2022-06-13,20.540000915527344,20.690000534057617,20.540000915527344,20.649999618530273,20.649999618530273,2500
2022-06-14,20.649999618530273,20.649999618530273,20.649999618530273,20.649999618530273,20.649999618530273,0
2022-06-15,20.75,20.75,20.690000534057617,20.75,20.75,2200
2022-06-16,20.729999542236328,20.729999542236328,20.56999969482422,20.700000762939453,20.700000762939453,4400
2022-06-17,20.700000762939453,20.700000762939453,20.700000762939453,20.700000762939453,20.700000762939453,0
2022-06-21,20.700000762939453,20.700000762939453,20.700000762939453,20.700000762939453,20.700000762939453,0
2022-06-22,20.700000762939453,20.700000762939453,20.700000762939453,20.700000762939453,20.700000762939453,0
2022-06-23,20.700000762939453,20.700000762939453,20.700000762939453,20.700000762939453,20.700000762939453,0
2022-06-24,20.760000228881836,20.799999237060547,20.760000228881836,20.799999237060547,20.799999237060547,2000
2022-06-27,20.799999237060547,20.799999237060547,20.799999237060547,20.799999237060547,20.799999237060547,0
2022-06-28,20.84000015258789,20.84000015258789,20.579999923706055,20.809999465942383,20.809999465942383,1400
2022-06-29,20.809999465942383,20.809999465942383,20.809999465942383,20.809999465942383,20.809999465942383,0
2022-06-30,20.809999465942383,20.809999465942383,20.809999465942383,20.809999465942383,20.809999465942383,0
2022-07-01,20.809999465942383,20.809999465942383,20.809999465942383,20.809999465942383,20.809999465942383,100
2022-07-05,20.809999465942383,20.809999465942383,20.809999465942383,20.809999465942383,20.809999465942383,0
2022-07-06,20.56999969482422,20.84000015258789,20.56999969482422,20.6299991607666,20.6299991607666,2100
2022-07-07,20.6299991607666,20.6299991607666,20.6299991607666,20.6299991607666,20.6299991607666,0
2022-07-08,20.6299991607666,20.6299991607666,20.6299991607666,20.6299991607666,20.6299991607666,0
2022-07-11,20.6299991607666,20.6299991607666,20.6299991607666,20.6299991607666,20.6299991607666,0
2022-07-12,20.649999618530273,20.649999618530273,20.649999618530273,20.649999618530273,20.649999618530273,500
2022-07-13,20.8700008392334,20.8700008392334,20.610000610351562,20.799999237060547,20.799999237060547,2400
2022-07-14,20.850000381469727,20.850000381469727,20.770000457763672,20.770000457763672,20.770000457763672,1000
2022-07-15,20.770000457763672,20.770000457763672,20.770000457763672,20.770000457763672,20.770000457763672,0
2022-07-18,20.770000457763672,20.770000457763672,20.770000457763672,20.770000457763672,20.770000457763672,0
2022-07-19,20.770000457763672,20.770000457763672,20.770000457763672,20.770000457763672,20.770000457763672,0
2022-07-20,20.770000457763672,20.770000457763672,20.770000457763672,20.770000457763672,20.770000457763672,0
2022-07-21,20.770000457763672,20.770000457763672,20.770000457763672,20.770000457763672,20.770000457763672,0
2022-07-22,20.770000457763672,20.770000457763672,20.770000457763672,20.770000457763672,20.770000457763672,0
2022-07-25,20.770000457763672,20.770000457763672,20.770000457763672,20.770000457763672,20.770000457763672,0
2022-07-26,20.549999237060547,20.68000030517578,20.549999237060547,20.68000030517578,20.68000030517578,3100
2022-07-27,20.540000915527344,20.729999542236328,20.540000915527344,20.559999465942383,20.559999465942383,2700
2022-07-28,20.540000915527344,20.68000030517578,20.540000915527344,20.65999984741211,20.65999984741211,2200
2022-07-29,20.780000686645508,20.780000686645508,20.780000686645508,20.780000686645508,20.780000686645508,1000
2022-08-01,20.8700008392334,20.8700008392334,20.8700008392334,20.8700008392334,20.8700008392334,100
2022-08-02,20.850000381469727,20.850000381469727,20.850000381469727,20.850000381469727,20.850000381469727,100
2022-08-03,20.850000381469727,20.850000381469727,20.850000381469727,20.850000381469727,20.850000381469727,300
2022-08-04,20.850000381469727,20.850000381469727,20.850000381469727,20.850000381469727,20.850000381469727,500
2022-08-05,20.850000381469727,20.850000381469727,20.850000381469727,20.850000381469727,20.850000381469727,0
2022-08-08,20.899999618530273,20.899999618530273,20.899999618530273,20.899999618530273,20.899999618530273,600
2022-08-09,20.799999237060547,20.799999237060547,20.799999237060547,20.799999237060547,20.799999237060547,600
2022-08-10,20.799999237060547,20.799999237060547,20.799999237060547,20.799999237060547,20.799999237060547,0
2022-08-11,20.799999237060547,20.799999237060547,20.799999237060547,20.799999237060547,20.799999237060547,0
2022-08-12,20.799999237060547,20.799999237060547,20.799999237060547,20.799999237060547,20.799999237060547,0
2022-08-15,20.799999237060547,20.850000381469727,20.799999237060547,20.850000381469727,20.850000381469727,3600
2022-08-16,20.920000076293945,20.920000076293945,20.920000076293945,20.920000076293945,20.920000076293945,700
2022-08-17,20.920000076293945,20.920000076293945,20.920000076293945,20.920000076293945,20.920000076293945,0
2022-08-18,20.610000610351562,20.860000610351562,20.559999465942383,20.860000610351562,20.860000610351562,1400
2022-08-19,20.920000076293945,20.920000076293945,20.809999465942383,20.809999465942383,20.809999465942383,800
2022-08-22,20.75,20.920000076293945,20.75,20.920000076293945,20.920000076293945,1100
2022-08-23,20.920000076293945,20.920000076293945,20.920000076293945,20.920000076293945,20.920000076293945,0
2022-08-24,20.920000076293945,20.920000076293945,20.920000076293945,20.920000076293945,20.920000076293945,0
2022-08-25,20.920000076293945,20.920000076293945,20.920000076293945,20.920000076293945,20.920000076293945,0
2022-08-26,20.920000076293945,20.920000076293945,20.899999618530273,20.899999618530273,20.899999618530273,500
2022-08-29,20.920000076293945,20.940000534057617,20.920000076293945,20.940000534057617,20.940000534057617,2000
2022-08-30,20.940000534057617,20.940000534057617,20.940000534057617,20.940000534057617,20.940000534057617,0
2022-08-31,20.920000076293945,20.93000030517578,20.920000076293945,20.93000030517578,20.93000030517578,2200
2022-09-01,20.93000030517578,20.93000030517578,20.93000030517578,20.93000030517578,20.93000030517578,100
2022-09-02,20.8700008392334,20.8700008392334,20.799999237060547,20.799999237060547,20.799999237060547,300
2022-09-06,20.799999237060547,20.799999237060547,20.799999237060547,20.799999237060547,20.799999237060547,100
2022-09-07,20.799999237060547,20.799999237060547,20.799999237060547,20.799999237060547,20.799999237060547,0
2022-09-08,20.799999237060547,20.799999237060547,20.799999237060547,20.799999237060547,20.799999237060547,0
2022-09-09,20.799999237060547,20.799999237060547,20.799999237060547,20.799999237060547,20.799999237060547,0
2022-09-12,20.899999618530273,20.950000762939453,20.799999237060547,20.950000762939453,20.950000762939453,1500
2022-09-13,21.040000915527344,21.329999923706055,21.040000915527344,21.170000076293945,21.170000076293945,11900
2022-09-14,21.170000076293945,21.170000076293945,21.110000610351562,21.110000610351562,21.110000610351562,1400
2022-09-15,21.110000610351562,21.110000610351562,21.110000610351562,21.110000610351562,21.110000610351562,0
2022-09-16,21.110000610351562,21.110000610351562,21.110000610351562,21.110000610351562,21.110000610351562,0
2022-09-19,21.389999389648438,21.389999389648438,21.360000610351562,21.389999389648438,21.389999389648438,1000
2022-09-20,21.389999389648438,21.389999389648438,21.389999389648438,21.389999389648438,21.389999389648438,0
2022-09-21,21.389999389648438,21.389999389648438,21.389999389648438,21.389999389648438,21.389999389648438,0
2022-09-22,21.25,21.25,20.84000015258789,21.200000762939453,21.200000762939453,4400
2022-09-23,21.040000915527344,21.040000915527344,20.959999084472656,20.959999084472656,20.959999084472656,1400
2022-09-26,21.010000228881836,21.010000228881836,21.0,21.0,21.0,600
2022-09-27,20.850000381469727,20.850000381469727,20.84000015258789,20.850000381469727,20.850000381469727,1700
2022-09-28,21.100000381469727,21.100000381469727,21.100000381469727,21.100000381469727,21.100000381469727,100
2022-09-29,21.100000381469727,21.100000381469727,21.100000381469727,21.100000381469727,21.100000381469727,0
2022-09-30,21.100000381469727,21.100000381469727,21.100000381469727,21.100000381469727,21.100000381469727,0
2022-10-03,21.06999969482422,21.06999969482422,21.06999969482422,21.06999969482422,21.06999969482422,100
2022-10-04,21.059999465942383,21.059999465942383,20.969999313354492,20.969999313354492,20.969999313354492,700
2022-10-05,20.850000381469727,20.850000381469727,20.850000381469727,20.850000381469727,20.850000381469727,100
2022-10-06,20.850000381469727,20.850000381469727,20.850000381469727,20.850000381469727,20.850000381469727,0
2022-10-07,20.899999618530273,20.899999618530273,20.8799991607666,20.8799991607666,20.8799991607666,1500
2022-10-10,20.8799991607666,20.8799991607666,20.8799991607666,20.8799991607666,20.8799991607666,0
2022-10-11,20.899999618530273,20.940000534057617,20.850000381469727,20.899999618530273,20.899999618530273,9000
2022-10-12,20.899999618530273,20.899999618530273,20.899999618530273,20.899999618530273,20.899999618530273,0
2022-10-13,20.899999618530273,21.350000381469727,20.860000610351562,21.059999465942383,21.059999465942383,7700
2022-10-14,21.059999465942383,21.059999465942383,21.059999465942383,21.059999465942383,21.059999465942383,0
2022-10-17,20.950000762939453,21.030000686645508,20.950000762939453,21.030000686645508,21.030000686645508,500
2022-10-18,20.920000076293945,21.309999465942383,20.889999389648438,21.040000915527344,21.040000915527344,3400
2022-10-19,21.049999237060547,21.06999969482422,21.049999237060547,21.049999237060547,21.049999237060547,1900
2022-10-20,20.950000762939453,20.969999313354492,20.829999923706055,20.969999313354492,20.969999313354492,9100
2022-10-21,20.899999618530273,20.940000534057617,20.719999313354492,20.860000610351562,20.860000610351562,7000
2022-10-24,20.860000610351562,20.860000610351562,20.860000610351562,20.860000610351562,20.860000610351562,0
2022-10-25,20.860000610351562,20.969999313354492,20.850000381469727,20.969999313354492,20.969999313354492,4500
2022-10-26,20.940000534057617,21.09000015258789,20.940000534057617,20.940000534057617,20.940000534057617,3800
2022-10-27,21.09000015258789,21.219999313354492,21.09000015258789,21.200000762939453,21.200000762939453,6000
2022-10-28,21.15999984741211,21.760000228881836,21.010000228881836,21.010000228881836,21.010000228881836,9200
2022-10-31,21.1299991607666,21.350000381469727,21.1200008392334,21.1200008392334,21.1200008392334,1500
2022-11-01,21.280000686645508,21.290000915527344,21.15999984741211,21.290000915527344,21.290000915527344,1200
2022-11-02,21.290000915527344,21.290000915527344,21.290000915527344,21.290000915527344,21.290000915527344,0
2022-11-03,21.040000915527344,21.040000915527344,21.040000915527344,21.040000915527344,21.040000915527344,200
2022-11-04,21.049999237060547,21.549999237060547,20.6200008392334,21.149999618530273,21.149999618530273,2800
2022-11-07,21.299999237060547,21.540000915527344,20.760000228881836,21.149999618530273,21.149999618530273,5700
2022-11-08,20.989999771118164,21.299999237060547,20.989999771118164,21.15999984741211,21.15999984741211,4200
2022-11-09,21.15999984741211,21.15999984741211,21.079999923706055,21.100000381469727,21.100000381469727,1700
2022-11-10,21.139999389648438,21.139999389648438,20.81999969482422,21.079999923706055,21.079999923706055,7500
2022-11-11,21.1299991607666,21.219999313354492,21.1299991607666,21.200000762939453,21.200000762939453,1200
2022-11-14,21.200000762939453,21.200000762939453,21.200000762939453,21.200000762939453,21.200000762939453,1500
2022-11-15,21.190000534057617,21.200000762939453,21.170000076293945,21.200000762939453,21.200000762939453,1000
2022-11-16,21.200000762939453,21.200000762939453,21.200000762939453,21.200000762939453,21.200000762939453,0
2022-11-17,20.850000381469727,21.18000030517578,20.81999969482422,21.18000030517578,21.18000030517578,6100
2022-11-18,21.020000457763672,21.020000457763672,20.850000381469727,20.860000610351562,20.860000610351562,5000
2022-11-21,20.860000610351562,20.90999984741211,20.75,20.90999984741211,20.90999984741211,1300
2022-11-22,20.8700008392334,20.989999771118164,20.8700008392334,20.989999771118164,20.989999771118164,1500
2022-11-23,21.0,21.049999237060547,20.950000762939453,21.049999237060547,21.049999237060547,1100
2022-11-25,21.040000915527344,21.049999237060547,21.0,21.049999237060547,21.049999237060547,2200
2022-11-28,21.0,21.059999465942383,21.0,21.049999237060547,21.049999237060547,1800
2022-11-29,20.950000762939453,20.950000762939453,20.920000076293945,20.920000076293945,20.920000076293945,500
2022-11-30,20.920000076293945,20.920000076293945,20.920000076293945,20.920000076293945,20.920000076293945,0
2022-12-01,20.809999465942383,20.940000534057617,20.809999465942383,20.940000534057617,20.940000534057617,1900
2022-12-02,20.959999084472656,20.969999313354492,20.959999084472656,20.969999313354492,20.969999313354492,500
2022-12-05,21.040000915527344,21.040000915527344,20.8799991607666,20.8799991607666,20.8799991607666,200
2022-12-06,20.90999984741211,20.90999984741211,20.8700008392334,20.8700008392334,20.8700008392334,500
2022-12-07,20.8700008392334,20.899999618530273,20.8700008392334,20.899999618530273,20.899999618530273,300
2022-12-08,20.899999618530273,20.920000076293945,20.899999618530273,20.920000076293945,20.920000076293945,1100
2022-12-09,20.93000030517578,21.040000915527344,20.93000030517578,21.040000915527344,21.040000915527344,600
2022-12-12,20.860000610351562,20.979999542236328,20.860000610351562,20.979999542236328,20.979999542236328,2400
2022-12-13,20.969999313354492,21.020000457763672,20.950000762939453,21.020000457763672,21.020000457763672,3100
2022-12-14,21.06999969482422,21.100000381469727,20.829999923706055,20.920000076293945,20.920000076293945,3300
2022-12-15,20.920000076293945,20.920000076293945,20.920000076293945,20.920000076293945,20.920000076293945,0
2022-12-16,20.920000076293945,20.920000076293945,20.920000076293945,20.920000076293945,20.920000076293945,0
2022-12-19,20.93000030517578,20.93000030517578,20.81999969482422,20.84000015258789,20.84000015258789,4400
2022-12-20,20.889999389648438,20.899999618530273,20.889999389648438,20.899999618530273,20.899999618530273,2000
2022-12-21,20.979999542236328,20.979999542236328,20.979999542236328,20.979999542236328,20.979999542236328,300
2022-12-22,20.8799991607666,20.979999542236328,20.8799991607666,20.979999542236328,20.979999542236328,500
2022-12-23,21.020000457763672,21.020000457763672,20.81999969482422,20.979999542236328,20.979999542236328,1800
2022-12-27,21.0,21.0,20.979999542236328,21.0,21.0,2900
2022-12-28,21.0,21.0,21.0,21.0,21.0,1200
2022-12-29,20.93000030517578,20.93000030517578,20.93000030517578,20.93000030517578,20.93000030517578,100
2022-12-30,20.90999984741211,20.90999984741211,20.899999618530273,20.899999618530273,20.899999618530273,200
2023-01-03,20.959999084472656,21.0,20.81999969482422,21.0,21.0,7800
2023-01-04,20.979999542236328,21.0,20.899999618530273,21.0,21.0,2200
2023-01-05,20.920000076293945,21.0,20.899999618530273,21.0,21.0,1300
2023-01-06,21.0,21.040000915527344,21.0,21.040000915527344,21.040000915527344,1300
2023-01-09,21.040000915527344,21.040000915527344,21.040000915527344,21.040000915527344,21.040000915527344,0
2023-01-10,21.040000915527344,21.040000915527344,21.040000915527344,21.040000915527344,21.040000915527344,0
2023-01-11,21.040000915527344,21.040000915527344,20.899999618530273,21.040000915527344,21.040000915527344,4000
2023-01-12,21.030000686645508,21.040000915527344,21.030000686645508,21.040000915527344,21.040000915527344,2000
2023-01-13,21.040000915527344,21.040000915527344,21.040000915527344,21.040000915527344,21.040000915527344,0
2023-01-17,21.020000457763672,21.239999771118164,21.020000457763672,21.239999771118164,21.239999771118164,6400
2023-01-18,21.170000076293945,21.25,21.170000076293945,21.25,21.25,800
2023-01-19,21.079999923706055,21.219999313354492,21.079999923706055,21.219999313354492,21.219999313354492,1500
2023-01-20,21.0,21.229999542236328,21.0,21.110000610351562,21.110000610351562,1500
2023-01-23,21.1299991607666,21.239999771118164,21.100000381469727,21.239999771118164,21.239999771118164,900
2023-01-24,21.25,21.440000534057617,21.149999618530273,21.280000686645508,21.280000686645508,13800
2023-01-25,21.260000228881836,21.34000015258789,21.25,21.34000015258789,21.34000015258789,800
2023-01-26,21.219999313354492,21.440000534057617,21.219999313354492,21.350000381469727,21.350000381469727,5300
2023-01-27,21.540000915527344,21.540000915527344,21.34000015258789,21.3799991607666,21.3799991607666,1700
2023-01-30,21.389999389648438,21.450000762939453,21.389999389648438,21.450000762939453,21.450000762939453,600
2023-01-31,21.489999771118164,21.5,21.270000457763672,21.270000457763672,21.270000457763672,2600
2023-02-01,21.479999542236328,21.479999542236328,21.479999542236328,21.479999542236328,21.479999542236328,100
2023-02-02,21.450000762939453,21.760000228881836,21.450000762939453,21.760000228881836,21.760000228881836,1000
2023-02-03,21.520000457763672,21.549999237060547,21.520000457763672,21.549999237060547,21.549999237060547,200
2023-02-06,21.510000228881836,21.549999237060547,21.5,21.5,21.5,500
2023-02-07,21.34000015258789,21.34000015258789,21.34000015258789,21.34000015258789,21.34000015258789,100
2023-02-08,21.34000015258789,21.34000015258789,21.34000015258789,21.34000015258789,21.34000015258789,0
2023-02-09,21.34000015258789,21.34000015258789,21.34000015258789,21.34000015258789,21.34000015258789,0
2023-02-10,21.530000686645508,21.530000686645508,21.399999618530273,21.399999618530273,21.399999618530273,1600
2023-02-13,21.399999618530273,21.399999618530273,21.399999618530273,21.399999618530273,21.399999618530273,0
2023-02-14,21.729999542236328,21.729999542236328,21.469999313354492,21.579999923706055,21.579999923706055,2500
2023-02-15,21.479999542236328,21.479999542236328,21.479999542236328,21.479999542236328,21.479999542236328,600
2023-02-16,21.489999771118164,21.579999923706055,21.489999771118164,21.579999923706055,21.579999923706055,700
2023-02-17,21.579999923706055,21.579999923706055,21.579999923706055,21.579999923706055,21.579999923706055,0
2023-02-21,21.469999313354492,21.56999969482422,21.469999313354492,21.56999969482422,21.56999969482422,1100
2023-02-22,21.3799991607666,21.479999542236328,21.3799991607666,21.43000030517578,21.43000030517578,1500
2023-02-23,21.450000762939453,21.739999771118164,21.450000762939453,21.739999771118164,21.739999771118164,2100
2023-02-24,21.739999771118164,22.34000015258789,21.709999084472656,22.34000015258789,22.34000015258789,3900
2023-02-27,22.06999969482422,22.06999969482422,22.06999969482422,22.06999969482422,22.06999969482422,400
2023-02-28,21.6299991607666,21.6299991607666,21.6299991607666,21.6299991607666,21.6299991607666,100
2023-03-01,21.770000457763672,21.93000030517578,21.610000610351562,21.649999618530273,21.649999618530273,5300
2023-03-02,21.600000381469727,21.940000534057617,21.600000381469727,21.6200008392334,21.6200008392334,6500
2023-03-03,21.600000381469727,21.81999969482422,21.600000381469727,21.639999389648438,21.639999389648438,1800
2023-03-06,21.639999389648438,21.639999389648438,21.639999389648438,21.639999389648438,21.639999389648438,0
2023-03-07,21.6200008392334,21.68000030517578,21.6200008392334,21.68000030517578,21.68000030517578,1400
2023-03-08,21.700000762939453,21.719999313354492,21.489999771118164,21.5,21.5,1300
2023-03-09,21.5,21.5,21.489999771118164,21.5,21.5,2300
2023-03-10,21.420000076293945,21.420000076293945,21.3700008392334,21.3700008392334,21.3700008392334,1300
2023-03-13,21.280000686645508,21.280000686645508,21.209999084472656,21.219999313354492,21.219999313354492,2200
2023-03-14,21.290000915527344,21.31999969482422,21.030000686645508,21.290000915527344,21.290000915527344,3300
2023-03-15,21.049999237060547,21.149999618530273,21.049999237060547,21.149999618530273,21.149999618530273,600
2023-03-16,21.049999237060547,21.420000076293945,19.149999618530273,21.420000076293945,21.420000076293945,24400
2023-03-17,21.40999984741211,21.40999984741211,21.200000762939453,21.25,21.25,2900
2023-03-20,21.1200008392334,21.299999237060547,21.100000381469727,21.280000686645508,21.280000686645508,1500
2023-03-21,21.25,21.399999618530273,21.149999618530273,21.399999618530273,21.399999618530273,900
2023-03-22,21.399999618530273,21.399999618530273,21.3799991607666,21.389999389648438,21.389999389648438,500
2023-03-23,21.389999389648438,21.399999618530273,21.360000610351562,21.399999618530273,21.399999618530273,1900
2023-03-24,21.399999618530273,21.399999618530273,21.399999618530273,21.399999618530273,21.399999618530273,400
2023-03-27,21.399999618530273,21.399999618530273,21.399999618530273,21.399999618530273,21.399999618530273,2300
2023-03-28,21.399999618530273,21.540000915527344,21.360000610351562,21.399999618530273,21.399999618530273,7000
2023-03-29,21.719999313354492,21.719999313354492,21.399999618530273,21.530000686645508,21.530000686645508,3500
2023-03-30,20.8700008392334,21.399999618530273,20.8700008392334,21.399999618530273,21.399999618530273,1200
2023-03-31,21.299999237060547,21.399999618530273,21.299999237060547,21.399999618530273,21.399999618530273,400
2023-04-03,21.020000457763672,21.399999618530273,21.020000457763672,21.399999618530273,21.399999618530273,3300
2023-04-04,21.059999465942383,21.549999237060547,21.059999465942383,21.549999237060547,21.549999237060547,900
2023-04-05,21.549999237060547,21.559999465942383,21.100000381469727,21.5,21.5,2100
2023-04-06,21.5,21.5,21.5,21.5,21.5,0
2023-04-10,21.489999771118164,21.5,21.440000534057617,21.5,21.5,900
2023-04-11,21.299999237060547,21.40999984741211,21.299999237060547,21.40999984741211,21.40999984741211,3500
2023-04-12,21.5,21.5,21.450000762939453,21.479999542236328,21.479999542236328,2400
2023-04-13,21.219999313354492,21.5,21.219999313354492,21.469999313354492,21.469999313354492,900
2023-04-14,21.469999313354492,21.479999542236328,21.299999237060547,21.3700008392334,21.3700008392334,3300
2023-04-17,21.399999618530273,21.440000534057617,21.399999618530273,21.440000534057617,21.440000534057617,1600
2023-04-18,21.450000762939453,21.450000762939453,21.3799991607666,21.3799991607666,21.3799991607666,300
2023-04-19,21.3799991607666,21.3799991607666,21.3799991607666,21.3799991607666,21.3799991607666,0
2023-04-20,21.3799991607666,21.399999618530273,21.3799991607666,21.399999618530273,21.399999618530273,700
2023-04-21,21.299999237060547,21.389999389648438,21.299999237060547,21.299999237060547,21.299999237060547,9600
2023-04-24,21.5,21.6200008392334,21.489999771118164,21.489999771118164,21.489999771118164,10200
2023-04-25,21.399999618530273,21.440000534057617,21.399999618530273,21.399999618530273,21.399999618530273,800
2023-04-26,21.399999618530273,21.399999618530273,21.299999237060547,21.399999618530273,21.399999618530273,4100
2023-04-27,21.399999618530273,21.399999618530273,21.399999618530273,21.399999618530273,21.399999618530273,0
2023-04-28,21.299999237060547,21.309999465942383,21.299999237060547,21.309999465942383,21.309999465942383,900
2023-05-01,21.399999618530273,21.43000030517578,21.3799991607666,21.43000030517578,21.43000030517578,1600
2023-05-02,21.43000030517578,21.43000030517578,21.43000030517578,21.43000030517578,21.43000030517578,0
2023-05-03,21.25,21.399999618530273,21.219999313354492,21.280000686645508,21.280000686645508,3500
2023-05-04,21.280000686645508,21.280000686645508,21.280000686645508,21.280000686645508,21.280000686645508,0
2023-05-05,21.280000686645508,21.280000686645508,21.280000686645508,21.280000686645508,21.280000686645508,0
2023-05-08,21.280000686645508,21.280000686645508,21.280000686645508,21.280000686645508,21.280000686645508,0
2023-05-09,21.299999237060547,21.329999923706055,21.229999542236328,21.329999923706055,21.329999923706055,3500
2023-05-10,21.299999237060547,21.420000076293945,21.270000457763672,21.420000076293945,21.420000076293945,3900
2023-05-11,21.65999984741211,21.670000076293945,21.399999618530273,21.59000015258789,21.59000015258789,6100
2023-05-12,21.59000015258789,21.739999771118164,21.549999237060547,21.729999542236328,21.729999542236328,1600
2023-05-15,21.700000762939453,21.709999084472656,21.670000076293945,21.670000076293945,21.670000076293945,800
2023-05-16,21.450000762939453,21.670000076293945,21.450000762939453,21.459999084472656,21.459999084472656,1500
2023-05-17,21.469999313354492,21.469999313354492,21.440000534057617,21.450000762939453,21.450000762939453,1200
2023-05-18,21.530000686645508,21.610000610351562,21.5,21.5,21.5,3400
2023-05-19,21.559999465942383,21.6200008392334,21.459999084472656,21.489999771118164,21.489999771118164,400
2023-05-22,21.549999237060547,21.649999618530273,21.549999237060547,21.649999618530273,21.649999618530273,300
2023-05-23,21.600000381469727,21.649999618530273,21.600000381469727,21.649999618530273,21.649999618530273,3600
2023-05-24,21.700000762939453,21.700000762939453,21.700000762939453,21.700000762939453,21.700000762939453,200
2023-05-25,21.700000762939453,21.700000762939453,21.700000762939453,21.700000762939453,21.700000762939453,0
2023-05-26,21.649999618530273,21.65999984741211,21.6299991607666,21.649999618530273,21.649999618530273,700
2023-05-30,21.68000030517578,21.68000030517578,21.6200008392334,21.6200008392334,21.6200008392334,1200
2023-05-31,21.969999313354492,21.969999313354492,21.540000915527344,21.559999465942383,21.559999465942383,1100
2023-06-01,21.6299991607666,21.75,21.549999237060547,21.549999237060547,21.549999237060547,1100
2023-06-02,21.600000381469727,21.610000610351562,21.5,21.579999923706055,21.579999923706055,1700
2023-06-05,21.579999923706055,21.579999923706055,21.579999923706055,21.579999923706055,21.579999923706055,0
2023-06-06,21.649999618530273,22.100000381469727,21.649999618530273,22.100000381469727,22.100000381469727,1200
2023-06-07,22.079999923706055,22.079999923706055,21.989999771118164,21.989999771118164,21.989999771118164,700
2023-06-08,21.989999771118164,21.989999771118164,21.989999771118164,21.989999771118164,21.989999771118164,0
2023-06-09,21.989999771118164,21.989999771118164,21.989999771118164,21.989999771118164,21.989999771118164,0
2023-06-12,21.989999771118164,21.989999771118164,21.989999771118164,21.989999771118164,21.989999771118164,0
2023-06-13,21.969999313354492,21.969999313354492,21.6200008392334,21.6200008392334,21.6200008392334,900
2023-06-14,22.06999969482422,22.079999923706055,21.969999313354492,21.969999313354492,21.969999313354492,1600
2023-06-15,21.93000030517578,21.940000534057617,21.93000030517578,21.93000030517578,21.93000030517578,300
2023-06-16,21.93000030517578,21.93000030517578,21.93000030517578,21.93000030517578,21.93000030517578,500
2023-06-20,21.75,21.799999237060547,21.75,21.799999237060547,21.799999237060547,600
2023-06-21,21.8799991607666,21.93000030517578,21.8799991607666,21.93000030517578,21.93000030517578,700
2023-06-22,21.93000030517578,21.93000030517578,21.93000030517578,21.93000030517578,21.93000030517578,0
2023-06-23,21.93000030517578,21.93000030517578,21.93000030517578,21.93000030517578,21.93000030517578,0
2023-06-26,21.93000030517578,21.93000030517578,21.899999618530273,21.899999618530273,21.899999618530273,1500
2023-06-27,21.899999618530273,21.899999618530273,21.899999618530273,21.899999618530273,21.899999618530273,0
2023-06-28,21.899999618530273,21.899999618530273,21.899999618530273,21.899999618530273,21.899999618530273,0
2023-06-29,21.84000015258789,21.8799991607666,21.75,21.75,21.75,2000
2023-06-30,21.75,21.760000228881836,21.75,21.760000228881836,21.760000228881836,1100
2023-07-03,22.06999969482422,22.06999969482422,22.06999969482422,22.06999969482422,22.06999969482422,100
2023-07-05,21.829999923706055,21.829999923706055,21.809999465942383,21.809999465942383,21.809999465942383,600
2023-07-06,21.75,21.75,21.75,21.75,21.75,400
2023-07-07,21.75,21.760000228881836,21.75,21.760000228881836,21.760000228881836,1000
2023-07-10,21.809999465942383,21.809999465942383,21.809999465942383,21.809999465942383,21.809999465942383,500
2023-07-11,22.1299991607666,22.1299991607666,21.989999771118164,22.0,22.0,1800
2023-07-12,21.959999084472656,21.979999542236328,21.959999084472656,21.979999542236328,21.979999542236328,600
2023-07-13,21.899999618530273,21.899999618530273,21.899999618530273,21.899999618530273,21.899999618530273,800
2023-07-14,21.979999542236328,21.979999542236328,21.979999542236328,21.979999542236328,21.979999542236328,900
2023-07-17,21.799999237060547,21.799999237060547,21.799999237060547,21.799999237060547,21.799999237060547,300
2023-07-18,21.81999969482422,22.0,21.81999969482422,22.0,22.0,1700
2023-07-19,21.899999618530273,21.920000076293945,21.850000381469727,21.920000076293945,21.920000076293945,900
2023-07-20,21.920000076293945,21.920000076293945,21.920000076293945,21.920000076293945,21.920000076293945,0
2023-07-21,22.059999465942383,22.079999923706055,22.059999465942383,22.079999923706055,22.079999923706055,400
2023-07-24,22.0,22.0,22.0,22.0,22.0,800
2023-07-25,21.899999618530273,21.920000076293945,21.899999618530273,21.899999618530273,21.899999618530273,900
2023-07-26,21.850000381469727,21.850000381469727,21.799999237060547,21.799999237060547,21.799999237060547,1500
2023-07-27,21.93000030517578,21.93000030517578,21.799999237060547,21.850000381469727,21.850000381469727,2800
2023-07-28,21.850000381469727,21.850000381469727,21.850000381469727,21.850000381469727,21.850000381469727,0
2023-07-31,21.959999084472656,21.959999084472656,21.68000030517578,21.739999771118164,21.739999771118164,2700
2023-08-01,21.739999771118164,21.739999771118164,21.739999771118164,21.739999771118164,21.739999771118164,0
2023-08-02,22.190000534057617,22.309999465942383,21.989999771118164,22.309999465942383,22.309999465942383,2600
2023-08-03,22.350000381469727,22.350000381469727,22.31999969482422,22.329999923706055,22.329999923706055,1100
2023-08-04,22.350000381469727,22.350000381469727,22.139999389648438,22.149999618530273,22.149999618530273,900
2023-08-07,22.149999618530273,22.149999618530273,22.149999618530273,22.149999618530273,22.149999618530273,0
2023-08-08,22.149999618530273,22.149999618530273,21.959999084472656,21.989999771118164,21.989999771118164,1500
2023-08-09,21.989999771118164,21.989999771118164,21.989999771118164,21.989999771118164,21.989999771118164,0
2023-08-10,21.989999771118164,21.989999771118164,21.989999771118164,21.989999771118164,21.989999771118164,0
2023-08-11,21.989999771118164,21.989999771118164,21.989999771118164,21.989999771118164,21.989999771118164,0
2023-08-14,22.100000381469727,22.100000381469727,22.100000381469727,22.100000381469727,22.100000381469727,400
2023-08-15,22.110000610351562,22.329999923706055,22.110000610351562,22.299999237060547,22.299999237060547,1100
2023-08-16,22.25,22.25,22.25,22.25,22.25,600
2023-08-17,22.020000457763672,22.030000686645508,22.0,22.0,22.0,1400
2023-08-18,21.950000762939453,21.950000762939453,21.93000030517578,21.93000030517578,21.93000030517578,400
2023-08-21,21.860000610351562,21.860000610351562,21.860000610351562,21.860000610351562,21.860000610351562,200
2023-08-22,21.860000610351562,21.860000610351562,21.860000610351562,21.860000610351562,21.860000610351562,0
2023-08-23,22.139999389648438,22.309999465942383,22.0,22.309999465942383,22.309999465942383,500
2023-08-24,22.020000457763672,22.020000457763672,22.0,22.0,22.0,300
2023-08-25,22.020000457763672,22.020000457763672,22.0,22.0,22.0,400
2023-08-28,22.0,22.0,22.0,22.0,22.0,0
2023-08-29,22.0,22.0,22.0,22.0,22.0,1000
2023-08-30,21.950000762939453,21.950000762939453,21.760000228881836,21.760000228881836,21.760000228881836,500
2023-08-31,21.760000228881836,21.760000228881836,21.760000228881836,21.760000228881836,21.760000228881836,0
2023-09-01,22.389999389648438,22.389999389648438,22.389999389648438,22.389999389648438,22.389999389648438,100
2023-09-05,22.389999389648438,22.389999389648438,22.389999389648438,22.389999389648438,22.389999389648438,0
2023-09-06,22.389999389648438,22.389999389648438,22.389999389648438,22.389999389648438,22.389999389648438,0
2023-09-07,22.389999389648438,22.389999389648438,22.389999389648438,22.389999389648438,22.389999389648438,0
2023-09-08,22.350000381469727,22.350000381469727,22.350000381469727,22.350000381469727,22.350000381469727,100
2023-09-11,22.350000381469727,22.350000381469727,22.350000381469727,22.350000381469727,22.350000381469727,0
2023-09-12,22.350000381469727,22.350000381469727,22.350000381469727,22.350000381469727,22.350000381469727,0
2023-09-13,21.899999618530273,21.950000762939453,21.75,21.950000762939453,21.950000762939453,900
2023-09-14,21.950000762939453,21.950000762939453,21.950000762939453,21.950000762939453,21.950000762939453,0
2023-09-15,21.950000762939453,21.950000762939453,21.950000762939453,21.950000762939453,21.950000762939453,0
2023-09-18,21.899999618530273,21.90999984741211,21.899999618530273,21.90999984741211,21.90999984741211,300
2023-09-19,21.90999984741211,21.90999984741211,21.90999984741211,21.90999984741211,21.90999984741211,0
2023-09-20,21.90999984741211,21.90999984741211,21.90999984741211,21.90999984741211,21.90999984741211,0
2023-09-21,22.100000381469727,22.100000381469727,22.100000381469727,22.100000381469727,22.100000381469727,200
2023-09-22,22.100000381469727,22.100000381469727,22.100000381469727,22.100000381469727,22.100000381469727,0
2023-09-25,21.860000610351562,21.8700008392334,21.850000381469727,21.850000381469727,21.850000381469727,700
2023-09-26,21.850000381469727,21.850000381469727,21.850000381469727,21.850000381469727,21.850000381469727,400
2023-09-27,21.959999084472656,22.0,21.889999389648438,22.0,22.0,400
2023-09-28,22.0,22.0,22.0,22.0,22.0,0
2023-09-29,21.700000762939453,21.700000762939453,21.6200008392334,21.6200008392334,21.6200008392334,700
2023-10-02,21.6200008392334,21.6200008392334,21.6200008392334,21.6200008392334,21.6200008392334,0
2023-10-03,22.010000228881836,22.010000228881836,22.010000228881836,22.010000228881836,22.010000228881836,400
2023-10-04,22.010000228881836,22.010000228881836,22.010000228881836,22.010000228881836,22.010000228881836,0
2023-10-05,21.540000915527344,21.540000915527344,21.510000228881836,21.510000228881836,21.510000228881836,700
2023-10-06,21.510000228881836,21.510000228881836,21.510000228881836,21.510000228881836,21.510000228881836,0
2023-10-09,21.639999389648438,21.770000457763672,21.639999389648438,21.770000457763672,21.770000457763672,700
2023-10-10,21.770000457763672,21.770000457763672,21.770000457763672,21.770000457763672,21.770000457763672,1300
2023-10-11,21.959999084472656,21.959999084472656,21.5,21.639999389648438,21.639999389648438,3000
2023-10-12,21.75,21.75,21.75,21.75,21.75,300
2023-10-13,21.75,21.75,21.75,21.75,21.75,0
2023-10-16,21.75,21.75,21.75,21.75,21.75,0
2023-10-17,21.700000762939453,21.75,21.5,21.5,21.5,1400
2023-10-18,21.700000762939453,21.700000762939453,21.549999237060547,21.690000534057617,21.690000534057617,1600
2023-10-19,21.56999969482422,21.56999969482422,21.56999969482422,21.56999969482422,21.56999969482422,200
2023-10-20,21.530000686645508,21.530000686645508,21.530000686645508,21.530000686645508,21.530000686645508,300
2023-10-23,21.5,21.510000228881836,21.5,21.510000228881836,21.510000228881836,400
2023-10-24,21.510000228881836,21.510000228881836,21.510000228881836,21.510000228881836,21.510000228881836,0
2023-10-25,21.600000381469727,22.040000915527344,21.600000381469727,21.75,21.75,2200
2023-10-26,21.75,21.75,21.75,21.75,21.75,0
2023-10-27,21.700000762939453,21.829999923706055,21.670000076293945,21.670000076293945,21.670000076293945,1100
2023-10-30,21.649999618530273,21.649999618530273,21.649999618530273,21.649999618530273,21.649999618530273,400
2023-10-31,21.489999771118164,22.299999237060547,21.329999923706055,21.700000762939453,21.700000762939453,4700
2023-11-01,21.5,21.600000381469727,21.469999313354492,21.56999969482422,21.56999969482422,2300
2023-11-02,21.360000610351562,21.510000228881836,21.350000381469727,21.5,21.5,2700
2023-11-03,21.59000015258789,21.6299991607666,21.559999465942383,21.559999465942383,21.559999465942383,2000
2023-11-06,21.559999465942383,21.559999465942383,21.559999465942383,21.559999465942383,21.559999465942383,0
2023-11-07,21.559999465942383,21.559999465942383,21.559999465942383,21.559999465942383,21.559999465942383,0
2023-11-08,21.489999771118164,21.489999771118164,21.489999771118164,21.489999771118164,21.489999771118164,100
2023-11-09,21.459999084472656,21.719999313354492,21.459999084472656,21.700000762939453,21.700000762939453,2800
2023-11-10,22.5,22.5,22.5,22.5,22.5,100
2023-11-13,22.09000015258789,22.09000015258789,22.09000015258789,22.09000015258789,22.09000015258789,200
2023-11-14,22.09000015258789,22.09000015258789,22.09000015258789,22.09000015258789,22.09000015258789,0
2023-11-15,21.809999465942383,21.809999465942383,21.25,21.299999237060547,21.299999237060547,8700
2023-11-16,21.420000076293945,21.5,21.239999771118164,21.5,21.5,6700
2023-11-17,21.56999969482422,21.56999969482422,21.329999923706055,21.549999237060547,21.549999237060547,4900
2023-11-20,21.440000534057617,21.979999542236328,21.43000030517578,21.979999542236328,21.979999542236328,1600
2023-11-21,21.75,21.760000228881836,21.75,21.760000228881836,21.760000228881836,1000
2023-11-22,21.760000228881836,21.760000228881836,21.760000228881836,21.760000228881836,21.760000228881836,0
2023-11-24,21.760000228881836,21.760000228881836,21.760000228881836,21.760000228881836,21.760000228881836,0
2023-11-27,21.760000228881836,21.760000228881836,21.760000228881836,21.760000228881836,21.760000228881836,0
2023-11-28,22.049999237060547,22.049999237060547,21.90999984741211,21.989999771118164,21.989999771118164,9400
2023-11-29,21.549999237060547,21.770000457763672,21.530000686645508,21.56999969482422,21.56999969482422,1300
2023-11-30,21.579999923706055,21.579999923706055,21.559999465942383,21.559999465942383,21.559999465942383,300
2023-12-01,21.899999618530273,22.139999389648438,21.899999618530273,21.989999771118164,21.989999771118164,5300
2023-12-04,21.989999771118164,21.989999771118164,21.989999771118164,21.989999771118164,21.989999771118164,0
2023-12-05,21.989999771118164,21.989999771118164,21.989999771118164,21.989999771118164,21.989999771118164,100
2023-12-06,22.010000228881836,22.010000228881836,21.940000534057617,21.989999771118164,21.989999771118164,9200
2023-12-07,22.020000457763672,22.020000457763672,21.799999237060547,21.799999237060547,21.799999237060547,5300
2023-12-08,21.950000762939453,22.1299991607666,21.950000762939453,22.100000381469727,22.100000381469727,7800
2023-12-11,22.100000381469727,22.100000381469727,22.0,22.0,22.0,1900
2023-12-12,22.200000762939453,22.200000762939453,22.0,22.149999618530273,22.149999618530273,1500
2023-12-13,22.100000381469727,22.200000762939453,22.0,22.0,22.0,4800
2023-12-14,22.079999923706055,22.079999923706055,21.899999618530273,21.899999618530273,21.899999618530273,3200
2023-12-15,21.920000076293945,21.920000076293945,21.920000076293945,21.920000076293945,21.920000076293945,100
2023-12-18,22.0,22.170000076293945,21.920000076293945,21.920000076293945,21.920000076293945,8600
2023-12-19,21.920000076293945,21.950000762939453,21.920000076293945,21.920000076293945,21.920000076293945,1800
2023-12-20,21.920000076293945,22.15999984741211,21.920000076293945,22.15999984741211,22.15999984741211,2800
2023-12-21,22.15999984741211,22.309999465942383,22.149999618530273,22.149999618530273,22.149999618530273,5100
2023-12-22,22.450000762939453,22.600000381469727,22.149999618530273,22.149999618530273,22.149999618530273,6800
2023-12-26,22.149999618530273,22.200000762939453,22.06999969482422,22.06999969482422,22.06999969482422,5700
2023-12-27,21.979999542236328,22.0,21.950000762939453,21.950000762939453,21.950000762939453,1100
2023-12-28,22.200000762939453,22.200000762939453,21.979999542236328,22.139999389648438,22.139999389648438,1600
2023-12-29,22.260000228881836,22.280000686645508,22.110000610351562,22.15999984741211,22.15999984741211,900
2024-01-02,22.209999084472656,22.209999084472656,22.209999084472656,22.209999084472656,22.209999084472656,200
2024-01-03,22.209999084472656,22.209999084472656,22.209999084472656,22.209999084472656,22.209999084472656,100
2024-01-04,21.969999313354492,22.0,21.969999313354492,21.989999771118164,21.989999771118164,1500
2024-01-05,22.190000534057617,22.190000534057617,22.040000915527344,22.040000915527344,22.040000915527344,400
2024-01-08,22.040000915527344,22.040000915527344,22.040000915527344,22.040000915527344,22.040000915527344,0
2024-01-09,22.040000915527344,22.040000915527344,22.040000915527344,22.040000915527344,22.040000915527344,0
2024-01-10,22.040000915527344,22.040000915527344,22.040000915527344,22.040000915527344,22.040000915527344,0
2024-01-11,22.030000686645508,22.1299991607666,22.030000686645508,22.06999969482422,22.06999969482422,700
2024-01-12,22.200000762939453,22.200000762939453,21.969999313354492,21.989999771118164,21.989999771118164,1800
2024-01-16,22.020000457763672,22.020000457763672,22.020000457763672,22.020000457763672,22.020000457763672,1500
2024-01-17,22.020000457763672,22.020000457763672,22.020000457763672,22.020000457763672,22.020000457763672,0
2024-01-18,22.079999923706055,22.079999923706055,22.079999923706055,22.079999923706055,22.079999923706055,400
2024-01-19,22.040000915527344,22.100000381469727,21.899999618530273,22.0,22.0,3400
2024-01-22,22.010000228881836,22.030000686645508,21.989999771118164,22.0,22.0,5000
2024-01-23,21.989999771118164,22.170000076293945,21.850000381469727,21.850000381469727,21.850000381469727,6500
2024-01-24,22.149999618530273,22.309999465942383,22.1299991607666,22.149999618530273,22.149999618530273,5900
2024-01-25,22.149999618530273,22.149999618530273,22.149999618530273,22.149999618530273,22.149999618530273,0
2024-01-26,22.229999542236328,22.229999542236328,22.209999084472656,22.229999542236328,22.229999542236328,1000
2024-01-29,22.0,22.3700008392334,22.0,22.149999618530273,22.149999618530273,4500
2024-01-30,22.149999618530273,22.149999618530273,22.149999618530273,22.149999618530273,22.149999618530273,0
2024-01-31,22.149999618530273,22.149999618530273,22.149999618530273,22.149999618530273,22.149999618530273,0
2024-02-01,22.139999389648438,22.139999389648438,22.139999389648438,22.139999389648438,22.139999389648438,100
2024-02-02,22.139999389648438,22.139999389648438,22.139999389648438,22.139999389648438,22.139999389648438,0
2024-02-05,22.149999618530273,22.510000228881836,22.149999618530273,22.299999237060547,22.299999237060547,3600
2024-02-06,22.489999771118164,22.489999771118164,22.149999618530273,22.149999618530273,22.149999618530273,800
2024-02-07,22.149999618530273,22.149999618530273,22.149999618530273,22.149999618530273,22.149999618530273,0
2024-02-08,22.149999618530273,22.149999618530273,22.149999618530273,22.149999618530273,22.149999618530273,0
2024-02-09,22.389999389648438,22.399999618530273,22.3700008392334,22.399999618530273,22.399999618530273,2700
2024-02-12,22.399999618530273,22.399999618530273,22.399999618530273,22.399999618530273,22.399999618530273,0
2024-02-13,22.399999618530273,22.399999618530273,22.399999618530273,22.399999618530273,22.399999618530273,0
2024-02-14,22.030000686645508,22.030000686645508,22.030000686645508,22.030000686645508,22.030000686645508,200
2024-02-15,22.030000686645508,22.030000686645508,22.030000686645508,22.030000686645508,22.030000686645508,0
2024-02-16,22.18000030517578,22.18000030517578,22.18000030517578,22.18000030517578,22.18000030517578,1300
2024-02-20,22.18000030517578,22.18000030517578,22.18000030517578,22.18000030517578,22.18000030517578,0
2024-02-21,22.450000762939453,22.450000762939453,22.450000762939453,22.450000762939453,22.450000762939453,1000
2024-02-22,22.450000762939453,22.450000762939453,22.450000762939453,22.450000762939453,22.450000762939453,0
2024-02-23,22.450000762939453,22.450000762939453,22.450000762939453,22.450000762939453,22.450000762939453,0
2024-02-26,22.450000762939453,22.450000762939453,22.450000762939453,22.450000762939453,22.450000762939453,100
2024-02-27,22.450000762939453,22.450000762939453,22.450000762939453,22.450000762939453,22.450000762939453,0
2024-02-28,22.299999237060547,22.299999237060547,22.030000686645508,22.030000686645508,22.030000686645508,700
2024-02-29,22.030000686645508,22.030000686645508,22.030000686645508,22.030000686645508,22.030000686645508,0
2024-03-01,22.520000457763672,22.530000686645508,22.350000381469727,22.350000381469727,22.350000381469727,1100
2024-03-04,22.350000381469727,22.350000381469727,22.350000381469727,22.350000381469727,22.350000381469727,100
2024-03-05,22.489999771118164,22.489999771118164,22.43000030517578,22.43000030517578,22.43000030517578,300
2024-03-06,22.43000030517578,22.43000030517578,22.43000030517578,22.43000030517578,22.43000030517578,0
2024-03-07,22.43000030517578,22.43000030517578,22.43000030517578,22.43000030517578,22.43000030517578,0
2024-03-08,22.6299991607666,22.75,22.6299991607666,22.75,22.75,400
2024-03-11,22.75,22.75,22.75,22.75,22.75,0
2024-03-12,22.75,22.75,22.75,22.75,22.75,0
2024-03-13,22.049999237060547,22.049999237060547,22.049999237060547,22.049999237060547,22.049999237060547,200
2024-03-14,22.43000030517578,22.43000030517578,22.43000030517578,22.43000030517578,22.43000030517578,200
2024-03-15,22.43000030517578,22.43000030517578,22.43000030517578,22.43000030517578,22.43000030517578,0
2024-03-18,22.200000762939453,22.200000762939453,22.200000762939453,22.200000762939453,22.200000762939453,300
2024-03-19,22.299999237060547,22.299999237060547,22.18000030517578,22.18000030517578,22.18000030517578,1200
2024-03-20,22.170000076293945,22.200000762939453,22.110000610351562,22.200000762939453,22.200000762939453,3100
2024-03-21,22.059999465942383,22.149999618530273,22.010000228881836,22.100000381469727,22.100000381469727,5600
2024-03-22,22.200000762939453,22.25,22.200000762939453,22.200000762939453,22.200000762939453,3900
2024-03-25,22.139999389648438,22.149999618530273,22.139999389648438,22.149999618530273,22.149999618530273,2700
2024-03-26,22.030000686645508,22.309999465942383,22.030000686645508,22.200000762939453,22.200000762939453,9000
2024-03-27,22.889999389648438,22.889999389648438,22.889999389648438,22.889999389648438,22.889999389648438,300
2024-03-28,22.829999923706055,22.829999923706055,22.299999237060547,22.299999237060547,22.299999237060547,2000
2024-04-01,22.510000228881836,22.510000228881836,22.510000228881836,22.510000228881836,22.510000228881836,100
2024-04-02,22.309999465942383,22.309999465942383,22.309999465942383,22.309999465942383,22.309999465942383,500
2024-04-03,22.309999465942383,22.309999465942383,22.309999465942383,22.309999465942383,22.309999465942383,0
2024-04-04,22.309999465942383,22.309999465942383,22.309999465942383,22.309999465942383,22.309999465942383,0
2024-04-05,22.709999084472656,22.709999084472656,22.31999969482422,22.350000381469727,22.350000381469727,400
2024-04-08,22.3700008392334,22.3700008392334,22.309999465942383,22.309999465942383,22.309999465942383,1400
2024-04-09,22.3700008392334,22.3700008392334,22.149999618530273,22.299999237060547,22.299999237060547,2200
2024-04-10,22.34000015258789,22.34000015258789,22.299999237060547,22.299999237060547,22.299999237060547,500
2024-04-11,22.299999237060547,22.299999237060547,22.299999237060547,22.299999237060547,22.299999237060547,1000
2024-04-12,22.25,22.25,22.25,22.25,22.25,100
2024-04-15,22.25,22.25,22.25,22.25,22.25,100
2024-04-16,22.299999237060547,22.299999237060547,22.299999237060547,22.299999237060547,22.299999237060547,2200
2024-04-17,22.299999237060547,22.350000381469727,22.299999237060547,22.299999237060547,22.299999237060547,1900
2024-04-18,22.299999237060547,22.299999237060547,22.299999237060547,22.299999237060547,22.299999237060547,1500
2024-04-19,22.299999237060547,22.5,22.299999237060547,22.5,22.5,1500
2024-04-22,22.5,22.5,22.5,22.5,22.5,0
2024-04-23,22.790000915527344,22.790000915527344,22.3799991607666,22.3799991607666,22.3799991607666,600
2024-04-24,22.3799991607666,22.3799991607666,22.3799991607666,22.3799991607666,22.3799991607666,0
2024-04-25,22.3799991607666,22.3799991607666,22.3799991607666,22.3799991607666,22.3799991607666,0
2024-04-26,22.950000762939453,22.950000762939453,22.450000762939453,22.450000762939453,22.450000762939453,600
2024-04-29,22.450000762939453,22.450000762939453,22.450000762939453,22.450000762939453,22.450000762939453,0
2024-04-30,22.420000076293945,22.760000228881836,22.420000076293945,22.760000228881836,22.760000228881836,800
2024-05-01,22.780000686645508,22.780000686645508,22.780000686645508,22.780000686645508,22.780000686645508,100
2024-05-02,22.780000686645508,22.780000686645508,22.780000686645508,22.780000686645508,22.780000686645508,0
2024-05-03,22.780000686645508,22.780000686645508,22.780000686645508,22.780000686645508,22.780000686645508,0
2024-05-06,22.770000457763672,22.950000762939453,22.770000457763672,22.950000762939453,22.950000762939453,1000
2024-05-07,22.950000762939453,22.950000762939453,22.950000762939453,22.950000762939453,22.950000762939453,0
2024-05-08,22.899999618530273,22.899999618530273,22.899999618530273,22.899999618530273,22.899999618530273,300
2024-05-09,22.450000762939453,22.450000762939453,22.399999618530273,22.43000030517578,22.43000030517578,1000
2024-05-10,22.770000457763672,22.899999618530273,22.770000457763672,22.899999618530273,22.899999618530273,400
2024-05-13,22.899999618530273,22.899999618530273,22.899999618530273,22.899999618530273,22.899999618530273,300
2024-05-14,22.739999771118164,22.739999771118164,22.739999771118164,22.739999771118164,22.739999771118164,100
2024-05-15,22.510000228881836,22.510000228881836,22.260000228881836,22.280000686645508,22.280000686645508,1100
2024-05-16,22.280000686645508,22.280000686645508,22.280000686645508,22.280000686645508,22.280000686645508,0
2024-05-17,22.350000381469727,22.5,22.350000381469727,22.5,22.5,1200
2024-05-20,22.5,22.5,22.5,22.5,22.5,0
2024-05-21,22.5,22.5,22.5,22.5,22.5,0
2024-05-22,22.5,22.5,22.5,22.5,22.5,0
2024-05-23,22.5,22.5,22.5,22.5,22.5,0
2024-05-24,22.5,22.5,22.5,22.5,22.5,0
2024-05-28,22.440000534057617,22.440000534057617,22.440000534057617,22.440000534057617,22.440000534057617,600
2024-05-29,22.440000534057617,22.440000534057617,22.440000534057617,22.440000534057617,22.440000534057617,0
2024-05-30,22.93000030517578,22.93000030517578,22.93000030517578,22.93000030517578,22.93000030517578,200
2024-05-31,22.93000030517578,22.93000030517578,22.93000030517578,22.93000030517578,22.93000030517578,0
2024-06-03,22.93000030517578,22.93000030517578,22.93000030517578,22.93000030517578,22.93000030517578,100
2024-06-04,22.93000030517578,22.93000030517578,22.93000030517578,22.93000030517578,22.93000030517578,0
2024-06-05,22.610000610351562,22.610000610351562,22.610000610351562,22.610000610351562,22.610000610351562,200
2024-06-06,22.610000610351562,22.610000610351562,22.610000610351562,22.610000610351562,22.610000610351562,0
2024-06-07,22.610000610351562,22.610000610351562,22.610000610351562,22.610000610351562,22.610000610351562,0
2024-06-10,22.56999969482422,22.56999969482422,22.209999084472656,22.530000686645508,22.530000686645508,1400
2024-06-11,22.270000457763672,22.479999542236328,22.270000457763672,22.440000534057617,22.440000534057617,700
2024-06-12,22.440000534057617,22.440000534057617,22.440000534057617,22.440000534057617,22.440000534057617,0
2024-06-13,22.440000534057617,22.440000534057617,22.440000534057617,22.440000534057617,22.440000534057617,0
2024-06-14,22.440000534057617,22.440000534057617,22.440000534057617,22.440000534057617,22.440000534057617,0
2024-06-17,22.440000534057617,22.440000534057617,22.440000534057617,22.440000534057617,22.440000534057617,0
2024-06-18,22.440000534057617,22.440000534057617,22.440000534057617,22.440000534057617,22.440000534057617,0
2024-06-20,22.440000534057617,22.440000534057617,22.440000534057617,22.440000534057617,22.440000534057617,0
2024-06-21,22.6200008392334,22.6200008392334,22.600000381469727,22.600000381469727,22.600000381469727,200
2024-06-24,22.6200008392334,22.6200008392334,22.6200008392334,22.6200008392334,22.6200008392334,200
2024-06-25,22.6200008392334,22.6200008392334,22.6200008392334,22.6200008392334,22.6200008392334,0
2024-06-26,22.530000686645508,22.530000686645508,22.5,22.5,22.5,400
2024-06-27,22.639999389648438,22.670000076293945,22.209999084472656,22.670000076293945,22.670000076293945,1600
2024-06-28,22.530000686645508,22.530000686645508,22.1299991607666,22.360000610351562,22.360000610351562,1000
2024-07-01,22.479999542236328,22.479999542236328,22.450000762939453,22.450000762939453,22.450000762939453,200
2024-07-02,22.459999084472656,22.459999084472656,22.459999084472656,22.459999084472656,22.459999084472656,100
2024-07-03,22.65999984741211,22.65999984741211,22.389999389648438,22.389999389648438,22.389999389648438,400
2024-07-05,22.389999389648438,22.399999618530273,22.389999389648438,22.399999618530273,22.399999618530273,400
2024-07-08,22.59000015258789,22.59000015258789,22.59000015258789,22.59000015258789,22.59000015258789,200
2024-07-09,22.59000015258789,22.59000015258789,22.59000015258789,22.59000015258789,22.59000015258789,0
2024-07-10,22.559999465942383,22.559999465942383,22.389999389648438,22.389999389648438,22.389999389648438,3200
2024-07-11,22.389999389648438,22.389999389648438,22.389999389648438,22.389999389648438,22.389999389648438,100
2024-07-12,22.40999984741211,22.40999984741211,22.399999618530273,22.399999618530273,22.399999618530273,600
2024-07-15,22.399999618530273,22.399999618530273,22.399999618530273,22.399999618530273,22.399999618530273,0
2024-07-16,22.700000762939453,22.700000762939453,22.700000762939453,22.700000762939453,22.700000762939453,300
