Date,Open,High,Low,Close,Adj Close,Volume
2005-11-23,20.0,20.0,20.0,20.0,5.6318769454956055,0
2005-11-25,20.0,20.0,20.0,20.0,5.6318769454956055,0
2005-11-28,20.0,20.0,20.0,20.0,5.6318769454956055,0
2005-11-29,20.0,20.0,20.0,20.0,5.6318769454956055,0
2005-11-30,20.010000228881836,20.010000228881836,20.010000228881836,20.010000228881836,5.634692668914795,0
2005-12-01,20.0,20.0,20.0,20.0,5.6318769454956055,0
2005-12-02,20.0,20.0,20.0,20.0,5.6318769454956055,0
2005-12-05,20.0,20.0,20.0,20.0,5.6318769454956055,0
2005-12-06,20.0,20.0,20.0,20.0,5.6318769454956055,0
2005-12-07,20.0,20.0,20.0,20.0,5.6318769454956055,0
2005-12-08,20.0,20.0,20.0,20.0,5.6318769454956055,0
2005-12-09,0.0,20.010000228881836,20.0,20.0,5.6318769454956055,115700
2005-12-12,0.0,20.010000228881836,20.0,20.0,5.6318769454956055,90400
2005-12-13,0.0,20.010000228881836,20.0,20.0,5.6318769454956055,92300
2005-12-14,0.0,20.010000228881836,20.0,20.0,5.6318769454956055,83100
2005-12-15,0.0,20.010000228881836,20.0,20.0,5.6318769454956055,62700
2005-12-16,0.0,20.010000228881836,20.0,20.0,5.6318769454956055,76100
2005-12-19,0.0,20.0,20.0,20.0,5.6318769454956055,55200
2005-12-20,0.0,20.010000228881836,19.600000381469727,19.600000381469727,5.5192413330078125,430100
2005-12-21,0.0,19.600000381469727,17.809999465942383,18.0,5.068691253662109,432300
2005-12-22,0.0,17.59000015258789,17.219999313354492,17.309999465942383,4.8743896484375,188400
2005-12-23,0.0,17.510000228881836,17.219999313354492,17.450000762939453,4.913814067840576,85900
2005-12-27,0.0,17.450000762939453,17.059999465942383,17.270000457763672,4.863129138946533,199600
2005-12-28,0.0,17.299999237060547,17.020000457763672,17.06999969482422,4.8068084716796875,64800
2005-12-29,0.0,17.149999618530273,16.899999618530273,17.100000381469727,4.815254211425781,94700
2005-12-30,0.0,17.299999237060547,16.959999084472656,17.25,4.8574957847595215,299000
2006-01-03,0.0,17.399999618530273,17.110000610351562,17.350000381469727,4.885654926300049,67600
2006-01-04,0.0,17.68000030517578,17.3799991607666,17.649999618530273,4.970134258270264,53600
2006-01-05,0.0,17.649999618530273,17.450000762939453,17.56999969482422,4.947605133056641,67200
2006-01-06,0.0,17.889999389648438,17.6299991607666,17.739999771118164,4.995475769042969,58100
2006-01-09,0.0,17.940000534057617,17.739999771118164,17.81999969482422,5.018003940582275,53200
2006-01-10,0.0,17.989999771118164,17.800800323486328,17.854999542236328,5.027860641479492,39300
2006-01-11,0.0,18.030000686645508,17.690000534057617,18.0,5.107306957244873,59400
2006-01-12,0.0,18.0,17.719999313354492,17.799999237060547,5.050557613372803,37900
2006-01-13,0.0,17.8799991607666,17.6299991607666,17.700000762939453,5.02218770980835,36700
2006-01-17,0.0,17.649999618530273,17.299999237060547,17.489999771118164,4.96259880065918,82600
2006-01-18,0.0,17.530000686645508,17.3700008392334,17.510000228881836,4.968273639678955,39300
2006-01-19,0.0,17.6299991607666,17.479999542236328,17.530000686645508,4.973949909210205,49000
2006-01-20,0.0,17.559999465942383,17.299999237060547,17.399999618530273,4.937065124511719,59500
2006-01-23,0.0,17.540000915527344,17.399999618530273,17.510000228881836,4.968273639678955,45900
2006-01-24,0.0,17.6200008392334,17.450000762939453,17.600000381469727,4.993808746337891,42700
2006-01-25,0.0,17.739999771118164,17.600000381469727,17.6200008392334,4.999487400054932,48100
2006-01-26,0.0,17.739999771118164,17.540000915527344,17.549999237060547,4.979622840881348,49900
2006-01-27,0.0,17.709999084472656,17.469999313354492,17.709999084472656,5.025020122528076,44600
2006-01-30,0.0,17.90999984741211,17.56999969482422,17.84000015258789,5.061907768249512,106000
2006-01-31,0.0,17.889999389648438,17.65999984741211,17.780000686645508,5.0448832511901855,54800
2006-02-01,0.0,17.8700008392334,17.690000534057617,17.860000610351562,5.067584037780762,49400
2006-02-02,0.0,17.940000534057617,17.75,17.889999389648438,5.0760955810546875,43700
2006-02-03,0.0,17.950000762939453,17.760000228881836,17.799999237060547,5.050557613372803,35200
2006-02-06,0.0,17.889999389648438,17.719999313354492,17.809999465942383,5.053393840789795,38900
2006-02-07,0.0,17.84000015258789,17.610000610351562,17.610000610351562,4.996647357940674,53300
2006-02-08,0.0,17.760000228881836,17.530000686645508,17.690000534057617,5.019347667694092,74800
2006-02-09,0.0,17.719999313354492,17.540000915527344,17.6200008392334,4.999487400054932,89700
2006-02-10,0.0,17.649999618530273,17.469999313354492,17.4950008392334,4.964019298553467,67300
2006-02-13,0.0,17.6299991607666,17.3799991607666,17.540000915527344,5.015488624572754,64200
2006-02-14,0.0,17.649999618530273,17.440000534057617,17.540000915527344,5.015488624572754,52900
2006-02-15,0.0,17.690000534057617,17.540000915527344,17.56999969482422,5.0240654945373535,36900
2006-02-16,0.0,17.93000030517578,17.530000686645508,17.93000030517578,5.12700891494751,53000
2006-02-17,0.0,17.93000030517578,17.6299991607666,17.889999389648438,5.115569114685059,77600
2006-02-21,0.0,17.989999771118164,17.780000686645508,17.950000762939453,5.132725238800049,63200
2006-02-22,0.0,17.969999313354492,17.850000381469727,17.969999313354492,5.138443946838379,54000
2006-02-23,0.0,17.979999542236328,17.899999618530273,17.90999984741211,5.121287822723389,47200
2006-02-24,0.0,17.969999313354492,17.829999923706055,17.90999984741211,5.121287822723389,54400
2006-02-27,0.0,17.969999313354492,17.8799991607666,17.940000534057617,5.129864692687988,71100
2006-02-28,0.0,17.989999771118164,17.899999618530273,17.940000534057617,5.129864692687988,98500
2006-03-01,0.0,18.020000457763672,17.90999984741211,18.0,5.1470208168029785,65200
2006-03-02,0.0,18.06999969482422,17.8700008392334,17.889999389648438,5.115569114685059,58900
2006-03-03,0.0,18.079999923706055,17.829999923706055,17.950000762939453,5.132725238800049,64000
2006-03-06,0.0,18.030000686645508,17.8700008392334,17.940000534057617,5.129864692687988,50700
2006-03-07,0.0,17.959999084472656,17.84000015258789,17.959999084472656,5.135584354400635,49100
2006-03-08,0.0,17.989999771118164,17.799999237060547,17.93000030517578,5.12700891494751,63000
2006-03-09,0.0,18.030000686645508,17.84000015258789,17.920000076293945,5.124147891998291,49600
2006-03-10,0.0,18.0,17.920000076293945,17.989900588989258,5.14413595199585,38400
2006-03-13,0.0,17.959999084472656,17.780000686645508,17.850000381469727,5.142725467681885,49400
2006-03-14,0.0,17.950000762939453,17.799999237060547,17.799999237060547,5.128317356109619,49300
2006-03-15,0.0,17.850000381469727,17.75,17.84000015258789,5.139842510223389,54200
2006-03-16,0.0,17.969999313354492,17.84000015258789,17.8700008392334,5.148487567901611,55100
2006-03-17,0.0,17.920000076293945,17.8700008392334,17.920000076293945,5.162890911102295,12400
2006-03-20,0.0,18.0,17.84000015258789,17.8799991607666,5.151364803314209,63600
2006-03-21,0.0,17.950000762939453,17.799999237060547,17.899999618530273,5.157127380371094,83700
2006-03-22,0.0,17.979999542236328,17.799999237060547,17.920000076293945,5.162890911102295,51000
2006-03-23,0.0,17.969999313354492,17.860000610351562,17.950000762939453,5.171533107757568,53000
2006-03-24,0.0,17.950000762939453,17.850000381469727,17.93000030517578,5.165773868560791,56300
2006-03-27,0.0,17.979999542236328,17.899999618530273,17.899999618530273,5.157127380371094,55700
2006-03-28,0.0,17.959999084472656,17.770000457763672,17.850000381469727,5.142725467681885,90300
2006-03-29,0.0,18.040000915527344,17.81999969482422,18.020000457763672,5.191701889038086,69000
2006-03-30,18.020000457763672,18.020000457763672,18.020000457763672,18.020000457763672,5.191701889038086,0
2006-03-31,0.0,18.1200008392334,18.010000228881836,18.1200008392334,5.220511436462402,72600
2006-04-03,0.0,18.31999969482422,18.040000915527344,18.170000076293945,5.2349162101745605,103800
2006-04-04,0.0,18.260000228881836,18.100099563598633,18.209999084472656,5.2464447021484375,48300
2006-04-05,0.0,18.309999465942383,18.139999389648438,18.200000762939453,5.243563175201416,42200
2006-04-06,0.0,18.229999542236328,18.1200008392334,18.15999984741211,5.232036113739014,30200
2006-04-07,0.0,18.219999313354492,18.110000610351562,18.139999389648438,5.226274490356445,30700
2006-04-10,0.0,18.15999984741211,18.020000457763672,18.030000686645508,5.194584369659424,46000
2006-04-11,0.0,17.940000534057617,17.770000457763672,17.770000457763672,5.158297538757324,35100
2006-04-12,0.0,17.829999923706055,17.65999984741211,17.799999237060547,5.16700553894043,43900
2006-04-13,0.0,17.8799991607666,17.639999389648438,17.809999465942383,5.169908046722412,48500
2006-04-17,0.0,17.850000381469727,17.520000457763672,17.540000915527344,5.091533660888672,61700
2006-04-18,0.0,17.649999618530273,17.510000228881836,17.530000686645508,5.088632106781006,57700
2006-04-19,0.0,17.59000015258789,17.510000228881836,17.59000015258789,5.106046676635742,51100
2006-04-20,0.0,17.600000381469727,17.389999389648438,17.5,5.079921722412109,77200
2006-04-21,0.0,17.700000762939453,17.520099639892578,17.6299991607666,5.117657661437988,62300
2006-04-24,0.0,17.549999237060547,17.309999465942383,17.5,5.079921722412109,120900
2006-04-25,0.0,17.43000030517578,17.25,17.329999923706055,5.030570983886719,106300
2006-04-26,0.0,17.459999084472656,17.31999969482422,17.459999084472656,5.068310260772705,64700
2006-04-27,0.0,17.600000381469727,17.31999969482422,17.549999237060547,5.09443473815918,43000
2006-04-28,17.549999237060547,17.549999237060547,17.549999237060547,17.549999237060547,5.09443473815918,0
2006-05-01,0.0,17.690000534057617,17.549999237060547,17.56999969482422,5.1002421379089355,65800
2006-05-02,0.0,17.690000534057617,17.549999237060547,17.559999465942383,5.0973405838012695,74000
2006-05-03,0.0,17.719999313354492,17.549999237060547,17.65999984741211,5.126367092132568,35700
2006-05-04,0.0,17.780000686645508,17.610000610351562,17.739999771118164,5.149587631225586,43800
2006-05-05,0.0,17.889999389648438,17.690000534057617,17.860000610351562,5.184423446655273,53800
2006-05-08,0.0,17.889999389648438,17.75,17.8700008392334,5.187327861785889,55200
2006-05-09,0.0,17.920000076293945,17.780000686645508,17.8799991607666,5.190227031707764,72900
2006-05-10,0.0,17.889999389648438,17.719999313354492,17.69499969482422,5.136527061462402,75800
2006-05-11,0.0,17.749900817871094,17.5,17.540000915527344,5.130675315856934,61000
2006-05-12,0.0,17.520000457763672,17.329999923706055,17.329999923706055,5.069247722625732,58900
2006-05-15,0.0,17.43000030517578,17.260000228881836,17.31999969482422,5.066325664520264,40300
2006-05-16,0.0,17.479999542236328,17.260000228881836,17.469999313354492,5.110199928283691,41500
2006-05-17,0.0,17.40999984741211,17.15999984741211,17.350000381469727,5.075099468231201,70900
2006-05-18,0.0,17.469999313354492,17.219999313354492,17.290000915527344,5.057548999786377,57300
2006-05-19,0.0,17.239999771118164,17.030000686645508,17.059999465942383,4.990272045135498,96400
2006-05-22,0.0,17.079999923706055,16.809999465942383,16.979999542236328,4.966867923736572,100400
2006-05-23,0.0,17.25,17.0,17.049999237060547,4.9873433113098145,95500
2006-05-24,0.0,17.110000610351562,16.860000610351562,16.959999084472656,4.961019039154053,63800
2006-05-25,0.0,17.276399612426758,16.969999313354492,17.149999618530273,5.016598224639893,97700
2006-05-26,0.0,17.350000381469727,17.15999984741211,17.239999771118164,5.0429229736328125,52400
2006-05-30,0.0,17.239999771118164,17.0,17.1200008392334,5.007819652557373,35100
2006-05-31,0.0,17.239999771118164,17.110000610351562,17.239999771118164,5.0429229736328125,37700
2006-06-01,0.0,17.489999771118164,17.200000762939453,17.469999313354492,5.110199928283691,36600
2006-06-02,0.0,17.829999923706055,17.56999969482422,17.780000686645508,5.200878143310547,75800
2006-06-05,0.0,17.780000686645508,17.5,17.520000457763672,5.124826908111572,37900
2006-06-06,0.0,17.65999984741211,17.420000076293945,17.549999237060547,5.133601665496826,54400
2006-06-07,0.0,17.700000762939453,17.489999771118164,17.639999389648438,5.159926414489746,30700
2006-06-08,0.0,17.649999618530273,17.479999542236328,17.549999237060547,5.133601665496826,29600
2006-06-09,0.0,17.739999771118164,17.489999771118164,17.65999984741211,5.165777683258057,42600
2006-06-12,0.0,17.729999542236328,17.59000015258789,17.565000534057617,5.137988090515137,35700
2006-06-13,0.0,17.690000534057617,17.350000381469727,17.440000534057617,5.140936851501465,45000
2006-06-14,0.0,17.579999923706055,17.229999542236328,17.250099182128906,5.084958076477051,51100
2006-06-15,0.0,17.43000030517578,17.270000457763672,17.329999923706055,5.108510971069336,56700
2006-06-16,0.0,17.399999618530273,17.25,17.399999618530273,5.129148483276367,44700
2006-06-19,0.0,17.459999084472656,17.270000457763672,17.43000030517578,5.137988090515137,44600
2006-06-20,0.0,17.440000534057617,17.270000457763672,17.34000015258789,5.111456394195557,34400
2006-06-21,0.0,17.420000076293945,17.209999084472656,17.420000076293945,5.135042667388916,65700
2006-06-22,0.0,17.440000534057617,17.170000076293945,17.190000534057617,5.0672430992126465,64900
2006-06-23,0.0,17.290000915527344,17.100000381469727,17.15999984741211,5.0583977699279785,65900
2006-06-26,0.0,17.309999465942383,17.06999969482422,17.100000381469727,5.040712356567383,52600
2006-06-27,0.0,17.200000762939453,16.969999313354492,17.09000015258789,5.0377631187438965,67600
2006-06-28,0.0,17.290000915527344,17.100000381469727,17.25,5.084929466247559,40700
2006-06-29,0.0,17.489999771118164,17.200000762939453,17.489999771118164,5.155675888061523,36500
2006-06-30,0.0,17.59000015258789,17.43000030517578,17.530000686645508,5.1674699783325195,27800
2006-07-03,0.0,17.770000457763672,17.43000030517578,17.760000228881836,5.235265254974365,24600
2006-07-05,0.0,17.760000228881836,17.68000030517578,17.709999084472656,5.220526695251465,56300
2006-07-06,0.0,17.799999237060547,17.690000534057617,17.729999542236328,5.22642183303833,47300
2006-07-07,0.0,17.940000534057617,17.68000030517578,17.760000228881836,5.235265254974365,41400
2006-07-10,0.0,17.889999389648438,17.75,17.809999465942383,5.250002861022949,31700
2006-07-11,0.0,17.850000381469727,17.65999984741211,17.704999923706055,5.219053745269775,71100
2006-07-12,0.0,17.81999969482422,17.559999465942383,17.559999465942383,5.216082572937012,48500
2006-07-13,0.0,17.579999923706055,17.299999237060547,17.479999542236328,5.192320346832275,52700
2006-07-14,0.0,17.559999465942383,17.25,17.25,5.124000072479248,67600
2006-07-17,0.0,17.31999969482422,17.200000762939453,17.229999542236328,5.118058204650879,38600
2006-07-18,0.0,17.420000076293945,17.280000686645508,17.350000381469727,5.153703212738037,56500
2006-07-19,0.0,17.579999923706055,17.40999984741211,17.549999237060547,5.2131123542785645,45100
2006-07-20,0.0,17.65999984741211,17.40999984741211,17.510000228881836,5.201230525970459,58500
2006-07-21,0.0,17.510000228881836,17.290000915527344,17.420000076293945,5.174498558044434,59900
2006-07-24,0.0,17.549999237060547,17.3700008392334,17.549999237060547,5.2131123542785645,52500
2006-07-25,0.0,17.709999084472656,17.459999084472656,17.700000762939453,5.2576704025268555,92500
2006-07-26,0.0,17.850000381469727,17.549999237060547,17.850000381469727,5.302225112915039,80800
2006-07-27,0.0,17.989999771118164,17.850000381469727,17.969999313354492,5.337870121002197,51300
2006-07-28,0.0,18.18000030517578,17.950000762939453,18.18000030517578,5.40024995803833,80100
2006-07-31,0.0,18.190000534057617,18.020000457763672,18.170000076293945,5.397281646728516,98100
2006-08-01,0.0,18.309999465942383,18.1299991607666,18.309999465942383,5.438864707946777,49500
2006-08-02,0.0,18.389999389648438,17.969999313354492,18.389999389648438,5.4626288414001465,92000
2006-08-03,0.0,18.469999313354492,18.200000762939453,18.469999313354492,5.486391067504883,42100
2006-08-04,0.0,18.6299991607666,18.34000015258789,18.389999389648438,5.4626288414001465,49000
2006-08-07,0.0,18.530000686645508,18.389999389648438,18.43000030517578,5.474510192871094,45400
2006-08-08,0.0,18.610000610351562,18.399999618530273,18.5,5.495303153991699,52000
2006-08-09,0.0,18.579999923706055,18.399999618530273,18.56999969482422,5.516096591949463,66000
2006-08-10,0.0,18.579999923706055,18.3700008392334,18.405000686645508,5.467083930969238,83600
2006-08-11,0.0,18.530000686645508,18.15999984741211,18.34000015258789,5.488029956817627,78800
2006-08-14,0.0,18.540000915527344,18.360000610351562,18.489999771118164,5.532916069030762,51900
2006-08-15,0.0,18.6200008392334,18.420000076293945,18.559999465942383,5.553861618041992,54700
2006-08-16,0.0,18.639999389648438,18.5,18.559999465942383,5.553861618041992,63200
2006-08-17,0.0,18.59000015258789,18.450000762939453,18.459999084472656,5.523938179016113,51700
2006-08-18,0.0,18.610000610351562,18.5,18.600000381469727,5.56583309173584,63000
2006-08-21,0.0,18.649999618530273,18.530000686645508,18.6200008392334,5.571817398071289,91600
2006-08-22,0.0,18.950000762939453,18.610000610351562,18.68000030517578,5.589772701263428,141700
2006-08-23,0.0,18.760000228881836,18.610000610351562,18.729999542236328,5.604734420776367,78800
2006-08-24,0.0,18.829999923706055,18.670000076293945,18.739999771118164,5.607728004455566,53700
2006-08-25,0.0,18.90999984741211,18.459999084472656,18.59000015258789,5.562842845916748,142000
2006-08-28,0.0,18.68000030517578,18.530000686645508,18.6200008392334,5.571817398071289,72500
2006-08-29,0.0,18.790000915527344,18.610000610351562,18.790000915527344,5.622686862945557,65800
2006-08-30,0.0,18.8799991607666,18.709999084472656,18.81999969482422,5.631666660308838,63000
2006-08-31,0.0,18.989999771118164,18.770000457763672,18.989999771118164,5.682536602020264,87000
2006-09-01,0.0,19.039899826049805,18.850000381469727,18.950000762939453,5.670567035675049,78900
2006-09-05,0.0,19.020000457763672,18.860000610351562,19.0,5.685527801513672,57000
2006-09-06,0.0,18.989999771118164,18.790000915527344,18.8799991607666,5.64962100982666,88700
2006-09-07,0.0,19.010000228881836,18.809999465942383,18.969999313354492,5.67655086517334,58900
2006-09-08,0.0,19.18000030517578,18.860000610351562,18.969999313354492,5.67655086517334,51100
2006-09-11,0.0,19.040000915527344,18.729999542236328,19.040000915527344,5.697498321533203,72400
2006-09-12,0.0,19.170000076293945,18.989999771118164,18.954999923706055,5.672059535980225,86900
2006-09-13,0.0,19.010000228881836,18.829999923706055,18.889999389648438,5.693159103393555,64200
2006-09-14,0.0,19.0,18.790000915527344,19.0,5.726311683654785,39900
2006-09-15,19.0,19.0,19.0,19.0,5.726311683654785,0
2006-09-18,0.0,19.049999237060547,18.6200008392334,18.829999923706055,5.675076007843018,67700
2006-09-19,0.0,18.920000076293945,18.700000762939453,18.700000762939453,5.635894298553467,67900
2006-09-20,0.0,18.920000076293945,18.709999084472656,18.790000915527344,5.663022041320801,71500
2006-09-21,0.0,18.75,18.670000076293945,18.719999313354492,5.641923904418945,68100
2006-09-22,0.0,18.700000762939453,18.6200008392334,18.690000534057617,5.632883548736572,79500
2006-09-25,0.0,19.1299991607666,18.75,19.1299991607666,5.765492916107178,69100
2006-09-26,0.0,19.18000030517578,18.920000076293945,19.100000381469727,5.75645112991333,78000
2006-09-27,0.0,19.229999542236328,19.059999465942383,19.139999389648438,5.7685041427612305,55700
2006-09-28,0.0,19.209999084472656,19.010000228881836,19.110000610351562,5.759464263916016,99200
2006-09-29,0.0,19.329999923706055,19.1200008392334,19.329999923706055,5.82576847076416,53300
2006-10-02,0.0,19.389999389648438,19.219999313354492,19.34000015258789,5.8287835121154785,50400
2006-10-03,0.0,19.420000076293945,19.239999771118164,19.420000076293945,5.852895736694336,79000
2006-10-04,0.0,19.43000030517578,19.239999771118164,19.43000030517578,5.855907440185547,82600
2006-10-05,0.0,19.43000030517578,19.020000457763672,19.100000381469727,5.75645112991333,134300
2006-10-06,0.0,19.06999969482422,18.920000076293945,19.0,5.726311683654785,55900
2006-10-09,0.0,19.059999465942383,18.899999618530273,18.959999084472656,5.7142558097839355,77700
2006-10-10,0.0,19.09000015258789,18.93000030517578,18.885000228881836,5.691653728485107,64500
2006-10-11,0.0,18.940000534057617,18.770000457763672,18.899999618530273,5.737186908721924,51700
2006-10-12,0.0,19.030000686645508,18.719999313354492,18.719999313354492,5.682545185089111,108200
2006-10-13,0.0,18.819900512695312,18.520000457763672,18.6299991607666,5.65522575378418,134000
2006-10-16,0.0,18.760000228881836,18.610000610351562,18.639999389648438,5.658261299133301,86700
2006-10-17,0.0,18.75,18.6299991607666,18.700000762939453,5.676473140716553,46100
2006-10-18,0.0,18.860000610351562,18.670000076293945,18.799999237060547,5.706832408905029,48900
2006-10-19,0.0,18.8700008392334,18.719999313354492,18.860000610351562,5.725043773651123,67100
2006-10-20,0.0,18.940000534057617,18.829999923706055,18.93000030517578,5.746291637420654,50300
2006-10-23,0.0,18.979999542236328,18.899999618530273,18.940000534057617,5.749330043792725,58300
2006-10-24,0.0,19.020000457763672,18.799999237060547,18.860000610351562,5.725043773651123,53900
2006-10-25,0.0,19.0,18.81999969482422,18.93000030517578,5.746291637420654,63400
2006-10-26,0.0,19.040000915527344,18.899999618530273,18.989999771118164,5.76450777053833,60700
2006-10-27,0.0,19.100000381469727,18.959999084472656,19.030000686645508,5.776649475097656,63500
2006-10-30,0.0,19.079500198364258,18.81999969482422,18.979999542236328,5.761471271514893,90900
2006-10-31,0.0,19.020000457763672,18.799999237060547,18.899999618530273,5.737186908721924,100000
2006-11-01,0.0,19.030000686645508,18.860000610351562,18.940000534057617,5.749330043792725,60700
2006-11-02,0.0,18.989999771118164,18.799999237060547,18.889999389648438,5.7341508865356445,36100
2006-11-03,0.0,18.93000030517578,18.770000457763672,18.850000381469727,5.722005844116211,29800
2006-11-06,0.0,19.0,18.860000610351562,18.899999618530273,5.737186908721924,45500
2006-11-07,0.0,19.04759979248047,18.860000610351562,18.93000030517578,5.746291637420654,67400
2006-11-08,0.0,19.020099639892578,18.809999465942383,19.010000228881836,5.7705769538879395,48800
2006-11-09,0.0,19.020000457763672,18.829999923706055,18.860000610351562,5.725043773651123,77200
2006-11-10,0.0,18.920000076293945,18.729999542236328,18.71500015258789,5.681028366088867,55300
2006-11-13,0.0,18.739999771118164,18.610000610351562,18.670000076293945,5.7085466384887695,64500
2006-11-14,0.0,18.72879981994629,18.579999923706055,18.68000030517578,5.71160364151001,67700
2006-11-15,0.0,18.739999771118164,18.559999465942383,18.6200008392334,5.6932597160339355,75100
2006-11-16,0.0,18.6200008392334,18.420000076293945,18.469999313354492,5.647393703460693,70300
2006-11-17,0.0,18.520000457763672,18.270000457763672,18.399999618530273,5.625990867614746,96200
2006-11-20,0.0,18.440000534057617,18.209999084472656,18.299999237060547,5.595413684844971,99500
2006-11-21,0.0,18.360000610351562,18.15999984741211,18.25,5.580129146575928,80300
2006-11-22,0.0,18.540000915527344,18.290000915527344,18.540000915527344,5.668798446655273,89900
2006-11-24,0.0,18.610000610351562,18.31999969482422,18.610000610351562,5.690201759338379,42700
2006-11-27,0.0,18.540000915527344,18.219999313354492,18.350000381469727,5.6107048988342285,140200
2006-11-28,0.0,18.610000610351562,18.350000381469727,18.610000610351562,5.690201759338379,63400
2006-11-29,0.0,18.829999923706055,18.6200008392334,18.829999923706055,5.757468223571777,74400
2006-11-30,0.0,18.969999313354492,18.670000076293945,18.969999313354492,5.800273418426514,118000
2006-12-01,0.0,18.989999771118164,18.81999969482422,18.989999771118164,5.806391716003418,65900
2006-12-04,0.0,19.079999923706055,18.65999984741211,19.049999237060547,5.824737071990967,104700
2006-12-05,0.0,19.079999923706055,18.93000030517578,19.049999237060547,5.824737071990967,79400
2006-12-06,0.0,19.049999237060547,18.920000076293945,19.049999237060547,5.824737071990967,75400
2006-12-07,0.0,19.06999969482422,18.90999984741211,19.0,5.809446334838867,68400
2006-12-08,0.0,19.059999465942383,18.920000076293945,19.030000686645508,5.818620204925537,57600
2006-12-11,0.0,19.079999923706055,18.950000762939453,19.079999923706055,5.8339080810546875,73200
2006-12-12,0.0,19.280000686645508,19.100000381469727,19.145000457763672,5.85378360748291,115100
2006-12-13,0.0,19.290000915527344,19.020000457763672,19.290000915527344,5.940003871917725,103900
2006-12-14,0.0,19.280000686645508,19.100000381469727,19.25,5.92768669128418,115500
2006-12-15,0.0,19.350000381469727,19.229999542236328,19.34000015258789,5.95540189743042,86900
2006-12-18,0.0,19.479999542236328,19.25,19.479999542236328,5.998509883880615,98100
2006-12-19,0.0,19.469999313354492,19.100000381469727,19.469999313354492,5.995429039001465,127200
2006-12-20,0.0,19.479999542236328,19.110000610351562,19.469999313354492,5.995429039001465,130800
2006-12-21,0.0,19.489999771118164,19.15999984741211,19.350000381469727,5.958481788635254,121700
2006-12-22,0.0,19.459999084472656,19.18000030517578,19.299999237060547,5.943082809448242,86200
2006-12-26,0.0,19.5,19.320100784301758,19.5,6.0046706199646,67600
2006-12-27,0.0,19.5,19.40999984741211,19.479999542236328,5.998509883880615,68700
2006-12-28,0.0,19.5,19.389999389648438,19.489999771118164,6.001590251922607,53900
2006-12-29,0.0,19.59000015258789,19.219999313354492,19.3799991607666,5.96771764755249,61800
2007-01-03,0.0,19.5,19.31999969482422,19.5,6.0046706199646,46400
2007-01-04,0.0,19.56999969482422,19.350000381469727,19.540000915527344,6.016986846923828,41600
2007-01-05,0.0,19.6299991607666,19.31999969482422,19.420000076293945,5.980035781860352,56400
2007-01-08,0.0,19.6299991607666,19.440000534057617,19.6299991607666,6.044699668884277,68100
2007-01-09,0.0,19.790000915527344,19.58009910583496,19.655000686645508,6.052401065826416,73500
2007-01-10,0.0,19.600000381469727,19.360000610351562,19.579999923706055,6.07100248336792,85100
2007-01-11,0.0,19.700000762939453,19.450000762939453,19.549999237060547,6.061701774597168,56200
2007-01-12,0.0,19.790000915527344,19.399999618530273,19.510000228881836,6.049299716949463,83700
2007-01-16,0.0,19.739999771118164,19.40999984741211,19.549999237060547,6.061701774597168,88900
2007-01-17,0.0,19.670000076293945,19.5,19.670000076293945,6.098909378051758,51700
2007-01-18,0.0,19.809999465942383,19.600000381469727,19.709999084472656,6.1113104820251465,89300
2007-01-19,0.0,19.829999923706055,19.43000030517578,19.6299991607666,6.08650541305542,93000
2007-01-22,0.0,19.739999771118164,19.440000534057617,19.5,6.046198844909668,68200
2007-01-23,0.0,19.600000381469727,19.309999465942383,19.489999771118164,6.043097019195557,84400
2007-01-24,0.0,19.6299991607666,19.34000015258789,19.510000228881836,6.049299716949463,101900
2007-01-26,0.0,19.68000030517578,19.440000534057617,19.59000015258789,6.074103832244873,58000
2007-01-29,0.0,19.860000610351562,19.59000015258789,19.860000610351562,6.157822132110596,65400
2007-01-30,0.0,19.959999084472656,19.75,19.90999984741211,6.17332124710083,90500
2007-01-31,0.0,19.969999313354492,19.670000076293945,19.799999237060547,6.139216423034668,75000
2007-02-01,0.0,19.93000030517578,19.68000030517578,19.93000030517578,6.1795244216918945,91300
2007-02-02,0.0,19.899999618530273,19.760000228881836,19.799999237060547,6.139216423034668,40900
2007-02-05,0.0,19.850000381469727,19.739999771118164,19.790000915527344,6.1361165046691895,48500
2007-02-06,0.0,19.81999969482422,19.670000076293945,19.780000686645508,6.13301420211792,80600
2007-02-07,0.0,19.81999969482422,19.65999984741211,19.75,6.12371301651001,71800
2007-02-08,0.0,19.780000686645508,19.6200008392334,19.75,6.12371301651001,99700
2007-02-09,19.75,19.75,19.75,19.75,6.12371301651001,0
2007-02-12,0.0,19.799999237060547,19.40999984741211,19.405000686645508,6.016741752624512,100981
2007-02-13,0.0,19.540000915527344,19.290000915527344,19.3700008392334,6.047966003417969,90415
2007-02-14,0.0,19.510000228881836,19.350000381469727,19.510000228881836,6.091677188873291,72900
2007-02-15,0.0,19.510000228881836,19.329999923706055,19.459999084472656,6.076064586639404,95200
2007-02-16,0.0,19.469999313354492,19.239999771118164,19.329999923706055,6.035475730895996,119500
2007-02-20,0.0,19.360000610351562,19.1200008392334,19.260000228881836,6.013619899749756,108500
2007-02-21,0.0,19.260000228881836,18.950000762939453,18.979999542236328,5.9261956214904785,120900
2007-02-22,0.0,19.100000381469727,18.780000686645508,18.860000610351562,5.88872766494751,174500
2007-02-23,0.0,19.34000015258789,18.81999969482422,19.34000015258789,6.038599014282227,120200
2007-02-26,0.0,19.440000534057617,19.25,19.440000534057617,6.069820404052734,114800
2007-02-27,0.0,19.389999389648438,18.860000610351562,19.209999084472656,5.998008728027344,105000
2007-02-28,0.0,19.350000381469727,19.09000015258789,19.350000381469727,6.041721343994141,91400
2007-03-01,0.0,19.3700008392334,19.100000381469727,19.350000381469727,6.041721343994141,74100
2007-03-02,0.0,19.350000381469727,18.450000762939453,19.139999389648438,5.976151943206787,46700
2007-03-05,0.0,19.200000762939453,19.0,19.190000534057617,5.991763591766357,49700
2007-03-06,0.0,19.329999923706055,19.110000610351562,19.31999969482422,6.032353401184082,68900
2007-03-07,0.0,19.530000686645508,19.18000030517578,19.530000686645508,6.097920894622803,68900
2007-03-08,0.0,19.600000381469727,19.3700008392334,19.579999923706055,6.1135334968566895,76900
2007-03-09,0.0,19.639999389648438,19.43000030517578,19.6299991607666,6.129148483276367,59000
2007-03-12,0.0,19.670000076293945,19.360000610351562,19.524999618530273,6.096362113952637,61100
2007-03-13,0.0,19.639999389648438,19.139999389648438,19.3799991607666,6.093216896057129,72400
2007-03-14,0.0,19.41990089416504,18.81999969482422,19.06999969482422,5.99575138092041,95200
2007-03-15,0.0,19.239999771118164,19.049999237060547,19.239999771118164,6.049200534820557,57600
2007-03-16,0.0,19.299999237060547,19.070100784301758,19.149999618530273,6.020903587341309,49900
2007-03-19,0.0,19.25,19.110000610351562,19.219999313354492,6.042912483215332,65400
2007-03-20,0.0,19.25,19.09000015258789,19.18000030517578,6.030336856842041,65200
2007-03-21,0.0,19.420000076293945,19.139999389648438,19.420000076293945,6.105793476104736,90700
2007-03-22,0.0,19.579999923706055,19.270000457763672,19.579999923706055,6.156096935272217,69600
2007-03-23,0.0,19.649999618530273,19.469999313354492,19.649999618530273,6.178106307983398,76800
2007-03-26,0.0,19.639999389648438,19.480100631713867,19.600000381469727,6.162387847900391,66400
2007-03-27,19.600000381469727,19.600000381469727,19.600000381469727,19.600000381469727,6.162387847900391,0
2007-03-28,0.0,19.649999618530273,19.530000686645508,19.610000610351562,6.165533065795898,59100
2007-03-29,0.0,19.68000030517578,19.579999923706055,19.68000030517578,6.1875386238098145,38500
2007-03-30,0.0,19.75,19.610000610351562,19.75,6.20954704284668,40300
2007-04-02,0.0,19.770000457763672,19.690000534057617,19.739999771118164,6.206403732299805,59000
2007-04-03,0.0,19.81999969482422,19.729999542236328,19.799999237060547,6.225269317626953,67000
2007-04-04,0.0,19.8700008392334,19.719999313354492,19.829999923706055,6.234702110290527,76000
2007-04-05,0.0,19.8799991607666,19.760000228881836,19.829999923706055,6.234702110290527,61700
2007-04-09,0.0,19.899999618530273,19.809999465942383,19.899999618530273,6.256709098815918,50400
2007-04-10,0.0,19.959999084472656,19.84000015258789,19.959999084472656,6.275573253631592,53700
2007-04-11,0.0,19.93000030517578,19.729999542236328,19.809999465942383,6.2284111976623535,53100
2007-04-12,0.0,20.0,19.729999542236328,20.0,6.288150787353516,59500
2007-04-13,0.0,19.989999771118164,19.850000381469727,19.989999771118164,6.285007953643799,58700
2007-04-16,0.0,19.989999771118164,19.84000015258789,19.889999389648438,6.253566741943359,64600
2007-04-17,0.0,19.93000030517578,19.75,19.770000457763672,6.215836524963379,62000
2007-04-18,0.0,19.799999237060547,19.729999542236328,19.760000228881836,6.2126946449279785,35900
2007-04-19,0.0,19.8700008392334,19.709999084472656,19.8700008392334,6.24727725982666,91600
2007-04-20,0.0,19.899999618530273,19.700000762939453,19.739999771118164,6.206403732299805,69300
2007-04-23,0.0,19.790000915527344,19.709999084472656,19.770000457763672,6.215836524963379,60300
2007-04-24,0.0,19.799999237060547,19.65999984741211,19.729999542236328,6.203259468078613,123600
2007-04-25,0.0,19.799999237060547,19.670000076293945,19.799999237060547,6.225269317626953,84000
2007-04-26,0.0,19.84000015258789,19.709999084472656,19.84000015258789,6.237844467163086,80900
2007-04-27,0.0,19.8700008392334,19.719999313354492,19.860000610351562,6.244134426116943,47400
2007-04-30,0.0,19.950000762939453,19.829999923706055,19.8700008392334,6.24727725982666,33500
2007-05-01,0.0,19.979999542236328,19.829999923706055,19.93000030517578,6.266143321990967,57020
2007-05-02,0.0,20.0,19.860000610351562,19.920000076293945,6.262999534606934,71300
2007-05-03,0.0,19.950000762939453,19.850000381469727,19.899999618530273,6.256709098815918,56200
2007-05-04,0.0,19.989999771118164,19.8700008392334,19.90999984741211,6.259852886199951,49100
2007-05-07,0.0,19.950000762939453,19.829999923706055,19.8799991607666,6.250420093536377,43200
2007-05-08,0.0,19.93000030517578,19.799999237060547,19.850000381469727,6.240987777709961,62200
2007-05-09,0.0,19.829999923706055,19.75,19.81999969482422,6.231555938720703,88600
2007-05-10,0.0,19.850000381469727,19.700000762939453,19.709999084472656,6.196972370147705,58100
2007-05-11,0.0,19.809999465942383,19.729999542236328,19.790000915527344,6.222126483917236,58400
2007-05-14,0.0,19.889999389648438,19.719999313354492,19.760000228881836,6.2126946449279785,46500
2007-05-15,0.0,19.84000015258789,19.700000762939453,19.700000762939453,6.1938276290893555,55100
2007-05-16,0.0,19.81999969482422,19.670000076293945,19.770000457763672,6.215836524963379,70700
2007-05-17,19.770000457763672,19.770000457763672,19.770000457763672,19.770000457763672,6.215836524963379,0
2007-05-18,0.0,19.8799991607666,19.760000228881836,19.860000610351562,6.244134426116943,36800
2007-05-21,0.0,19.8799991607666,19.649999618530273,19.690000534057617,6.1906843185424805,85900
2007-05-22,0.0,19.75,19.6200008392334,19.670000076293945,6.184396743774414,51200
2007-05-23,0.0,19.780000686645508,19.639999389648438,19.760000228881836,6.2126946449279785,69200
2007-05-24,0.0,19.783000946044922,19.399999618530273,19.479999542236328,6.124657154083252,121500
2007-05-25,0.0,19.56999969482422,19.43000030517578,19.530000686645508,6.140378952026367,46000
2007-05-29,0.0,19.68000030517578,19.459999084472656,19.5,6.130947589874268,123000
2007-05-30,0.0,19.530000686645508,19.42009925842285,19.530000686645508,6.140378952026367,95100
2007-05-31,0.0,19.649999618530273,19.510000228881836,19.6299991607666,6.171820640563965,62700
2007-06-01,0.0,19.719999313354492,19.6299991607666,19.690000534057617,6.1906843185424805,47900
2007-06-04,0.0,19.729999542236328,19.670000076293945,19.700000762939453,6.1938276290893555,53900
2007-06-05,0.0,19.760000228881836,19.649999618530273,19.68000030517578,6.1875386238098145,38900
2007-06-06,0.0,19.659900665283203,19.5,19.540000915527344,6.143521785736084,62900
2007-06-07,0.0,19.600000381469727,19.280000686645508,19.34000015258789,6.080643177032471,54100
2007-06-08,0.0,19.479999542236328,19.260000228881836,19.479999542236328,6.124657154083252,62700
2007-06-11,0.0,19.559999465942383,19.459999084472656,19.559999465942383,6.149811744689941,22500
2007-06-12,0.0,19.5,19.350000381469727,19.40999984741211,6.102651119232178,54700
2007-06-13,0.0,19.149999618530273,18.979999542236328,19.040000915527344,6.113889217376709,70800
2007-06-14,0.0,19.1299991607666,18.93000030517578,18.989999771118164,6.097833633422852,67200
2007-06-15,0.0,19.149999618530273,18.979999542236328,19.030000686645508,6.110677719116211,113800
2007-06-18,0.0,19.1299991607666,19.010000228881836,19.059999465942383,6.120311260223389,35400
2007-06-19,0.0,19.079999923706055,18.970500946044922,19.010000228881836,6.104254245758057,54300
2007-06-20,0.0,19.079999923706055,18.969999313354492,18.989999771118164,6.097833633422852,49000
2007-06-21,0.0,19.040000915527344,18.969999313354492,19.040000915527344,6.113889217376709,43000
2007-06-22,19.040000915527344,19.040000915527344,19.040000915527344,19.040000915527344,6.113889217376709,0
2007-06-25,0.0,19.040000915527344,18.850000381469727,18.899999618530273,6.068934440612793,29900
2007-06-26,0.0,18.90999984741211,18.770000457763672,18.829999923706055,6.046456813812256,57800
2007-06-27,0.0,18.959999084472656,18.829999923706055,18.920000076293945,6.0753583908081055,38900
2007-06-28,0.0,19.030000686645508,18.920000076293945,18.93000030517578,6.078567028045654,38600
2007-06-29,0.0,19.100000381469727,19.040000915527344,19.100000381469727,6.1331562995910645,93600
2007-07-02,0.0,19.25,19.0,19.239999771118164,6.178110122680664,36000
2007-07-03,0.0,19.3700008392334,19.25,19.31999969482422,6.203798294067383,41500
2007-07-05,0.0,19.31999969482422,19.230100631713867,19.299999237060547,6.197375297546387,30100
2007-07-06,0.0,19.40999984741211,19.219999313354492,19.40999984741211,6.232699871063232,37700
2007-07-09,0.0,19.3799991607666,19.15999984741211,19.209999084472656,6.168478488922119,22900
2007-07-10,0.0,19.235000610351562,19.020000457763672,19.100000381469727,6.1331562995910645,47600
2007-07-11,0.0,19.209999084472656,19.010000228881836,19.030000686645508,6.110677719116211,40300
2007-07-12,0.0,19.170000076293945,19.049999237060547,19.149999618530273,6.149211406707764,32500
2007-07-13,0.0,19.239999771118164,19.139999389648438,19.18000030517578,6.158844947814941,41200
2007-07-16,0.0,19.239999771118164,19.030000686645508,19.06999969482422,6.123520374298096,55700
2007-07-17,0.0,19.100000381469727,18.969999313354492,18.989999771118164,6.097833633422852,35400
2007-07-18,0.0,18.979999542236328,18.860000610351562,18.93000030517578,6.078567028045654,33900
2007-07-19,0.0,19.010000228881836,18.93000030517578,18.950000762939453,6.08499002456665,38200
2007-07-20,0.0,18.969999313354492,18.84000015258789,18.889999389648438,6.065723419189453,37800
2007-07-23,0.0,19.09000015258789,18.719999313354492,18.780000686645508,6.030400276184082,91400
2007-07-24,0.0,18.68000030517578,18.31999969482422,18.399999618530273,5.908380031585693,63400
2007-07-25,0.0,18.469999313354492,18.139999389648438,18.239999771118164,5.8570027351379395,82700
2007-07-26,0.0,18.049999237060547,17.709999084472656,17.739999771118164,5.696448802947998,102500
2007-07-27,0.0,18.219999313354492,17.790000915527344,18.18000030517578,5.837737083435059,120500
2007-07-30,0.0,18.329999923706055,18.06999969482422,18.31999969482422,5.882691383361816,60100
2007-07-31,0.0,18.496400833129883,18.280000686645508,18.299999237060547,5.8762688636779785,52600
2007-08-01,0.0,18.270000457763672,18.010000228881836,18.1200008392334,5.818471431732178,45800
2007-08-02,0.0,18.280000686645508,18.139999389648438,18.170000076293945,5.8345232009887695,59400
2007-08-03,0.0,18.18000030517578,18.02989959716797,18.030000686645508,5.7895708084106445,24700
2007-08-06,0.0,18.100000381469727,17.829999923706055,17.940000534057617,5.760669708251953,52900
2007-08-07,0.0,18.06999969482422,17.8799991607666,18.06999969482422,5.802414894104004,36600
2007-08-08,0.0,18.270000457763672,18.079999923706055,18.200000762939453,5.8441572189331055,45200
2007-08-09,0.0,18.25,17.989999771118164,18.030000686645508,5.7895708084106445,58800
2007-08-10,0.0,17.950000762939453,17.760000228881836,17.860000610351562,5.734984397888184,45300
2007-08-13,0.0,18.020000457763672,17.860000610351562,17.860000610351562,5.734984397888184,30700
2007-08-14,0.0,17.899999618530273,17.229999542236328,17.229999542236328,5.532685279846191,107600
2007-08-15,0.0,17.229999542236328,16.809999465942383,16.809999465942383,5.397817611694336,172900
2007-08-16,0.0,16.709999084472656,15.539999961853027,16.6299991607666,5.340020656585693,183800
2007-08-17,0.0,17.6200008392334,17.018999099731445,17.600000381469727,5.651494026184082,86000
2007-08-20,0.0,17.8700008392334,17.700000762939453,17.780000686645508,5.709292411804199,60400
2007-08-21,0.0,17.959999084472656,17.729999542236328,17.920000076293945,5.75424861907959,44700
2007-08-22,0.0,18.239999771118164,17.959999084472656,18.200000762939453,5.8441572189331055,68500
2007-08-23,0.0,18.479999542236328,18.219999313354492,18.270000457763672,5.866635322570801,59300
2007-08-24,0.0,18.450000762939453,18.270000457763672,18.450000762939453,5.924436569213867,47300
2007-08-27,0.0,18.489999771118164,18.299999237060547,18.329999923706055,5.8859028816223145,52300
2007-08-28,0.0,18.34000015258789,17.940000534057617,17.959999084472656,5.767093658447266,44800
2007-08-29,0.0,18.15999984741211,18.049999237060547,18.1200008392334,5.818471431732178,50200
2007-08-30,0.0,18.170000076293945,18.040000915527344,18.110000610351562,5.815258502960205,15900
2007-08-31,0.0,18.34000015258789,18.190000534057617,18.31999969482422,5.882691383361816,44800
2007-09-04,0.0,18.3700008392334,18.209999084472656,18.350000381469727,5.892324924468994,64700
2007-09-05,0.0,18.360000610351562,18.190000534057617,18.360000610351562,5.895536422729492,46400
2007-09-06,0.0,18.399999618530273,18.31999969482422,18.3700008392334,5.89874792098999,40900
2007-09-07,0.0,18.260000228881836,18.110000610351562,18.1200008392334,5.818471431732178,25100
2007-09-10,0.0,18.239900588989258,18.04010009765625,18.1200008392334,5.818471431732178,39400
2007-09-11,0.0,18.280000686645508,18.1200008392334,18.260000228881836,5.863425254821777,20800
2007-09-12,0.0,17.920000076293945,17.729999542236328,17.760000228881836,5.8322272300720215,76400
2007-09-13,0.0,17.859899520874023,17.739999771118164,17.770000457763672,5.835512638092041,49800
2007-09-14,0.0,17.739999771118164,17.649999618530273,17.649999618530273,5.7961039543151855,28600
2007-09-17,0.0,17.639999389648438,17.440000534057617,17.450000762939453,5.730427265167236,41200
2007-09-18,0.0,17.850000381469727,17.5,17.84000015258789,5.8584980964660645,74300
2007-09-19,0.0,17.979999542236328,17.81999969482422,17.899999618530273,5.87820291519165,58200
2007-09-20,0.0,17.91080093383789,17.719999313354492,17.729999542236328,5.822375774383545,60500
2007-09-21,0.0,17.81999969482422,17.739999771118164,17.799999237060547,5.845364093780518,37000
2007-09-24,0.0,17.920000076293945,17.75,17.75,5.828943729400635,40100
2007-09-25,0.0,17.75,17.66010093688965,17.700000762939453,5.812524795532227,59400
2007-09-26,0.0,17.799999237060547,17.700000762939453,17.780000686645508,5.838794708251953,58800
2007-09-27,0.0,17.8700008392334,17.760000228881836,17.8700008392334,5.868349075317383,23800
2007-09-28,0.0,17.899999618530273,17.790000915527344,17.84000015258789,5.8584980964660645,64400
2007-10-01,0.0,17.93000030517578,17.829999923706055,17.889999389648438,5.874917030334473,88000
2007-10-02,0.0,17.961599349975586,17.850000381469727,17.940000534057617,5.891337871551514,37600
2007-10-03,0.0,17.920000076293945,17.850000381469727,17.860000610351562,5.8650689125061035,37200
2007-10-04,0.0,17.920000076293945,17.81999969482422,17.8700008392334,5.868349075317383,32100
2007-10-05,0.0,18.010000228881836,17.920000076293945,17.950000762939453,5.894621849060059,37900
2007-10-08,0.0,17.929899215698242,17.860000610351562,17.860000610351562,5.8650689125061035,15200
2007-10-09,0.0,17.921199798583984,17.809999465942383,17.850000381469727,5.861782073974609,45600
2007-10-10,0.0,17.879899978637695,17.809999465942383,17.829999923706055,5.855216026306152,52000
2007-10-11,0.0,17.899999618530273,17.75,17.75,5.828943729400635,52000
2007-10-12,0.0,17.819900512695312,17.75,17.770000457763672,5.835512638092041,32300
2007-10-15,0.0,17.760000228881836,17.440000534057617,17.559999465942383,5.766548156738281,47200
2007-10-16,0.0,17.6299991607666,17.530000686645508,17.530000686645508,5.756700038909912,44400
2007-10-17,0.0,17.649999618530273,17.489999771118164,17.520000457763672,5.753411293029785,40900
2007-10-18,0.0,17.559999465942383,17.450000762939453,17.540000915527344,5.759981632232666,34800
2007-10-19,0.0,17.520000457763672,17.270000457763672,17.270000457763672,5.6713175773620605,49400
2007-10-22,0.0,17.329999923706055,17.139999389648438,17.299999237060547,5.681166648864746,72400
2007-10-23,0.0,17.450000762939453,17.31999969482422,17.420000076293945,5.72057580947876,37500
2007-10-24,0.0,17.530000686645508,17.329999923706055,17.530000686645508,5.756700038909912,92400
2007-10-25,0.0,17.610000610351562,17.469999313354492,17.610000610351562,5.7829694747924805,65960
2007-10-26,0.0,17.780000686645508,17.540000915527344,17.770000457763672,5.835512638092041,78300
2007-10-29,0.0,17.850000381469727,17.770000457763672,17.790000915527344,5.842078685760498,34200
2007-10-30,0.0,17.809999465942383,17.709999084472656,17.709999084472656,5.8158063888549805,73200
2007-10-31,0.0,17.979999542236328,17.75,17.8799991607666,5.871634483337402,63700
2007-11-01,0.0,17.819900512695312,17.649999618530273,17.649999618530273,5.7961039543151855,50400
2007-11-02,0.0,17.6200008392334,17.459999084472656,17.459999084472656,5.733709812164307,40000
2007-11-05,0.0,17.489999771118164,17.290000915527344,17.3700008392334,5.704154968261719,66800
2007-11-06,0.0,17.450000762939453,17.350000381469727,17.399999618530273,5.714005470275879,51400
2007-11-07,0.0,17.3700008392334,17.079999923706055,17.079999923706055,5.608922004699707,51200
2007-11-08,0.0,17.190000534057617,16.899999618530273,17.010000228881836,5.585934638977051,60500
2007-11-09,0.0,17.049999237060547,16.799999237060547,16.799999237060547,5.516972064971924,65400
2007-11-12,0.0,16.8799991607666,16.760000228881836,16.799999237060547,5.516972064971924,52800
2007-11-13,0.0,17.020000457763672,16.889999389648438,16.989999771118164,5.579366683959961,48200
2007-11-14,0.0,17.1299991607666,17.0,17.010000228881836,5.585934638977051,57400
2007-11-15,0.0,16.989999771118164,16.75,16.75,5.500554084777832,71000
2007-11-16,0.0,16.939899444580078,16.770000457763672,16.8700008392334,5.539958953857422,41800
2007-11-19,0.0,16.81999969482422,16.6299991607666,16.639999389648438,5.4644293785095215,55800
2007-11-20,0.0,16.770000457763672,16.5,16.610000610351562,5.454577445983887,71700
2007-11-21,0.0,16.639999389648438,16.389999389648438,16.459999084472656,5.4053192138671875,69900
2007-11-23,0.0,16.75,16.6200008392334,16.68000030517578,5.477564811706543,34500
2007-11-26,0.0,16.770000457763672,16.469999313354492,16.530000686645508,5.428307056427002,65700
2007-11-27,0.0,16.639999389648438,16.5,16.6200008392334,5.457862854003906,68500
2007-11-28,0.0,17.0,16.65999984741211,16.950000762939453,5.566232204437256,53600
2007-11-29,0.0,16.93000030517578,16.829999923706055,16.860000610351562,5.536674499511719,52600
2007-11-30,0.0,17.07309913635254,16.950000762939453,17.020000457763672,5.58922004699707,57100
2007-12-03,0.0,17.049999237060547,16.899999618530273,17.0,5.582650184631348,64500
2007-12-04,0.0,17.040000915527344,16.920000076293945,16.920000076293945,5.5563788414001465,57700
2007-12-05,0.0,17.149999618530273,16.979999542236328,17.110000610351562,5.618773937225342,57100
2007-12-06,0.0,17.3700008392334,17.049999237060547,17.329999923706055,5.691018581390381,52900
2007-12-07,0.0,17.40999984741211,17.299999237060547,17.350000381469727,5.697587490081787,65200
2007-12-10,0.0,17.520000457763672,17.31999969482422,17.489999771118164,5.7435622215271,109522
2007-12-11,0.0,17.540000915527344,17.200000762939453,17.200000762939453,5.648326396942139,82400
2007-12-12,0.0,17.079999923706055,16.860000610351562,17.010000228881836,5.720639228820801,237700
2007-12-13,0.0,17.0,16.729999542236328,16.81999969482422,5.656736850738525,82600
2007-12-14,0.0,16.8700008392334,16.549999237060547,16.549999237060547,5.565931797027588,74500
2007-12-17,0.0,16.600000381469727,16.450000762939453,16.450000762939453,5.532301902770996,80600
2007-12-18,0.0,16.540000915527344,16.280000686645508,16.399999618530273,5.515486717224121,91400
2007-12-19,0.0,16.47599983215332,16.270000457763672,16.309999465942383,5.485218048095703,105600
2007-12-20,0.0,16.5,16.329999923706055,16.459999084472656,5.535664081573486,86900
2007-12-21,0.0,16.670000076293945,16.469999313354492,16.56999969482422,5.572657585144043,108700
2007-12-24,0.0,17.209999084472656,16.649999618530273,17.170000076293945,5.774445056915283,170244
2007-12-26,0.0,17.329999923706055,17.059999465942383,17.25,5.8013505935668945,118400
2007-12-27,0.0,17.25,17.100000381469727,17.100000381469727,5.75090217590332,65000
2007-12-28,0.0,17.200000762939453,17.010000228881836,17.030000686645508,5.72736120223999,91998
2007-12-31,0.0,17.170000076293945,17.020099639892578,17.1299991607666,5.760991096496582,100138
2008-01-02,0.0,17.18000030517578,16.84000015258789,17.0,5.717270851135254,122900
2008-01-03,0.0,17.3799991607666,16.93000030517578,17.15999984741211,5.771080017089844,71400
2008-01-04,0.0,17.299999237060547,16.959999084472656,16.989999771118164,5.7139105796813965,55000
2008-01-07,0.0,16.983999252319336,16.700000762939453,16.760000228881836,5.636557579040527,68900
2008-01-08,0.0,16.90999984741211,16.75,16.81999969482422,5.656736850738525,86500
2008-01-09,0.0,16.899999618530273,16.709999084472656,16.899999618530273,5.683642864227295,66300
2008-01-10,0.0,17.059999465942383,16.790000915527344,17.049999237060547,5.73408842086792,41869
2008-01-11,0.0,17.200000762939453,16.920000076293945,17.010000228881836,5.720639228820801,87400
2008-01-14,0.0,17.110000610351562,16.950000762939453,17.040000915527344,5.730727195739746,43556
2008-01-15,0.0,17.020000457763672,16.799999237060547,16.850000381469727,5.666825771331787,51900
2008-01-16,0.0,16.899999618530273,16.700000762939453,16.790000915527344,5.6466474533081055,44800
2008-01-17,0.0,16.8700008392334,16.479999542236328,16.639999389648438,5.596199989318848,63000
2008-01-18,0.0,16.729999542236328,16.200000762939453,16.290000915527344,5.478491306304932,53000
2008-01-22,0.0,16.209999084472656,15.5,16.190000534057617,5.44486141204834,101441
2008-01-23,0.0,16.389999389648438,15.949999809265137,16.34000015258789,5.4953083992004395,145365
2008-01-24,0.0,16.809999465942383,16.450000762939453,16.809999465942383,5.6533732414245605,68000
2008-01-25,0.0,16.940000534057617,16.709999084472656,16.709999084472656,5.619741439819336,42800
2008-01-28,0.0,16.920000076293945,16.6200008392334,16.8700008392334,5.6735520362854,45400
2008-01-29,0.0,17.079999923706055,16.8799991607666,17.040000915527344,5.730727195739746,39725
2008-01-30,0.0,17.299999237060547,17.010000228881836,17.209999084472656,5.787895202636719,43200
2008-01-31,0.0,17.399999618530273,16.93000030517578,17.389999389648438,5.8484320640563965,35900
2008-02-01,0.0,17.489999771118164,17.31999969482422,17.489999771118164,5.882064342498779,43300
2008-02-04,0.0,17.459999084472656,17.3700008392334,17.3799991607666,5.845069408416748,27245
2008-02-05,0.0,17.280000686645508,17.06999969482422,17.06999969482422,5.7408127784729,36900
2008-02-06,0.0,17.087600708007812,16.950000762939453,16.989999771118164,5.7139105796813965,48100
2008-02-07,0.0,17.09000015258789,16.790000915527344,17.09000015258789,5.74753999710083,31300
2008-02-08,0.0,17.079999923706055,16.969999313354492,17.020000457763672,5.723999500274658,46318
2008-02-11,0.0,17.079999923706055,16.979999542236328,17.030000686645508,5.72736120223999,21054
2008-02-12,0.0,17.1299991607666,17.020000457763672,17.059999465942383,5.73745059967041,20600
2008-02-13,0.0,17.239999771118164,16.914199829101562,16.985000610351562,5.712227821350098,88400
2008-02-14,0.0,17.049999237060547,16.600000381469727,16.65999984741211,5.602927207946777,65600
2008-02-15,0.0,16.670000076293945,16.489999771118164,16.610000610351562,5.586112022399902,76000
2008-02-19,0.0,16.84000015258789,16.610000610351562,16.6200008392334,5.589474678039551,45271
2008-02-20,0.0,16.799999237060547,16.47719955444336,16.799999237060547,5.650010108947754,31300
2008-02-21,0.0,16.920000076293945,16.579999923706055,16.639999389648438,5.596199989318848,21300
2008-02-22,0.0,16.700000762939453,16.53660011291504,16.670000076293945,5.606288433074951,39300
2008-02-25,0.0,16.850000381469727,16.600000381469727,16.790000915527344,5.6466474533081055,77287
2008-02-26,0.0,17.010000228881836,16.700000762939453,16.950000762939453,5.700457572937012,35900
2008-02-27,0.0,17.020000457763672,16.809999465942383,16.969999313354492,5.707180500030518,24900
2008-02-28,0.0,16.884000778198242,16.790000915527344,16.81999969482422,5.656736850738525,22412
2008-02-29,0.0,16.739999771118164,16.5,16.549999237060547,5.565931797027588,44358
2008-03-03,0.0,16.510000228881836,16.270000457763672,16.389999389648438,5.512121677398682,41826
2008-03-04,0.0,16.360000610351562,16.1200008392334,16.360000610351562,5.5020341873168945,67800
2008-03-05,0.0,16.459999084472656,16.239999771118164,16.389999389648438,5.512121677398682,49530
2008-03-06,0.0,16.329999923706055,16.15999984741211,16.15999984741211,5.434772968292236,27000
2008-03-07,0.0,16.1200008392334,15.960000038146973,16.030000686645508,5.391051292419434,24200
2008-03-10,0.0,15.960000038146973,15.720000267028809,15.779999732971191,5.306973934173584,56800
2008-03-11,0.0,16.191999435424805,15.850000381469727,16.149999618530273,5.431408882141113,64700
2008-03-12,0.0,16.059999465942383,15.789999961853027,15.789999961853027,5.446932315826416,89194
2008-03-13,0.0,15.800000190734863,15.5,15.760000228881836,5.436582565307617,61700
2008-03-14,0.0,15.800000190734863,15.406599998474121,15.4399995803833,5.32619571685791,41427
2008-03-17,0.0,15.329999923706055,15.0,15.25,5.260654449462891,85585
2008-03-18,0.0,15.970000267028809,15.300000190734863,15.970000267028809,5.509024620056152,111000
2008-03-19,0.0,16.079999923706055,15.569999694824219,15.569999694824219,5.371041297912598,47200
2008-03-20,0.0,15.789999961853027,15.4399995803833,15.789999961853027,5.446932315826416,53800
2008-03-24,0.0,16.170000076293945,15.789999961853027,16.139999389648438,5.56766939163208,37100
2008-03-25,0.0,16.15999984741211,16.059999465942383,16.149999618530273,5.571118354797363,50293
2008-03-26,0.0,16.1200008392334,16.016000747680664,16.06999969482422,5.543520927429199,26200
2008-03-27,0.0,16.149999618530273,15.989999771118164,15.989999771118164,5.515924453735352,56900
2008-03-28,0.0,16.030000686645508,15.899999618530273,15.9399995803833,5.49867582321167,61800
2008-03-31,0.0,16.059999465942383,15.829999923706055,16.0,5.519374370574951,51500
2008-04-01,0.0,16.389999389648438,16.030000686645508,16.370100021362305,5.647043228149414,73500
2008-04-02,0.0,16.450000762939453,16.299999237060547,16.329999923706055,5.6332106590271,46000
2008-04-03,0.0,16.289899826049805,16.15999984741211,16.229999542236328,5.5987138748168945,41100
2008-04-04,0.0,16.329999923706055,16.209999084472656,16.25,5.60561466217041,38400
2008-04-07,0.0,16.40999984741211,16.260000228881836,16.360000610351562,5.643558502197266,43245
2008-04-08,0.0,16.290000915527344,16.239999771118164,16.25,5.60561466217041,24600
2008-04-09,0.0,16.239999771118164,16.110000610351562,16.1299991607666,5.564218044281006,25700
2008-04-10,0.0,16.18000030517578,16.079999923706055,16.1200008392334,5.5607709884643555,32809
2008-04-11,0.0,16.06999969482422,15.930000305175781,15.930000305175781,5.495225429534912,31100
2008-04-14,0.0,15.899999618530273,15.760000228881836,15.760000228881836,5.436582565307617,29915
2008-04-15,0.0,15.84000015258789,15.710000038146973,15.75,5.433132648468018,46151
2008-04-16,0.0,16.06999969482422,15.850000381469727,16.06999969482422,5.543520927429199,39200
2008-04-17,0.0,16.149999618530273,16.0,16.1299991607666,5.564218044281006,20500
2008-04-18,0.0,16.350000381469727,16.25,16.329999923706055,5.6332106590271,36316
2008-04-21,0.0,16.34000015258789,16.27239990234375,16.329999923706055,5.6332106590271,29043
2008-04-22,0.0,16.34000015258789,16.239999771118164,16.280000686645508,5.615964412689209,29200
2008-04-23,0.0,16.450000762939453,16.329999923706055,16.440000534057617,5.6711578369140625,48566
2008-04-24,0.0,16.549999237060547,16.3700008392334,16.520000457763672,5.69875431060791,52962
2008-04-25,0.0,16.59000015258789,16.459999084472656,16.559999465942383,5.712551593780518,29970
2008-04-28,0.0,16.610000610351562,16.510000228881836,16.530000686645508,5.702203273773193,23838
2008-04-29,0.0,16.530000686645508,16.460100173950195,16.479999542236328,5.684953689575195,26091
2008-04-30,0.0,16.59000015258789,16.489999771118164,16.489999771118164,5.6884050369262695,39560
2008-05-01,0.0,16.68000030517578,16.3700008392334,16.6200008392334,5.733250141143799,48171
2008-05-02,0.0,16.75,16.559999465942383,16.6299991607666,5.736697673797607,29074
2008-05-05,0.0,16.649999618530273,16.549999237060547,16.549999237060547,5.70910120010376,20870
2008-05-06,0.0,16.59000015258789,16.469999313354492,16.559999465942383,5.712551593780518,33148
2008-05-07,0.0,16.600000381469727,16.420000076293945,16.420000076293945,5.664254665374756,61513
2008-05-08,0.0,16.530000686645508,16.469999313354492,16.479999542236328,5.684953689575195,1900
2008-05-09,16.479999542236328,16.479999542236328,16.479999542236328,16.479999542236328,5.684953689575195,0
2008-05-12,0.0,16.670000076293945,16.479999542236328,16.6200008392334,5.733250141143799,40302
2008-05-13,0.0,16.639999389648438,16.520000457763672,16.6200008392334,5.733250141143799,34050
2008-05-14,0.0,16.719999313354492,16.600000381469727,16.600000381469727,5.726350784301758,31288
2008-05-15,0.0,16.770000457763672,16.610000610351562,16.770000457763672,5.784993648529053,34285
2008-05-16,0.0,16.770000457763672,16.670000076293945,16.760000228881836,5.781545162200928,30604
2008-05-19,0.0,16.90999984741211,16.739999771118164,16.739999771118164,5.774644374847412,55604
2008-05-20,0.0,16.719999313354492,16.56999969482422,16.56999969482422,5.716002464294434,32472
2008-05-21,16.43000030517578,16.43000030517578,16.43000030517578,16.43000030517578,5.667708396911621,0
2008-05-22,0.0,16.56999969482422,16.40999984741211,16.56999969482422,5.716002464294434,46803
2008-05-23,0.0,16.5,16.40999984741211,16.450000762939453,5.674606800079346,35298
2008-05-27,0.0,16.639999389648438,16.440000534057617,16.579999923706055,5.719450950622559,51176
2008-05-28,0.0,16.639999389648438,16.559999465942383,16.6200008392334,5.733250141143799,23083
2008-05-29,0.0,16.799999237060547,16.579999923706055,16.760000228881836,5.781545162200928,24929
2008-05-30,0.0,16.780000686645508,16.690000534057617,16.75,5.778095722198486,40706
2008-06-02,0.0,16.709999084472656,16.540000915527344,16.639999389648438,5.740149021148682,36652
2008-06-03,0.0,16.700000762939453,16.58009910583496,16.600000381469727,5.726350784301758,34897
2008-06-04,0.0,16.729999542236328,16.559999465942383,16.65999984741211,5.747048377990723,34353
2008-06-05,0.0,16.8799991607666,16.670000076293945,16.8799991607666,5.822938442230225,42324
2008-06-06,0.0,16.790000915527344,16.56999969482422,16.56999969482422,5.716002464294434,84068
2008-06-09,0.0,16.68000030517578,16.530000686645508,16.600000381469727,5.726350784301758,29403
2008-06-10,0.0,16.579999923706055,16.450000762939453,16.530000686645508,5.702203273773193,26076
2008-06-11,0.0,16.149999618530273,16.040000915527344,16.040000915527344,5.672144412994385,41934
2008-06-12,0.0,16.170000076293945,16.020000457763672,16.020000457763672,5.665073394775391,53449
2008-06-13,0.0,16.110000610351562,15.970000267028809,16.030000686645508,5.668608665466309,70169
2008-06-16,0.0,16.06599998474121,16.0,16.0,5.657999515533447,94293
2008-06-17,0.0,16.09000015258789,16.0,16.010000228881836,5.661535263061523,36766
2008-06-18,0.0,15.945599555969238,15.850000381469727,15.859999656677246,5.608492374420166,27235
2008-06-19,0.0,15.899999618530273,15.8100004196167,15.84000015258789,5.6014204025268555,54147
2008-06-20,0.0,15.779999732971191,15.654399871826172,15.699999809265137,5.551913738250732,29823
2008-06-23,0.0,15.75,15.640000343322754,15.65999984741211,5.537766456604004,37500
2008-06-24,0.0,15.6899995803833,15.550000190734863,15.609999656677246,5.520082950592041,39827
2008-06-25,0.0,15.760000228881836,15.5600004196167,15.649999618530273,5.534230709075928,26547
2008-06-26,0.0,15.569999694824219,15.479999542236328,15.479999542236328,5.474112033843994,51455
2008-06-27,0.0,15.420000076293945,15.350000381469727,15.390000343322754,5.442287445068359,34083
2008-06-30,0.0,15.479999542236328,15.300000190734863,15.369999885559082,5.435214996337891,77961
2008-07-01,0.0,15.390000343322754,15.210000038146973,15.319999694824219,5.417534828186035,68860
2008-07-02,0.0,15.40999984741211,15.100000381469727,15.119999885559082,5.346808433532715,32211
2008-07-03,0.0,15.09000015258789,14.90999984741211,15.020000457763672,5.311447620391846,41282
2008-07-07,0.0,15.09000015258789,14.720000267028809,14.869999885559082,5.2584052085876465,82196
2008-07-08,0.0,14.989999771118164,14.75,14.979999542236328,5.297301769256592,30872
2008-07-09,0.0,15.09000015258789,14.789999961853027,14.789999961853027,5.230112552642822,27696
2008-07-10,0.0,14.789999961853027,14.619999885559082,14.670000076293945,5.187678813934326,52225
2008-07-11,0.0,14.6899995803833,14.460000038146973,14.5,5.127561092376709,39895
2008-07-14,0.0,14.616000175476074,14.329999923706055,14.369999885559082,5.081591606140137,59519
2008-07-15,0.0,14.170000076293945,13.84000015258789,14.010000228881836,4.954285144805908,109638
2008-07-16,0.0,14.289999961853027,13.960000038146973,14.270000457763672,5.046228408813477,52817
2008-07-17,0.0,14.6899995803833,14.399999618530273,14.640000343322754,5.177069664001465,43064
2008-07-18,0.0,14.793600082397461,14.649999618530273,14.789999961853027,5.230112552642822,28522
2008-07-21,0.0,14.899999618530273,14.789999961853027,14.829999923706055,5.244259834289551,25538
2008-07-22,0.0,14.979999542236328,14.609999656677246,14.979999542236328,5.297301769256592,44190
2008-07-23,0.0,15.210000038146973,14.989999771118164,15.199999809265137,5.375098705291748,60326
2008-07-24,0.0,15.25,14.979999542236328,15.0,5.3043742179870605,32352
2008-07-25,0.0,15.02400016784668,14.90999984741211,14.989999771118164,5.300838947296143,29118
2008-07-28,0.0,15.0,14.800000190734863,14.800000190734863,5.233649253845215,27607
2008-07-29,0.0,14.979999542236328,14.710000038146973,14.979999542236328,5.297301769256592,24105
2008-07-30,0.0,15.180000305175781,14.970000267028809,15.149999618530273,5.357418060302734,42153
2008-07-31,0.0,15.189900398254395,15.020000457763672,15.029999732971191,5.314983367919922,19454
2008-08-01,0.0,15.050000190734863,14.930000305175781,15.039999961853027,5.318519592285156,20570
2008-08-04,0.0,15.029999732971191,14.970000267028809,14.970000267028809,5.293767929077148,19638
2008-08-05,0.0,15.15999984741211,14.949999809265137,15.15999984741211,5.360952854156494,35371
2008-08-06,0.0,15.260000228881836,15.109999656677246,15.239999771118164,5.389245510101318,19847
2008-08-07,0.0,15.192500114440918,15.020000457763672,15.020000457763672,5.311447620391846,34872
2008-08-08,0.0,15.300100326538086,14.960000038146973,15.270000457763672,5.399853706359863,29726
2008-08-11,0.0,15.37399959564209,15.180000305175781,15.300000190734863,5.41046142578125,43662
2008-08-12,0.0,15.300000190734863,15.170000076293945,15.170000076293945,5.364490509033203,38913
2008-08-13,0.0,15.25,15.069999694824219,15.140000343322754,5.353881359100342,30619
2008-08-14,0.0,15.289999961853027,15.029999732971191,15.210000038146973,5.378635883331299,18887
2008-08-15,0.0,15.295000076293945,15.1899995803833,15.239999771118164,5.389245510101318,34847
2008-08-18,0.0,15.25,15.109999656677246,15.109999656677246,5.343273162841797,17878
2008-08-19,0.0,15.09000015258789,15.010000228881836,15.029999732971191,5.314983367919922,39388
2008-08-20,0.0,15.109999656677246,15.0,15.020000457763672,5.311447620391846,47705
2008-08-21,0.0,15.039999961853027,14.90999984741211,15.029999732971191,5.314983367919922,37570
2008-08-22,0.0,15.170000076293945,15.010000228881836,15.170000076293945,5.364490509033203,35963
2008-08-25,0.0,15.09000015258789,14.970000267028809,14.984999656677246,5.299071311950684,23560
2008-08-26,0.0,15.069999694824219,14.960000038146973,14.970000267028809,5.293767929077148,39796
2008-08-27,0.0,15.039999961853027,14.949999809265137,14.960000038146973,5.2902302742004395,88045
2008-08-28,0.0,15.15999984741211,15.0,15.149999618530273,5.357418060302734,42396
2008-08-29,0.0,15.170000076293945,15.039999961853027,15.119999885559082,5.346808433532715,35711
2008-09-02,0.0,15.239999771118164,15.180000305175781,15.199999809265137,5.375098705291748,99065
2008-09-03,0.0,15.149999618530273,15.0600004196167,15.069999694824219,5.329128265380859,38122
2008-09-04,0.0,15.020000457763672,14.859999656677246,14.930000305175781,5.2796196937561035,109191
2008-09-05,0.0,14.90999984741211,14.75,14.90999984741211,5.272547245025635,38108
2008-09-08,0.0,15.260000228881836,15.005000114440918,15.1899995803833,5.371562480926514,93075
2008-09-09,0.0,15.149999618530273,14.819999694824219,14.819999694824219,5.240720272064209,50817
2008-09-10,0.0,14.850000381469727,14.710000038146973,14.850000381469727,5.251330852508545,71031
2008-09-11,0.0,14.569999694824219,14.253600120544434,14.569999694824219,5.289449214935303,69694
2008-09-12,0.0,14.550000190734863,14.359999656677246,14.40999984741211,5.231362819671631,58502
2008-09-15,0.0,14.119999885559082,13.920000076293945,13.930000305175781,5.057106018066406,69051
2008-09-16,0.0,13.670000076293945,13.210000038146973,13.670000076293945,4.962716579437256,182196
2008-09-17,0.0,13.399999618530273,12.859999656677246,12.90999984741211,4.686809539794922,213941
2008-09-18,0.0,13.0600004196167,12.350000381469727,13.0600004196167,4.741263389587402,149980
2008-09-19,0.0,13.859999656677246,13.619999885559082,13.829999923706055,5.0208024978637695,66898
2008-09-22,0.0,13.852999687194824,13.489999771118164,13.489999771118164,4.897368431091309,83343
2008-09-23,0.0,13.539999961853027,13.1899995803833,13.25,4.81024169921875,76316
2008-09-24,0.0,13.300000190734863,13.199999809265137,13.199999809265137,4.792089939117432,57602
2008-09-25,0.0,13.449999809265137,13.199999809265137,13.380000114440918,4.857435703277588,75054
2008-09-26,0.0,13.4399995803833,13.0600004196167,13.4399995803833,4.879217624664307,111936
2008-09-29,0.0,13.220000267028809,12.609999656677246,12.640000343322754,4.588788986206055,97846
2008-09-30,0.0,13.100000381469727,12.609999656677246,13.069999694824219,4.744894504547119,74237
2008-10-01,0.0,13.529999732971191,12.960000038146973,13.520000457763672,4.908261775970459,44007
2008-10-02,0.0,13.34000015258789,13.050000190734863,13.140000343322754,4.770306587219238,93047
2008-10-03,0.0,13.34000015258789,12.760000228881836,12.760000228881836,4.632352828979492,54691
2008-10-06,0.0,12.510000228881836,11.390000343322754,11.850000381469727,4.301989555358887,131107
2008-10-07,0.0,12.100000381469727,11.100000381469727,11.201600074768066,4.066596508026123,76649
2008-10-08,0.0,11.199999809265137,10.149999618530273,10.649999618530273,3.866344928741455,177423
2008-10-09,0.0,10.680000305175781,9.779999732971191,9.930000305175781,3.6049582958221436,109402
2008-10-10,0.0,9.890000343322754,8.649999618530273,9.0,3.2673325538635254,169977
2008-10-13,0.0,10.779999732971191,9.710100173950195,10.699999809265137,3.884495496749878,170283
2008-10-14,0.0,11.430000305175781,10.739999771118164,11.050000190734863,4.01155948638916,128206
2008-10-15,0.0,10.880000114440918,10.140000343322754,10.180000305175781,3.6957173347473145,108809
2008-10-16,0.0,10.710000038146973,9.899999618530273,10.642999649047852,3.8638033866882324,108295
2008-10-17,0.0,11.25,10.449999809265137,11.140000343322754,4.0442328453063965,109995
2008-10-20,0.0,11.710000038146973,11.270000457763672,11.579999923706055,4.2039690017700195,137767
2008-10-21,0.0,11.65999984741211,11.34000015258789,11.399999618530273,4.138622283935547,158033
2008-10-22,0.0,11.300000190734863,10.670000076293945,10.800000190734863,3.920799493789673,103645
2008-10-23,0.0,10.979999542236328,10.5,10.800000190734863,3.920799493789673,92536
2008-10-24,0.0,10.670000076293945,10.15999984741211,10.51990032196045,3.8191142082214355,104512
2008-10-27,0.0,10.84000015258789,10.25,10.40999984741211,3.7792153358459473,106996
2008-10-28,0.0,11.239999771118164,10.494500160217285,11.239999771118164,4.080536365509033,109942
2008-10-29,0.0,11.600000381469727,11.13700008392334,11.270000457763672,4.091426372528076,104141
2008-10-30,0.0,11.64900016784668,11.300000190734863,11.550000190734863,4.19307804107666,83623
2008-10-31,0.0,11.90999984741211,11.390000343322754,11.84000015258789,4.298359394073486,53744
2008-11-03,0.0,11.880000114440918,11.739999771118164,11.789999961853027,4.280206680297852,55058
2008-11-04,0.0,12.220000267028809,11.8100004196167,12.1899995803833,4.425420761108398,64921
2008-11-05,0.0,12.1899995803833,11.710000038146973,11.890000343322754,4.316509246826172,61835
2008-11-06,0.0,11.8100004196167,11.239999771118164,11.260100364685059,4.087833404541016,69094
2008-11-07,0.0,11.6451997756958,11.25,11.5,4.174926280975342,44858
2008-11-10,0.0,11.739899635314941,11.3100004196167,11.34000015258789,4.116840839385986,43515
2008-11-11,0.0,11.34000015258789,11.09000015258789,11.1899995803833,4.062384128570557,59840
2008-11-12,0.0,11.170000076293945,10.75,10.800000190734863,3.920799493789673,46362
2008-11-13,0.0,11.100000381469727,10.354000091552734,11.100000381469727,4.0297112464904785,93108
2008-11-14,0.0,11.09000015258789,10.710000038146973,10.989999771118164,3.9897778034210205,60424
2008-11-17,0.0,10.800000190734863,10.449999809265137,10.5,3.8118886947631836,40917
2008-11-18,0.0,10.470000267028809,10.079999923706055,10.279999732971191,3.732020378112793,101951
2008-11-19,0.0,10.199999809265137,9.609999656677246,9.699999809265137,3.521458864212036,102548
2008-11-20,0.0,9.470000267028809,8.960000038146973,9.020000457763672,3.274592638015747,125786
2008-11-21,0.0,9.5,8.760000228881836,9.25,3.358093500137329,119549
2008-11-24,0.0,9.800000190734863,9.479999542236328,9.739999771118164,3.5359814167022705,62226
2008-11-25,0.0,9.920000076293945,9.520000457763672,9.779999732971191,3.5505027770996094,75628
2008-11-26,0.0,9.970000267028809,9.430000305175781,9.970000267028809,3.6194794178009033,119920
2008-11-28,0.0,10.069999694824219,9.680000305175781,10.039999961853027,3.644893169403076,84625
2008-12-01,0.0,9.789999961853027,9.399999618530273,9.5,3.4488518238067627,77758
2008-12-02,0.0,9.64680004119873,9.329999923706055,9.619999885559082,3.4924166202545166,87160
2008-12-03,0.0,9.819999694824219,9.25,9.8100004196167,3.5613934993743896,108923
2008-12-04,0.0,9.850000381469727,9.460000038146973,9.579999923706055,3.4778943061828613,105831
2008-12-05,0.0,9.920000076293945,9.25,9.869999885559082,3.5831754207611084,77188
2008-12-08,0.0,10.399999618530273,9.970000267028809,10.276000022888184,3.7305686473846436,92318
2008-12-09,0.0,10.279999732971191,9.90999984741211,10.039999961853027,3.644893169403076,87116
2008-12-10,0.0,10.229999542236328,9.930000305175781,10.220000267028809,3.7102389335632324,92621
2008-12-11,0.0,10.010000228881836,9.699999809265137,9.75,3.6433496475219727,69541
2008-12-12,0.0,9.850000381469727,9.470000267028809,9.850000381469727,3.680718421936035,65052
2008-12-15,0.0,9.8100004196167,9.600000381469727,9.619999885559082,3.5947721004486084,53062
2008-12-16,0.0,10.199999809265137,9.630000114440918,10.0600004196167,3.7591912746429443,68020
2008-12-17,0.0,10.069999694824219,9.850000381469727,10.010000228881836,3.7405059337615967,91707
2008-12-18,0.0,10.109999656677246,9.949999809265137,10.020000457763672,3.7442429065704346,142498
2008-12-19,0.0,10.210000038146973,9.979999542236328,10.0600004196167,3.7591912746429443,58575
2008-12-22,0.0,10.149999618530273,9.880000114440918,10.0,3.7367706298828125,87743
2008-12-23,0.0,10.119999885559082,9.84000015258789,9.90999984741211,3.7031402587890625,53510
2008-12-24,0.0,10.140000343322754,10.0,10.0600004196167,3.7591912746429443,49367
2008-12-26,0.0,10.350000381469727,10.100000381469727,10.300000190734863,3.848871946334839,77662
2008-12-29,0.0,10.319999694824219,10.149999618530273,10.180000305175781,3.8040311336517334,51086
2008-12-30,0.0,10.430000305175781,10.210000038146973,10.430000305175781,3.897451162338257,67973
2008-12-31,0.0,10.770000457763672,10.430000305175781,10.770000457763672,4.024500370025635,123453
2009-01-02,10.760000228881836,11.25,10.760000228881836,11.25,4.203865051269531,89485
2009-01-05,10.920000076293945,11.34000015258789,10.920000076293945,11.279999732971191,4.215076446533203,149143
2009-01-06,11.3100004196167,11.6899995803833,11.210000038146973,11.399999618530273,4.259917736053467,115393
2009-01-07,11.210000038146973,11.210000038146973,10.899999618530273,11.109999656677246,4.151550769805908,120474
2009-01-08,10.859999656677246,11.140000343322754,10.8100004196167,11.140000343322754,4.162761688232422,83549
2009-01-09,10.920000076293945,11.010000228881836,10.869999885559082,10.869999885559082,4.061869144439697,53797
2009-01-12,10.770000457763672,10.8100004196167,10.649999618530273,10.670000076293945,3.987133741378784,45410
2009-01-13,11.180000305175781,11.180000305175781,10.550000190734863,10.720000267028809,4.00581693649292,69647
2009-01-14,11.180000305175781,11.180000305175781,10.270000457763672,10.380000114440918,3.878767251968384,76965
2009-01-15,10.3100004196167,10.449899673461914,10.09000015258789,10.359999656677246,3.871293544769287,54503
2009-01-16,10.460000038146973,10.600000381469727,10.319999694824219,10.600000381469727,3.9609758853912354,53892
2009-01-20,10.5,10.569999694824219,10.130000114440918,10.210000038146973,3.815242290496826,70106
2009-01-21,10.260000228881836,10.59000015258789,10.109999656677246,10.59000015258789,3.9572386741638184,45845
2009-01-22,10.350000381469727,10.649999618530273,10.300000190734863,10.59000015258789,3.9572386741638184,111935
2009-01-23,10.40999984741211,10.64900016784668,10.319999694824219,10.5,3.92360782623291,41808
2009-01-26,10.609999656677246,10.744999885559082,10.529999732971191,10.539999961853027,3.9385533332824707,42697
2009-01-27,10.649999618530273,10.789999961853027,10.609999656677246,10.789999961853027,4.031973838806152,27140
2009-01-28,10.850000381469727,11.0600004196167,10.829999923706055,10.949999809265137,4.091762542724609,70296
2009-01-29,10.869999885559082,11.130000114440918,10.770000457763672,10.789999961853027,4.031973838806152,82290
2009-01-30,10.729999542236328,10.795999526977539,10.4399995803833,10.489999771118164,3.9198710918426514,87984
2009-02-02,10.329999923706055,10.428199768066406,10.170000076293945,10.420000076293945,3.893714427947998,70986
2009-02-03,10.550000190734863,11.380000114440918,10.329999923706055,10.829999923706055,4.046922206878662,141291
2009-02-04,10.640000343322754,10.829999923706055,10.619999885559082,10.649999618530273,3.97965931892395,65067
2009-02-05,10.479999542236328,10.779999732971191,10.4399995803833,10.670000076293945,3.987133741378784,56402
2009-02-06,10.619999885559082,10.949999809265137,10.619999885559082,10.920000076293945,4.08055305480957,82860
2009-02-09,10.819999694824219,11.029999732971191,10.791000366210938,10.970000267028809,4.099236965179443,92964
2009-02-10,10.84000015258789,10.9399995803833,10.520000457763672,10.59000015258789,3.9572386741638184,80659
2009-02-11,10.579999923706055,10.989999771118164,10.539999961853027,10.609999656677246,3.9647130966186523,105609
2009-02-12,10.470000267028809,10.6899995803833,10.460000038146973,10.65999984741211,3.9833970069885254,55771
2009-02-13,10.609999656677246,10.738200187683105,10.550000190734863,10.550000190734863,3.9422919750213623,46499
2009-02-17,10.350000381469727,10.350000381469727,10.0,10.010000228881836,3.7405059337615967,165706
2009-02-18,10.0,10.050000190734863,9.84000015258789,9.9399995803833,3.714348316192627,83277
2009-02-19,9.970000267028809,10.020000457763672,9.770000457763672,9.770000457763672,3.650825262069702,60142
2009-02-20,9.640000343322754,9.640000343322754,9.34000015258789,9.479999542236328,3.542457342147827,103922
2009-02-23,9.5600004196167,9.5600004196167,9.029999732971191,9.029999732971191,3.374302625656128,106319
2009-02-24,9.039999961853027,9.550000190734863,9.010000228881836,9.470000267028809,3.5387215614318848,129194
2009-02-25,9.399999618530273,9.720000267028809,9.220800399780273,9.529999732971191,3.561140775680542,72328
2009-02-26,9.579999923706055,9.670000076293945,9.369999885559082,9.369999885559082,3.501351833343506,37821
2009-02-27,9.199999809265137,9.300000190734863,9.069999694824219,9.229999542236328,3.44903826713562,109638
2009-03-02,8.90999984741211,9.010000228881836,8.5,8.670000076293945,3.239778995513916,221846
2009-03-03,8.59000015258789,8.649999618530273,8.380000114440918,8.40999984741211,3.1426239013671875,166775
2009-03-04,8.59000015258789,8.84000015258789,8.400099754333496,8.720000267028809,3.258463144302368,70167
2009-03-05,8.550000190734863,8.550000190734863,8.199999809265137,8.239999771118164,3.0790975093841553,172461
2009-03-06,8.25,8.399999618530273,8.050000190734863,8.199999809265137,3.064150810241699,108096
2009-03-09,8.039999961853027,8.279999732971191,8.0,8.011899948120117,2.9938619136810303,182549
2009-03-10,8.069999694824219,8.65999984741211,8.069999694824219,8.65999984741211,3.2360434532165527,137717
2009-03-11,8.420000076293945,8.579999923706055,8.380000114440918,8.5600004196167,3.305551528930664,139130
2009-03-12,8.5,8.989999771118164,8.5,8.9399995803833,3.452293872833252,79810
2009-03-13,9.039999961853027,9.139699935913086,8.850000381469727,9.100000381469727,3.5140793323516846,74223
2009-03-16,9.170000076293945,9.3100004196167,8.949999809265137,8.969900131225586,3.463839530944824,107457
2009-03-17,8.970000267028809,9.25,8.970000267028809,9.25,3.5720043182373047,77461
2009-03-18,9.140000343322754,9.579999923706055,9.133999824523926,9.529999732971191,3.680128574371338,83844
2009-03-19,9.630000114440918,9.649999618530273,9.390000343322754,9.390000343322754,3.626066207885742,39313
2009-03-20,9.430000305175781,9.489999771118164,9.149999618530273,9.229999542236328,3.5642807483673096,56816
2009-03-23,9.380000114440918,9.84000015258789,9.380000114440918,9.84000015258789,3.799839496612549,67528
2009-03-24,9.739999771118164,9.779999732971191,9.619999885559082,9.619999885559082,3.714883327484131,54201
2009-03-25,9.739999771118164,9.899999618530273,9.529999732971191,9.710000038146973,3.749638557434082,55517
2009-03-26,9.84000015258789,10.109999656677246,9.770000457763672,10.069999694824219,3.8886561393737793,367784
2009-03-27,9.84000015258789,9.979999542236328,9.781000137329102,9.890000343322754,3.819148302078247,76678
2009-03-30,9.359999656677246,9.430000305175781,9.109999656677246,9.279999732971191,3.583589553833008,96569
2009-03-31,9.319999694824219,9.720000267028809,9.319999694824219,9.600000381469727,3.707160711288452,105247
2009-04-01,9.270000457763672,9.800000190734863,9.270000457763672,9.75,3.7650840282440186,81165
2009-04-02,9.819999694824219,10.140000343322754,9.819999694824219,10.029999732971191,3.873208999633789,141115
2009-04-03,9.819999694824219,10.09000015258789,9.680000305175781,10.09000015258789,3.8963818550109863,161914
2009-04-06,9.84000015258789,9.9399995803833,9.720000267028809,9.90999984741211,3.8268723487854004,123706
2009-04-07,9.649999618530273,9.819999694824219,9.600000381469727,9.770000457763672,3.7728095054626465,123139
2009-04-08,9.739999771118164,9.90999984741211,9.739999771118164,9.90999984741211,3.8268723487854004,109884
2009-04-09,10.09000015258789,10.220000267028809,10.039999961853027,10.1697998046875,3.927196502685547,126241
2009-04-13,9.970000267028809,10.180000305175781,9.899999618530273,10.109999656677246,3.9041025638580322,75928
2009-04-14,10.119999885559082,10.147299766540527,9.949999809265137,10.130000114440918,3.9118266105651855,85086
2009-04-15,10.1899995803833,10.380000114440918,10.079999923706055,10.359999656677246,4.000644683837891,332752
2009-04-16,10.4399995803833,10.520000457763672,10.260000228881836,10.520000457763672,4.0624308586120605,235809
2009-04-17,10.4399995803833,10.619999885559082,10.380000114440918,10.539999961853027,4.070152282714844,152002
2009-04-20,10.489999771118164,10.489999771118164,10.15999984741211,10.15999984741211,3.9234118461608887,98676
2009-04-21,10.199999809265137,10.5600004196167,10.170000076293945,10.510000228881836,4.05856990814209,160691
2009-04-22,10.390000343322754,10.720000267028809,10.34000015258789,10.470000267028809,4.0431227684021,129813
2009-04-23,10.520000457763672,10.649999618530273,10.449999809265137,10.609999656677246,4.097185134887695,102115
2009-04-24,10.65999984741211,10.680000305175781,10.5,10.579999923706055,4.085599899291992,129250
2009-04-27,10.4399995803833,10.600000381469727,10.399999618530273,10.479999542236328,4.046984672546387,56695
2009-04-28,10.460000038146973,10.65999984741211,10.449999809265137,10.510000228881836,4.05856990814209,102830
2009-04-29,10.670000076293945,10.84000015258789,10.658599853515625,10.729999542236328,4.143524169921875,113865
2009-04-30,10.859999656677246,10.899999618530273,10.75,10.850000381469727,4.189866065979004,129935
2009-05-01,10.850000381469727,10.930000305175781,10.65999984741211,10.90999984741211,4.213033199310303,134425
2009-05-04,10.869999885559082,11.199999809265137,10.800000190734863,10.899999618530273,4.209172248840332,216190
2009-05-05,10.800000190734863,10.890000343322754,10.710000038146973,10.800000190734863,4.170555591583252,76779
2009-05-06,10.800000190734863,10.960000038146973,10.729999542236328,10.960000038146973,4.232341289520264,127328
2009-05-07,10.970000267028809,11.020999908447266,10.699999809265137,10.800000190734863,4.170555591583252,50751
2009-05-08,10.859999656677246,11.050000190734863,10.680000305175781,10.979999542236328,4.240065097808838,139110
2009-05-11,10.789999961853027,10.819999694824219,10.649999618530273,10.760000228881836,4.155109405517578,81419
2009-05-12,10.75,10.831000328063965,10.699999809265137,10.779999732971191,4.162832736968994,62325
2009-05-13,10.619999885559082,10.649999618530273,10.430000305175781,10.489999771118164,4.050844669342041,86636
2009-05-14,10.510000228881836,10.720000267028809,10.510000228881836,10.710000038146973,4.135799884796143,72563
2009-05-15,10.699999809265137,10.869999885559082,10.609999656677246,10.630000114440918,4.104907035827637,53243
2009-05-18,10.75,10.899999618530273,10.65999984741211,10.829999923706055,4.1821417808532715,53532
2009-05-19,10.829999923706055,10.890000343322754,10.826000213623047,10.880000114440918,4.201448440551758,78579
2009-05-20,10.880000114440918,11.0,10.850000381469727,10.890000343322754,4.205311298370361,79767
2009-05-21,10.859999656677246,10.859999656677246,10.693599700927734,10.850000381469727,4.189866065979004,88011
2009-05-22,10.850000381469727,10.979999542236328,10.84000015258789,10.930000305175781,4.220757484436035,76853
2009-05-26,10.859999656677246,11.0,10.836299896240234,10.920000076293945,4.216896057128906,93705
2009-05-27,10.880000114440918,11.0,10.850000381469727,10.930000305175781,4.220757484436035,105002
2009-05-28,10.949999809265137,11.029999732971191,10.890000343322754,10.920000076293945,4.216896057128906,153996
2009-05-29,10.880000114440918,11.050000190734863,10.859999656677246,11.050000190734863,4.267096519470215,198818
2009-06-01,11.050000190734863,11.359999656677246,11.050000190734863,11.319999694824219,4.371359825134277,112662
2009-06-02,11.199999809265137,11.380000114440918,11.199999809265137,11.359999656677246,4.386806488037109,90779
2009-06-03,11.220000267028809,11.3100004196167,11.15999984741211,11.3100004196167,4.367499351501465,89150
2009-06-04,11.25,11.460000038146973,11.25,11.449999809265137,4.4215617179870605,86994
2009-06-05,11.479999542236328,11.59000015258789,11.414799690246582,11.449999809265137,4.4215617179870605,128295
2009-06-08,11.359999656677246,11.420000076293945,11.289999961853027,11.420000076293945,4.409976959228516,124001
2009-06-09,11.4399995803833,11.5,11.390000343322754,11.4399995803833,4.417699813842773,69311
2009-06-10,11.520000457763672,11.579999923706055,11.390800476074219,11.520099639892578,4.448630332946777,120890
2009-06-11,11.380000114440918,11.449999809265137,11.300000190734863,11.369999885559082,4.500044345855713,79045
2009-06-12,11.350000381469727,11.359999656677246,11.289999961853027,11.350000381469727,4.492129802703857,62691
2009-06-15,11.260000228881836,11.270099639892578,11.100000381469727,11.210000038146973,4.436718940734863,90745
2009-06-16,11.260000228881836,11.319999694824219,11.180000305175781,11.289999961853027,4.468380928039551,83611
2009-06-17,11.229999542236328,11.300000190734863,11.180000305175781,11.289999961853027,4.468380928039551,111324
2009-06-18,11.3100004196167,11.420100212097168,11.25,11.399999618530273,4.5119171142578125,70754
2009-06-19,11.430000305175781,11.5,11.420000076293945,11.5,4.551494598388672,106748
2009-06-22,11.4399995803833,11.4399995803833,11.109999656677246,11.1899995803833,4.428802967071533,74263
2009-06-23,11.850000381469727,11.850000381469727,11.039999961853027,11.09000015258789,4.389225006103516,90139
2009-06-24,11.100000381469727,11.220000267028809,11.100000381469727,11.210000038146973,4.436718940734863,117183
2009-06-25,11.079999923706055,11.329999923706055,11.079999923706055,11.319999694824219,4.48025369644165,119399
2009-06-26,11.210000038146973,11.350000381469727,11.210000038146973,11.279999732971191,4.464422225952148,75523
2009-06-29,11.25,11.404999732971191,11.25,11.399999618530273,4.5119171142578125,100906
2009-06-30,11.319999694824219,11.449999809265137,11.239999771118164,11.449999809265137,4.531705379486084,121766
2009-07-01,11.420000076293945,11.630000114440918,11.399999618530273,11.520000457763672,4.55941104888916,148884
2009-07-02,11.390000343322754,11.420000076293945,11.319999694824219,11.319999694824219,4.48025369644165,72456
2009-07-06,11.130000114440918,11.270000457763672,11.100000381469727,11.199999809265137,4.432759761810303,44501
2009-07-07,11.180000305175781,11.239999771118164,11.100000381469727,11.10099983215332,4.39357852935791,61265
2009-07-08,11.039999961853027,11.120100021362305,10.979999542236328,11.039999961853027,4.369434833526611,78353
2009-07-09,11.210000038146973,11.210000038146973,11.119999885559082,11.170000076293945,4.4208879470825195,90462
2009-07-10,11.140000343322754,11.170000076293945,11.119999885559082,11.149999618530273,4.412971019744873,47700
2009-07-13,11.199999809265137,11.289999961853027,11.08650016784668,11.270000457763672,4.460464954376221,49808
2009-07-14,11.220000267028809,11.4399995803833,11.220000267028809,11.40999984741211,4.515873432159424,55170
2009-07-15,11.5,11.789999961853027,11.489999771118164,11.760000228881836,4.6543989181518555,90752
2009-07-16,11.739999771118164,11.859999656677246,11.65999984741211,11.859999656677246,4.693976879119873,82556
2009-07-17,11.90999984741211,11.9399995803833,11.789999961853027,11.930000305175781,4.721681594848633,93264
2009-07-20,11.899999618530273,11.90999984741211,11.829999923706055,11.90999984741211,4.713766574859619,60302
2009-07-21,11.920000076293945,11.960000038146973,11.84000015258789,11.9399995803833,4.725639820098877,69546
2009-07-22,11.9399995803833,11.949999809265137,11.844200134277344,11.949999809265137,4.729597568511963,71709
2009-07-23,12.15999984741211,12.180000305175781,12.0600004196167,12.09000015258789,4.785007476806641,133593
2009-07-24,12.100000381469727,12.149999618530273,12.010000228881836,12.029999732971191,4.761258602142334,79373
2009-07-27,11.960000038146973,12.079999923706055,11.949999809265137,12.050000190734863,4.769176006317139,77432
2009-07-28,12.0,12.020000457763672,11.8100004196167,12.020000457763672,4.757302284240723,98762
2009-07-29,11.960000038146973,12.09000015258789,11.960000038146973,11.970000267028809,4.737513065338135,86952
2009-07-30,12.100000381469727,12.210000038146973,12.09000015258789,12.119999885559082,4.796878337860107,111910
2009-07-31,12.15999984741211,12.239999771118164,12.104999542236328,12.180100440979004,4.820667743682861,79047
2009-08-03,12.279999732971191,12.460000038146973,12.259200096130371,12.449999809265137,4.927489757537842,108843
2009-08-04,12.40999984741211,12.460000038146973,12.350000381469727,12.420000076293945,4.915614128112793,60259
2009-08-05,12.510000228881836,12.510000228881836,12.239999771118164,12.359999656677246,4.891869068145752,92284
2009-08-06,12.3100004196167,12.520000457763672,12.149999618530273,12.1899995803833,4.824584007263184,60989
2009-08-07,12.260000228881836,12.369999885559082,12.259599685668945,12.309900283813477,4.872040271759033,48508
2009-08-10,12.329999923706055,12.40999984741211,12.279999732971191,12.399999618530273,4.907698631286621,57277
2009-08-11,11.90999984741211,12.479999542236328,11.90999984741211,12.350000381469727,4.887910842895508,48101
2009-08-12,12.390000343322754,12.460000038146973,12.369999885559082,12.425000190734863,4.917593479156494,56572
2009-08-13,12.479999542236328,12.480400085449219,12.423999786376953,12.43179988861084,4.920285224914551,42700
2009-08-14,12.430000305175781,12.465499877929688,12.240400314331055,12.295999526977539,4.866538047790527,67598
2009-08-17,12.149999618530273,12.149999618530273,11.970000267028809,11.991999626159668,4.746218681335449,51862
2009-08-18,12.069999694824219,12.199999809265137,12.020000457763672,12.130000114440918,4.800838470458984,89538
2009-08-19,12.050000190734863,12.34000015258789,12.029999732971191,12.309300422668457,4.871801376342773,87312
2009-08-20,12.260000228881836,12.65999984741211,12.260000228881836,12.600000381469727,4.986856460571289,130331
2009-08-21,12.710000038146973,12.720000267028809,12.579999923706055,12.699999809265137,5.026432991027832,71281
2009-08-24,12.65999984741211,12.750100135803223,12.600000381469727,12.619999885559082,4.9947710037231445,106693
2009-08-25,12.630000114440918,12.770000457763672,12.630000114440918,12.75,5.046224117279053,72586
2009-08-26,12.670000076293945,12.819999694824219,12.670000076293945,12.710000038146973,5.030391216278076,59014
2009-08-27,12.609999656677246,12.65999984741211,12.5,12.514900207519531,4.9531755447387695,97027
2009-08-28,12.520000457763672,12.609999656677246,12.5,12.550000190734863,4.967066764831543,82650
2009-08-31,12.529999732971191,12.550000190734863,12.449999809265137,12.539999961853027,4.963109016418457,93492
2009-09-01,12.579999923706055,12.579999923706055,12.1899995803833,12.1899995803833,4.824584007263184,119013
2009-09-02,12.239999771118164,12.399999618530273,12.20009994506836,12.390000343322754,4.903740406036377,109252
2009-09-03,12.390000343322754,12.550000190734863,12.390000343322754,12.550000190734863,4.967066764831543,82624
2009-09-04,12.5,12.720000267028809,12.489999771118164,12.720000267028809,5.034348964691162,69599
2009-09-08,12.829999923706055,12.979999542236328,12.779999732971191,12.949999809265137,5.12537956237793,94101
2009-09-09,12.9399995803833,13.0,12.90999984741211,12.970000267028809,5.13329553604126,113275
2009-09-10,12.989999771118164,13.100000381469727,12.9399995803833,13.100000381469727,5.184747695922852,136558
2009-09-11,12.970000267028809,12.970000267028809,12.739999771118164,12.739999771118164,5.152393817901611,66597
2009-09-14,12.699999809265137,12.84000015258789,12.682100296020508,12.829999923706055,5.188791275024414,54686
2009-09-15,12.8100004196167,13.0,12.8100004196167,13.0,5.257543087005615,85330
2009-09-16,13.079999923706055,13.130000114440918,13.010000228881836,13.100000381469727,5.2979865074157715,71867
2009-09-17,13.180000305175781,13.199999809265137,12.949999809265137,12.960000038146973,5.241365909576416,75903
2009-09-18,13.050000190734863,13.0600004196167,12.802000045776367,12.829999923706055,5.188791275024414,76489
2009-09-21,12.760000228881836,12.836400032043457,12.729999542236328,12.75100040435791,5.1568403244018555,92215
2009-09-22,12.899999618530273,12.9399995803833,12.75,12.760000228881836,5.1604814529418945,80366
2009-09-23,12.789999961853027,12.972000122070312,12.789999961853027,12.8100004196167,5.180703163146973,81547
2009-09-24,12.789999961853027,12.880000114440918,12.470000267028809,12.470000267028809,5.043197154998779,100400
2009-09-25,12.470000267028809,12.579999923706055,12.470000267028809,12.529999732971191,5.067461967468262,61124
2009-09-28,12.75,12.960000038146973,12.65999984741211,12.6899995803833,5.132170677185059,114468
2009-09-29,12.789999961853027,12.789999961853027,12.5600004196167,12.598999977111816,5.095367908477783,73728
2009-09-30,12.670000076293945,12.90999984741211,12.600000381469727,12.850000381469727,5.196878910064697,75235
2009-10-01,12.899999618530273,12.899999618530273,12.65999984741211,12.704899787902832,5.138197422027588,76498
2009-10-02,12.270000457763672,12.609999656677246,12.270000457763672,12.550000190734863,5.075551509857178,41062
2009-10-05,12.529999732971191,12.724900245666504,12.510000228881836,12.699999809265137,5.136215686798096,54467
2009-10-06,12.6899995803833,12.800000190734863,12.680000305175781,12.800000190734863,5.176657676696777,84577
2009-10-07,12.729999542236328,12.859999656677246,12.729999542236328,12.859999656677246,5.200922966003418,47503
2009-10-08,12.869999885559082,13.050000190734863,12.859999656677246,12.960100173950195,5.241406440734863,73302
2009-10-09,13.010000228881836,13.09000015258789,12.965700149536133,13.029999732971191,5.2696757316589355,41610
2009-10-12,13.0,13.069999694824219,12.970000267028809,12.970000267028809,5.2454118728637695,52883
2009-10-13,12.949999809265137,13.0,12.819999694824219,12.880000114440918,5.209012985229492,69070
2009-10-14,12.800000190734863,13.050000190734863,12.800000190734863,13.050000190734863,5.277766227722168,69905
2009-10-15,13.029999732971191,13.050000190734863,12.920000076293945,12.930000305175781,5.2292351722717285,54393
2009-10-16,12.880000114440918,12.989999771118164,12.850000381469727,12.869999885559082,5.204967498779297,81265
2009-10-19,12.850000381469727,12.989999771118164,12.84000015258789,12.989999771118164,5.253499507904053,61622
2009-10-20,12.9399995803833,13.109999656677246,12.9399995803833,13.0,5.257543087005615,96206
2009-10-21,12.970000267028809,13.100000381469727,12.970000267028809,12.989999771118164,5.253499507904053,38521
2009-10-22,13.0600004196167,13.09000015258789,12.930000305175781,13.079999923706055,5.2898969650268555,60660
2009-10-23,13.0600004196167,13.149999618530273,12.979999542236328,13.010000228881836,5.261587619781494,73852
2009-10-26,13.039999961853027,13.144000053405762,12.869999885559082,12.916000366210938,5.223570346832275,94988
2009-10-27,12.899999618530273,12.979999542236328,12.870100021362305,12.90999984741211,5.221144676208496,69280
2009-10-28,12.930000305175781,12.960000038146973,12.569999694824219,12.569999694824219,5.0836381912231445,76126
2009-10-29,12.680000305175781,12.930000305175781,12.649999618530273,12.760000228881836,5.1604814529418945,110333
2009-10-30,12.760000228881836,12.829700469970703,12.438599586486816,12.510000228881836,5.05937385559082,60545
2009-11-02,12.479999542236328,12.84000015258789,12.479999542236328,12.729999542236328,5.1483473777771,42338
2009-11-03,12.649999618530273,12.65999984741211,12.579999923706055,12.600000381469727,5.095771789550781,28816
2009-11-04,12.670000076293945,12.6899995803833,12.5,12.579999923706055,5.087684154510498,117885
2009-11-05,12.609999656677246,12.770000457763672,12.600000381469727,12.670000076293945,5.124083995819092,77620
2009-11-06,12.640000343322754,12.739999771118164,12.640000343322754,12.739999771118164,5.152393817901611,28337
2009-11-09,12.850000381469727,12.989999771118164,12.850000381469727,12.960000038146973,5.241365909576416,46268
2009-11-10,12.859999656677246,13.050000190734863,12.850000381469727,13.043999671936035,5.275337219238281,41656
2009-11-11,13.09000015258789,13.152000427246094,13.039999961853027,13.050000190734863,5.277766227722168,45750
2009-11-12,13.020000457763672,13.119999885559082,12.960000038146973,13.010000228881836,5.261587619781494,65587
2009-11-13,13.029999732971191,13.199999809265137,13.0246000289917,13.156000137329102,5.320634841918945,52597
2009-11-16,13.199999809265137,13.21399974822998,13.100000381469727,13.100000381469727,5.2979865074157715,47961
2009-11-17,13.079999923706055,13.121999740600586,13.029999732971191,13.050000190734863,5.277766227722168,45069
2009-11-18,13.0600004196167,13.229999542236328,13.039999961853027,13.210000038146973,5.342474937438965,46081
2009-11-19,13.079999923706055,13.149999618530273,12.630000114440918,12.720000267028809,5.144303798675537,241797
2009-11-20,12.739999771118164,12.75,12.600000381469727,12.649999618530273,5.115993976593018,114821
2009-11-23,12.699999809265137,12.84000015258789,12.65999984741211,12.75,5.156437397003174,108497
2009-11-24,12.760000228881836,12.8100004196167,12.61240005493164,12.670000076293945,5.124083995819092,120703
2009-11-25,12.65999984741211,12.760000228881836,12.65999984741211,12.760000228881836,5.1604814529418945,73293
2009-11-27,12.449999809265137,12.680000305175781,12.449999809265137,12.649999618530273,5.115993976593018,29366
2009-11-30,12.630000114440918,12.745200157165527,12.609999656677246,12.6899995803833,5.132170677185059,55994
2009-12-01,12.829999923706055,12.850000381469727,12.779999732971191,12.819999694824219,5.18474817276001,105158
2009-12-02,12.760000228881836,12.850000381469727,12.760000228881836,12.800000190734863,5.176657676696777,50625
2009-12-03,12.800000190734863,12.859999656677246,12.729999542236328,12.729999542236328,5.1483473777771,60319
2009-12-04,12.880000114440918,12.920000076293945,12.699999809265137,12.720000267028809,5.144303798675537,59735
2009-12-07,12.6899995803833,12.829999923706055,12.6899995803833,12.8100004196167,5.180703163146973,32753
2009-12-08,12.75,12.779999732971191,12.699999809265137,12.779999732971191,5.1685709953308105,65465
2009-12-09,12.729999542236328,12.880000114440918,12.65999984741211,12.850000381469727,5.196878910064697,72655
2009-12-10,12.800000190734863,12.970000267028809,12.800000190734863,12.970000267028809,5.2454118728637695,48913
2009-12-11,12.720000267028809,12.84000015258789,12.649999618530273,12.680000305175781,5.241275787353516,75126
2009-12-14,12.75,12.843199729919434,12.6899995803833,12.739999771118164,5.266076564788818,78787
2009-12-15,12.720000267028809,12.800000190734863,12.720000267028809,12.739999771118164,5.266076564788818,32380
2009-12-16,12.739999771118164,12.84000015258789,12.710000038146973,12.759499549865723,5.274139881134033,41277
2009-12-17,12.699999809265137,12.729000091552734,12.609999656677246,12.720000267028809,5.257811069488525,57917
2009-12-18,12.760000228881836,12.760000228881836,12.609999656677246,12.680000305175781,5.241275787353516,53503
2009-12-21,12.710000038146973,12.850000381469727,12.710000038146973,12.850000381469727,5.311546325683594,72033
2009-12-22,12.829999923706055,12.970000267028809,12.829999923706055,12.970000267028809,5.361148357391357,75575
2009-12-23,12.989999771118164,13.100000381469727,12.970000267028809,13.050000190734863,5.394216060638428,59477
2009-12-24,12.970000267028809,13.100000381469727,12.970000267028809,13.069999694824219,5.402482032775879,24106
2009-12-28,13.079999923706055,13.140000343322754,13.029999732971191,13.100000381469727,5.4148850440979,53187
2009-12-29,13.039999961853027,13.1899995803833,13.039999961853027,13.15999984741211,5.43968391418457,45658
2009-12-30,13.119999885559082,13.170000076293945,13.09000015258789,13.149999618530273,5.435552597045898,62961
2009-12-31,13.1899995803833,13.1899995803833,13.09000015258789,13.09000015258789,5.410749912261963,64307
2010-01-04,13.079999923706055,13.199999809265137,13.020000457763672,13.199999809265137,5.456218719482422,45115
2010-01-05,13.199999809265137,13.199999809265137,13.100000381469727,13.100000381469727,5.4148850440979,39348
2010-01-06,13.119999885559082,13.119999885559082,13.039999961853027,13.069999694824219,5.402482032775879,43723
2010-01-07,13.069999694824219,13.069999694824219,12.960000038146973,13.069999694824219,5.402482032775879,89842
2010-01-08,13.050000190734863,13.15999984741211,12.970000267028809,13.15999984741211,5.43968391418457,51020
2010-01-11,13.140000343322754,13.199999809265137,13.069999694824219,13.119999885559082,5.42315149307251,40637
2010-01-12,12.960000038146973,13.079999923706055,12.949999809265137,12.960000038146973,5.357016086578369,53252
2010-01-13,13.010000228881836,13.069999694824219,12.979999542236328,13.069999694824219,5.402482032775879,53096
2010-01-14,13.0,13.098799705505371,13.0,13.089500427246094,5.410544395446777,43986
2010-01-15,13.0,13.069999694824219,12.960000038146973,13.0,5.3735504150390625,42516
2010-01-19,12.960000038146973,13.119999885559082,12.960000038146973,13.119999885559082,5.42315149307251,26382
2010-01-20,13.100000381469727,13.100000381469727,12.949999809265137,13.050000190734863,5.394216060638428,51691
2010-01-21,13.020000457763672,13.062000274658203,12.890000343322754,12.970000267028809,5.361148357391357,58007
2010-01-22,12.829999923706055,12.940099716186523,12.739999771118164,12.739999771118164,5.266076564788818,44881
2010-01-25,12.859999656677246,12.859999656677246,12.729999542236328,12.760000228881836,5.2743449211120605,50239
2010-01-26,12.65999984741211,12.850000381469727,12.65999984741211,12.770000457763672,5.27847957611084,52571
2010-01-27,12.729999542236328,12.760000228881836,12.5,12.579999923706055,5.199941158294678,78438
2010-01-28,12.520000457763672,12.670000076293945,12.420000076293945,12.5,5.166874408721924,76254
2010-01-29,12.569999694824219,12.649999618530273,12.399999618530273,12.430000305175781,5.137939929962158,76636
2010-02-01,12.40999984741211,12.590100288391113,12.40999984741211,12.59000015258789,5.204074382781982,34488
2010-02-02,12.5600004196167,12.770000457763672,12.5600004196167,12.760000228881836,5.2743449211120605,19635
2010-02-03,12.829999923706055,12.829999923706055,12.729999542236328,12.800000190734863,5.290878772735596,41278
2010-02-04,12.6899995803833,12.75,12.460000038146973,12.460100173950195,5.150382041931152,41836
2010-02-05,12.329999923706055,12.39009952545166,12.130000114440918,12.350000381469727,5.104870796203613,103612
2010-02-08,12.260000228881836,12.390000343322754,12.260000228881836,12.329999923706055,5.096603870391846,27455
2010-02-09,12.3100004196167,12.449999809265137,12.289999961853027,12.430000305175781,5.137939929962158,36917
2010-02-10,12.460000038146973,12.510000228881836,12.390000343322754,12.430000305175781,5.137939929962158,42121
2010-02-11,12.420000076293945,12.569999694824219,12.420000076293945,12.5516996383667,5.188244342803955,43534
2010-02-12,12.5,12.609999656677246,12.470000267028809,12.600000381469727,5.208209991455078,41166
2010-02-16,12.739999771118164,12.829999923706055,12.619999885559082,12.829999923706055,5.303281307220459,37475
2010-02-17,12.850000381469727,12.960000038146973,12.850000381469727,12.899999618530273,5.332212448120117,33804
2010-02-18,12.859999656677246,12.930000305175781,12.779999732971191,12.89050006866455,5.3282880783081055,73321
2010-02-19,12.869999885559082,12.989999771118164,12.819999694824219,12.899999618530273,5.332212448120117,45569
2010-02-22,12.970000267028809,13.039999961853027,12.930000305175781,12.970000267028809,5.361148357391357,77368
2010-02-23,12.989999771118164,13.020000457763672,12.880000114440918,12.949999809265137,5.352882385253906,49688
2010-02-24,13.020000457763672,13.079999923706055,12.984000205993652,13.069499969482422,5.402276992797852,52928
2010-02-25,12.970000267028809,13.0,12.90999984741211,13.0,5.3735504150390625,42216
2010-02-26,13.0,13.210000038146973,13.0,13.199999809265137,5.456218719482422,86915
2010-03-01,13.15999984741211,13.210000038146973,13.130000114440918,13.1899995803833,5.452086925506592,60224
2010-03-02,13.210000038146973,13.239999771118164,13.170000076293945,13.21049976348877,5.460558891296387,53828
2010-03-03,13.220000267028809,13.279999732971191,13.180000305175781,13.229999542236328,5.468619346618652,38750
2010-03-04,13.180000305175781,13.300000190734863,13.180000305175781,13.260000228881836,5.481019020080566,67907
2010-03-05,13.270000457763672,13.449999809265137,13.270000457763672,13.449999809265137,5.55955696105957,67382
2010-03-08,13.399999618530273,13.399999618530273,13.350000381469727,13.390000343322754,5.534755706787109,41344
2010-03-09,13.420000076293945,13.5,13.34000015258789,13.5,5.580224990844727,74618
2010-03-10,13.460000038146973,13.550000190734863,13.460000038146973,13.510000228881836,5.584358215332031,64518
2010-03-11,13.350000381469727,13.359999656677246,13.180000305175781,13.340200424194336,5.63087272644043,74452
2010-03-12,13.34000015258789,13.390000343322754,13.300000190734863,13.300000190734863,5.613903522491455,33159
2010-03-15,13.260000228881836,13.350000381469727,13.15999984741211,13.258600234985352,5.59643030166626,79098
2010-03-16,13.260000228881836,13.489999771118164,13.260000228881836,13.479999542236328,5.689881324768066,113956
2010-03-17,13.489999771118164,13.579899787902832,13.460000038146973,13.579899787902832,5.732049465179443,49952
2010-03-18,13.5,13.579999923706055,13.460000038146973,13.510000228881836,5.702545642852783,33844
2010-03-19,13.489999771118164,13.550000190734863,13.420000076293945,13.420000076293945,5.664556980133057,50015
2010-03-22,13.359999656677246,13.545000076293945,13.359999656677246,13.545000076293945,5.717319011688232,36810
2010-03-23,13.510000228881836,13.684000015258789,13.510000228881836,13.630000114440918,5.753196716308594,61475
2010-03-24,13.529999732971191,13.600000381469727,13.520000457763672,13.520000457763672,5.706766605377197,55453
2010-03-25,13.550000190734863,13.699999809265137,13.550000190734863,13.6899995803833,5.7785210609436035,57238
2010-03-26,13.779999732971191,13.899999618530273,13.679900169372559,13.779899597167969,5.816469669342041,99250
2010-03-29,13.789999961853027,13.789999961853027,13.5600004196167,13.625,5.751086711883545,84734
2010-03-30,13.619999885559082,13.770000457763672,13.5600004196167,13.680000305175781,5.7743024826049805,62162
2010-03-31,13.65999984741211,13.8100004196167,13.649999618530273,13.760000228881836,5.808070182800293,79867
2010-04-01,13.800000190734863,13.850000381469727,13.779999732971191,13.850000381469727,5.846057891845703,36186
2010-04-05,13.729999542236328,13.899999618530273,13.729999542236328,13.869999885559082,5.8545002937316895,48581
2010-04-06,13.729999542236328,13.930000305175781,13.729999542236328,13.829999923706055,5.837615966796875,81475
2010-04-07,13.8100004196167,13.850000381469727,13.680000305175781,13.720000267028809,5.79118537902832,61124
2010-04-08,13.59000015258789,13.720000267028809,13.4399995803833,13.607500076293945,5.743699550628662,103960
2010-04-09,13.65999984741211,13.720000267028809,13.610099792480469,13.6899995803833,5.7785210609436035,36120
2010-04-12,13.779999732971191,13.779999732971191,13.670000076293945,13.720000267028809,5.79118537902832,39500
2010-04-13,13.720000267028809,13.75,13.670000076293945,13.739999771118164,5.799628257751465,54433
2010-04-14,13.739999771118164,13.890000343322754,13.739999771118164,13.890000343322754,5.862942218780518,54012
2010-04-15,13.770000457763672,13.819999694824219,13.729999542236328,13.779999732971191,5.816511154174805,44944
2010-04-16,13.6899995803833,13.760000228881836,13.520000457763672,13.526800155639648,5.709635257720947,47793
2010-04-19,13.520000457763672,13.543499946594238,13.380000114440918,13.470000267028809,5.685663223266602,55524
2010-04-20,13.550000190734863,13.630000114440918,13.539999961853027,13.600000381469727,5.740535736083984,49871
2010-04-21,13.579999923706055,13.6899995803833,13.569999694824219,13.609999656677246,5.744754314422607,52728
2010-04-22,13.539999961853027,13.710000038146973,13.539999961853027,13.710000038146973,5.786964416503906,39191
2010-04-23,13.640000343322754,13.850000381469727,13.640000343322754,13.850000381469727,5.846057891845703,54105
2010-04-26,13.800000190734863,13.880000114440918,13.800000190734863,13.829999923706055,5.837615966796875,63837
2010-04-27,13.770000457763672,13.84000015258789,13.619999885559082,13.65999984741211,5.7658586502075195,50737
2010-04-28,13.609999656677246,13.729999542236328,13.609999656677246,13.640000343322754,5.757418155670166,170085
2010-04-29,13.680000305175781,13.869999885559082,13.680000305175781,13.789999961853027,5.820732116699219,110925
2010-04-30,13.770000457763672,13.829999923706055,13.710000038146973,13.710100173950195,5.78700590133667,61367
2010-05-03,13.710000038146973,13.890000343322754,13.710000038146973,13.859999656677246,5.850278854370117,48149
2010-05-04,13.760000228881836,13.819999694824219,13.5600004196167,13.60099983215332,5.740954399108887,94144
2010-05-05,13.5,13.579999923706055,13.420000076293945,13.489999771118164,5.694102764129639,57208
2010-05-06,13.550000190734863,13.550000190734863,11.770000457763672,12.460000038146973,5.25934362411499,240362
2010-05-07,12.579999923706055,12.670000076293945,12.270000457763672,12.630000114440918,5.331098556518555,181177
2010-05-10,12.960000038146973,13.09000015258789,12.899999618530273,13.079999923706055,5.521042346954346,89672
2010-05-11,13.039999961853027,13.149999618530273,12.949999809265137,13.010000228881836,5.491497039794922,50362
2010-05-12,13.170000076293945,13.279999732971191,13.09000015258789,13.279999732971191,5.605464935302734,67791
2010-05-13,13.359999656677246,13.359999656677246,13.109999656677246,13.109999656677246,5.533706188201904,50278
2010-05-14,13.140000343322754,13.140000343322754,12.8100004196167,12.850000381469727,5.423961639404297,67816
2010-05-17,12.800000190734863,12.900099754333496,12.643500328063965,12.788200378417969,5.39787483215332,50481
2010-05-18,12.920000076293945,12.970000267028809,12.619999885559082,12.640000343322754,5.335319995880127,59582
2010-05-19,12.539999961853027,12.699999809265137,12.449999809265137,12.600000381469727,5.318437099456787,56608
2010-05-20,12.460000038146973,12.489999771118164,12.050000190734863,12.050000190734863,5.086282253265381,93949
2010-05-21,11.930000305175781,12.284000396728516,11.680000305175781,12.210000038146973,5.1538190841674805,81968
2010-05-24,12.270000457763672,12.350000381469727,12.220000267028809,12.229999542236328,5.162259578704834,36862
2010-05-25,12.010000228881836,12.170000076293945,11.899999618530273,12.140000343322754,5.124269485473633,58892
2010-05-26,12.369999885559082,12.59000015258789,12.369999885559082,12.449999809265137,5.255120277404785,219139
2010-05-27,12.600000381469727,12.850000381469727,12.600000381469727,12.850000381469727,5.423961639404297,82922
2010-05-28,12.890000343322754,12.890000343322754,12.739999771118164,12.800000190734863,5.402854919433594,85094
2010-06-01,12.760000228881836,12.859999656677246,12.680000305175781,12.680000305175781,5.35220193862915,51588
2010-06-02,12.640000343322754,12.989999771118164,12.640000343322754,12.989999771118164,5.483053207397461,47416
2010-06-03,13.100000381469727,13.1899995803833,13.039999961853027,13.100000381469727,5.52948522567749,54112
2010-06-04,12.979999542236328,13.21500015258789,12.930000305175781,13.010000228881836,5.491497039794922,57462
2010-06-07,12.989999771118164,13.203499794006348,12.970000267028809,13.15999984741211,5.554810047149658,40121
2010-06-08,13.109999656677246,13.140000343322754,12.75,12.779999732971191,5.394413471221924,92886
2010-06-09,12.869999885559082,13.004300117492676,12.739999771118164,12.739999771118164,5.377529621124268,52814
2010-06-10,12.850000381469727,13.079999923706055,12.850000381469727,13.050000190734863,5.5083794593811035,39508
2010-06-11,12.779999732971191,12.819999694824219,12.720000267028809,12.819999694824219,5.5299482345581055,53216
2010-06-14,12.850000381469727,13.029999732971191,12.829999923706055,12.859999656677246,5.5472002029418945,49651
2010-06-15,12.979999542236328,13.012999534606934,12.899999618530273,12.970000267028809,5.594650745391846,48619
2010-06-16,12.970000267028809,12.989999771118164,12.930000305175781,12.934000015258789,5.579122066497803,36672
2010-06-17,12.979999542236328,12.982500076293945,12.850000381469727,12.916000366210938,5.571356773376465,27516
2010-06-18,13.039999961853027,13.039999961853027,12.899999618530273,12.899999618530273,5.564456462860107,58401
2010-06-21,12.970000267028809,13.180000305175781,12.970000267028809,13.100000381469727,5.650726318359375,57925
2010-06-22,13.140000343322754,13.15999984741211,12.930000305175781,12.930000305175781,5.57739782333374,40317
2010-06-23,12.890000343322754,12.970000267028809,12.850000381469727,12.850000381469727,5.542888641357422,84037
2010-06-24,12.779999732971191,12.829999923706055,12.619999885559082,12.619999885559082,5.443675518035889,49630
2010-06-25,12.59000015258789,12.800000190734863,12.59000015258789,12.770000457763672,5.508379936218262,35165
2010-06-28,12.829999923706055,12.90999984741211,12.819999694824219,12.899999618530273,5.564456462860107,35417
2010-06-29,12.609999656677246,12.829999923706055,12.59000015258789,12.640000343322754,5.452305316925049,42364
2010-06-30,12.710000038146973,12.779999732971191,12.600000381469727,12.6899995803833,5.473871231079102,48363
2010-07-01,12.729999542236328,12.779999732971191,12.600000381469727,12.609999656677246,5.4393630027771,80825
2010-07-02,12.59000015258789,12.680000305175781,12.539999961853027,12.579999923706055,5.426421642303467,29564
2010-07-06,12.640000343322754,12.779999732971191,12.579999923706055,12.600000381469727,5.435049057006836,61897
2010-07-07,12.579999923706055,12.719900131225586,12.5,12.62399959564209,5.445400238037109,114139
2010-07-08,12.739999771118164,12.739999771118164,12.5600004196167,12.619999885559082,5.443675518035889,40134
2010-07-09,12.670000076293945,12.760000228881836,12.65999984741211,12.723600387573242,5.488365650177002,29417
2010-07-12,12.75,12.750100135803223,12.699999809265137,12.75,5.499754428863525,19792
2010-07-13,12.800000190734863,12.920000076293945,12.800000190734863,12.890000343322754,5.560141563415527,39082
2010-07-14,12.869999885559082,12.879899978637695,12.779999732971191,12.798999786376953,5.5208892822265625,28445
2010-07-15,12.800000190734863,12.859999656677246,12.696599960327148,12.859999656677246,5.5472002029418945,39645
2010-07-16,12.850000381469727,12.850000381469727,12.680000305175781,12.6899995803833,5.473871231079102,46224
2010-07-19,12.630000114440918,12.817999839782715,12.630000114440918,12.769499778747559,5.50816535949707,38852
2010-07-20,12.609999656677246,12.880000114440918,12.609999656677246,12.880000114440918,5.555830001831055,46397
2010-07-21,12.979999542236328,13.0,12.779999732971191,12.850000381469727,5.542888641357422,74491
2010-07-22,12.979999542236328,13.149999618530273,12.979999542236328,13.149999618530273,5.672296047210693,50114
2010-07-23,13.0600004196167,13.25,13.050000190734863,13.199899673461914,5.693818092346191,62613
2010-07-26,13.180000305175781,13.279999732971191,13.180000305175781,13.229999542236328,5.706803321838379,38853
2010-07-27,13.270000457763672,13.329999923706055,13.220000267028809,13.270000457763672,5.724056243896484,25806
2010-07-28,13.3100004196167,13.3100004196167,13.100000381469727,13.149999618530273,5.672296047210693,29647
2010-07-29,13.1899995803833,13.210000038146973,13.048999786376953,13.130000114440918,5.663666248321533,41717
2010-07-30,13.069999694824219,13.279999732971191,13.069999694824219,13.220000267028809,5.702487945556641,31001
2010-08-02,13.329999923706055,13.430000305175781,13.319999694824219,13.350000381469727,5.758565425872803,35203
2010-08-03,13.350000381469727,13.359999656677246,13.199999809265137,13.350000381469727,5.758565425872803,40406
2010-08-04,13.40999984741211,13.40999984741211,13.319999694824219,13.319999694824219,5.745623588562012,35918
2010-08-05,13.270000457763672,13.369999885559082,13.270000457763672,13.359999656677246,5.762876987457275,71230
2010-08-06,13.3100004196167,13.430000305175781,13.289999961853027,13.399999618530273,5.780130863189697,41126
2010-08-09,13.40999984741211,13.569999694824219,13.40999984741211,13.479999542236328,5.814639568328857,38443
2010-08-10,13.430000305175781,13.470000267028809,13.300000190734863,13.470000267028809,5.810327529907227,67994
2010-08-11,13.399999618530273,13.399999618530273,13.0,13.010000228881836,5.611904144287109,43325
2010-08-12,12.949999809265137,13.09000015258789,12.949999809265137,13.050000190734863,5.629159927368164,41969
2010-08-13,12.989999771118164,13.149999618530273,12.989999771118164,13.119999885559082,5.659352779388428,36920
2010-08-16,13.15999984741211,13.270000457763672,13.140000343322754,13.210000038146973,5.698175430297852,43999
2010-08-17,13.229999542236328,13.390000343322754,13.229999542236328,13.34000015258789,5.754251956939697,38580
2010-08-18,13.260000228881836,13.40999984741211,13.260000228881836,13.380000114440918,5.7715044021606445,84345
2010-08-19,13.369999885559082,13.369999885559082,13.140000343322754,13.210000038146973,5.698175430297852,36728
2010-08-20,13.199999809265137,13.204000473022461,13.15999984741211,13.15999984741211,5.676607608795166,17669
2010-08-23,13.25,13.390000343322754,13.15999984741211,13.15999984741211,5.676607608795166,66358
2010-08-24,12.930000305175781,13.100000381469727,12.930000305175781,13.020000457763672,5.616217613220215,43797
2010-08-25,12.859999656677246,13.16819953918457,12.859999656677246,13.15999984741211,5.676607608795166,46174
2010-08-26,13.199999809265137,13.199999809265137,13.010000228881836,13.039999961853027,5.624844551086426,21343
2010-08-27,13.119999885559082,13.170000076293945,12.989999771118164,13.119999885559082,5.659352779388428,41630
2010-08-30,13.0600004196167,13.119999885559082,12.989999771118164,13.029999732971191,5.62053108215332,44699
2010-08-31,13.0,13.039999961853027,12.920000076293945,12.949999809265137,5.586025238037109,76165
2010-09-01,13.100000381469727,13.3100004196167,13.069999694824219,13.220000267028809,5.702487945556641,32551
2010-09-02,13.260000228881836,13.289999961853027,13.15999984741211,13.25,5.71543025970459,39936
2010-09-03,13.380000114440918,13.380000114440918,13.25,13.34000015258789,5.754251956939697,27591
2010-09-07,13.260000228881836,13.280099868774414,13.220000267028809,13.220000267028809,5.702487945556641,49877
2010-09-08,13.289999961853027,13.489999771118164,13.289999961853027,13.420000076293945,5.788760185241699,158805
2010-09-09,13.529999732971191,13.569999694824219,13.4399995803833,13.5,5.823268890380859,99907
2010-09-10,13.59000015258789,13.739999771118164,13.550000190734863,13.619999885559082,5.875029563903809,75790
2010-09-13,13.550000190734863,13.550000190734863,13.369999885559082,13.400099754333496,5.901498317718506,95178
2010-09-14,13.4399995803833,13.4399995803833,13.270000457763672,13.350000381469727,5.879434108734131,108198
2010-09-15,13.329999923706055,13.34000015258789,13.229999542236328,13.3100004196167,5.861817836761475,81358
2010-09-16,13.350000381469727,13.350000381469727,13.239999771118164,13.260000228881836,5.839796543121338,46584
2010-09-17,13.289999961853027,13.369999885559082,13.140000343322754,13.140000343322754,5.786949157714844,63168
2010-09-20,13.180000305175781,13.399999618530273,13.180000305175781,13.300000190734863,5.857414245605469,66571
2010-09-21,13.359999656677246,13.359999656677246,13.239999771118164,13.239999771118164,5.83098840713501,46555
2010-09-22,13.239999771118164,13.319999694824219,13.239999771118164,13.270000457763672,5.84420108795166,23528
2010-09-23,13.210000038146973,13.380000114440918,13.180000305175781,13.279999732971191,5.848607063293457,59844
2010-09-24,13.350000381469727,13.479999542236328,13.329999923706055,13.470000267028809,5.932283401489258,34115
2010-09-27,13.470000267028809,13.470000267028809,13.350000381469727,13.390000343322754,5.897050380706787,56830
2010-09-28,13.390000343322754,13.470000267028809,13.369999885559082,13.39009952545166,5.897094249725342,49499
2010-09-29,13.40999984741211,13.460000038146973,13.359999656677246,13.380000114440918,5.892648696899414,43984
2010-09-30,13.460000038146973,13.5,13.37600040435791,13.4399995803833,5.919070720672607,41823
2010-10-01,13.510000228881836,13.550000190734863,13.489999771118164,13.550000190734863,5.96751594543457,47388
2010-10-04,13.539999961853027,13.539999961853027,13.40999984741211,13.449999809265137,5.923473834991455,111834
2010-10-05,13.470000267028809,13.710000038146973,13.470000267028809,13.65999984741211,6.015960693359375,50378
2010-10-06,13.670000076293945,13.6899995803833,13.539999961853027,13.539999961853027,5.96311092376709,39252
2010-10-07,13.600000381469727,13.600000381469727,13.449999809265137,13.5,5.945497035980225,39330
2010-10-08,13.479999542236328,13.609999656677246,13.479999542236328,13.59000015258789,5.985131740570068,34553
2010-10-11,13.579999923706055,13.720000267028809,13.579999923706055,13.630000114440918,6.002747535705566,35392
2010-10-12,13.600000381469727,13.640000343322754,13.5600004196167,13.619999885559082,5.998343467712402,64746
2010-10-13,13.609999656677246,13.720000267028809,13.609999656677246,13.65999984741211,6.015960693359375,81642
2010-10-14,13.6899995803833,13.699999809265137,13.510000228881836,13.550000190734863,5.96751594543457,177447
2010-10-15,13.630000114440918,13.640000343322754,13.470000267028809,13.520000457763672,5.954303741455078,86464
2010-10-18,13.539999961853027,13.579999923706055,13.520000457763672,13.539999961853027,5.96311092376709,116516
2010-10-19,13.489999771118164,13.543999671936035,13.359999656677246,13.399499893188477,5.901236534118652,109546
2010-10-20,13.479999542236328,13.569999694824219,13.420000076293945,13.489999771118164,5.941091060638428,123894
2010-10-21,13.5600004196167,13.680000305175781,13.520000457763672,13.539999961853027,5.96311092376709,208617
2010-10-22,13.569999694824219,13.619999885559082,13.489999771118164,13.510000228881836,5.9499006271362305,128186
2010-10-25,13.520000457763672,13.600000381469727,13.5,13.5600004196167,5.971920967102051,53703
2010-10-26,13.5600004196167,13.569999694824219,13.47599983215332,13.569999694824219,5.976325035095215,63570
2010-10-27,13.569999694824219,13.640000343322754,13.49779987335205,13.630000114440918,6.002747535705566,46808
2010-10-28,13.630000114440918,13.719900131225586,13.577799797058105,13.6899995803833,6.029171466827393,66933
2010-10-29,13.760000228881836,13.760000228881836,13.640000343322754,13.649999618530273,6.011556148529053,32375
2010-11-01,13.720000267028809,13.783599853515625,13.65999984741211,13.699999809265137,6.0335774421691895,96653
2010-11-02,13.760000228881836,13.779999732971191,13.710000038146973,13.710000038146973,6.037980556488037,40392
2010-11-03,13.75,13.765000343322754,13.720000267028809,13.729999542236328,6.046787738800049,22578
2010-11-04,13.8100004196167,14.0,13.8100004196167,14.0,6.165700435638428,52326
2010-11-05,14.020000457763672,14.020000457763672,13.779999732971191,13.850000381469727,6.099637031555176,89601
2010-11-08,13.850000381469727,13.880000114440918,13.789999961853027,13.880000114440918,6.112851619720459,48677
2010-11-09,13.829999923706055,13.859999656677246,13.630000114440918,13.6899995803833,6.029171466827393,82093
2010-11-10,13.720000267028809,13.75,13.600000381469727,13.649999618530273,6.011556148529053,66911
2010-11-11,13.59000015258789,13.630000114440918,13.529999732971191,13.619999885559082,5.998343467712402,69426
2010-11-12,13.569999694824219,13.630000114440918,13.539999961853027,13.59000015258789,5.985131740570068,52744
2010-11-15,13.65999984741211,13.6899995803833,13.600000381469727,13.640000343322754,6.007153034210205,33732
2010-11-16,13.710000038146973,13.710000038146973,13.369999885559082,13.489999771118164,5.941091060638428,45795
2010-11-17,13.569999694824219,13.569999694824219,13.489899635314941,13.5600004196167,5.971920967102051,29995
2010-11-18,13.710000038146973,13.779999732971191,13.659899711608887,13.779999732971191,6.0688090324401855,28351
2010-11-19,13.819999694824219,13.819999694824219,13.65999984741211,13.760000228881836,6.06000280380249,39502
2010-11-22,13.770000457763672,13.84000015258789,13.680000305175781,13.84000015258789,6.095233917236328,26843
2010-11-23,13.739999771118164,13.766799926757812,13.65999984741211,13.710000038146973,6.037980556488037,52518
2010-11-24,13.800000190734863,13.960000038146973,13.729999542236328,13.9399995803833,6.1392741203308105,60150
2010-11-26,13.979999542236328,13.979999542236328,13.930000305175781,13.949999809265137,6.143679141998291,21609
2010-11-29,14.020000457763672,14.020000457763672,13.859999656677246,13.949999809265137,6.143679141998291,26509
2010-11-30,13.84000015258789,13.989999771118164,13.84000015258789,13.989999771118164,6.1612958908081055,57468
2010-12-01,14.130000114440918,14.270000457763672,14.109999656677246,14.239999771118164,6.271396160125732,51488
2010-12-02,14.180000305175781,14.270000457763672,14.170000076293945,14.229999542236328,6.26699161529541,29644
2010-12-03,14.270000457763672,14.270000457763672,14.09000015258789,14.170000076293945,6.240566253662109,41450
2010-12-06,14.229999542236328,14.229999542236328,14.125900268554688,14.180000305175781,6.244970321655273,23174
2010-12-07,14.34000015258789,14.34000015258789,14.1899995803833,14.25,6.275798320770264,36303
2010-12-08,14.3100004196167,14.314599990844727,14.220000267028809,14.220000267028809,6.262588024139404,36588
2010-12-09,14.300000190734863,14.359999656677246,14.199999809265137,14.34000015258789,6.315436363220215,49342
2010-12-10,14.40999984741211,14.420000076293945,14.3100004196167,14.399999618530273,6.341860771179199,35500
2010-12-13,14.279999732971191,14.34000015258789,14.119999885559082,14.126399993896484,6.344736576080322,53953
2010-12-14,14.069999694824219,14.1899995803833,14.069999694824219,14.170000076293945,6.364317893981934,36082
2010-12-15,14.260000228881836,14.260000228881836,14.010000228881836,14.109999656677246,6.337371349334717,41907
2010-12-16,14.170000076293945,14.220000267028809,14.0600004196167,14.140000343322754,6.350843906402588,38712
2010-12-17,14.1899995803833,14.1899995803833,14.020000457763672,14.069999694824219,6.319402694702148,43461
2010-12-20,14.069999694824219,14.1899995803833,13.84000015258789,13.899999618530273,6.243051052093506,38286
2010-12-21,13.899999618530273,13.982799530029297,13.84000015258789,13.84000015258789,6.216102600097656,49163
2010-12-22,13.890000343322754,13.970000267028809,13.84000015258789,13.920000076293945,6.252033233642578,33471
2010-12-23,13.760000228881836,13.84000015258789,13.670000076293945,13.760000228881836,6.180171489715576,56930
2010-12-27,13.729999542236328,13.779999732971191,13.630000114440918,13.670000076293945,6.1397480964660645,26960
2010-12-28,13.739999771118164,13.739999771118164,13.65999984741211,13.699999809265137,6.153223037719727,40646
2010-12-29,13.699999809265137,13.75,13.699999809265137,13.729999542236328,6.166695594787598,28687
2010-12-30,13.680000305175781,13.770000457763672,13.640000343322754,13.770000457763672,6.184662818908691,28618
2010-12-31,13.8100004196167,13.859999656677246,13.800000190734863,13.850000381469727,6.220592975616455,29703
2011-01-03,13.890000343322754,13.970000267028809,13.880000114440918,13.970000267028809,6.2744927406311035,27177
2011-01-04,13.989999771118164,13.989999771118164,13.649999618530273,13.729999542236328,6.166695594787598,90035
2011-01-05,13.729999542236328,13.729999542236328,13.630000114440918,13.6899995803833,6.1487298011779785,36717
2011-01-06,13.680000305175781,13.720000267028809,13.630000114440918,13.640000343322754,6.126275062561035,37199
2011-01-07,13.640000343322754,13.6899995803833,13.529999732971191,13.609999656677246,6.112799644470215,40380
2011-01-10,13.600000381469727,13.609999656677246,13.520000457763672,13.59000015258789,6.103816509246826,41125
2011-01-11,13.619999885559082,13.649800300598145,13.59000015258789,13.609999656677246,6.112799644470215,22700
2011-01-12,13.699999809265137,13.710000038146973,13.631199836730957,13.670000076293945,6.1397480964660645,29967
2011-01-13,13.710000038146973,13.729999542236328,13.600000381469727,13.609999656677246,6.112799644470215,52269
2011-01-14,13.640000343322754,13.649999618530273,13.569999694824219,13.649999618530273,6.130765914916992,36593
2011-01-18,13.649999618530273,13.65999984741211,13.600000381469727,13.619999885559082,6.117291450500488,40322
2011-01-19,13.619999885559082,13.640000343322754,13.460000038146973,13.5,6.063396453857422,45011
2011-01-20,13.510000228881836,13.518199920654297,13.420000076293945,13.479999542236328,6.054409980773926,42316
2011-01-21,13.520000457763672,13.600000381469727,13.520000457763672,13.569999694824219,6.0948357582092285,55254
2011-01-24,13.59000015258789,13.640000343322754,13.550000190734863,13.600000381469727,6.108309745788574,66620
2011-01-25,13.5600004196167,13.600000381469727,13.550000190734863,13.570500373840332,6.095058917999268,48312
2011-01-26,13.619999885559082,13.65999984741211,13.59000015258789,13.65999984741211,6.135256767272949,52780
2011-01-27,13.680000305175781,13.680000305175781,13.59000015258789,13.609999656677246,6.112799644470215,71191
2011-01-28,13.65999984741211,13.65999984741211,13.359999656677246,13.380000114440918,6.009499549865723,84591
2011-01-31,13.430000305175781,13.5,13.420000076293945,13.5,6.063396453857422,34199
2011-02-01,13.550000190734863,13.710000038146973,13.550000190734863,13.710000038146973,6.157711982727051,47150
2011-02-02,13.630000114440918,13.670000076293945,13.619999885559082,13.670000076293945,6.1397480964660645,33523
2011-02-03,13.670000076293945,13.6899995803833,13.615599632263184,13.6899995803833,6.1487298011779785,20652
2011-02-04,13.680000305175781,13.729999542236328,13.649999618530273,13.710000038146973,6.157711982727051,21688
2011-02-07,13.760000228881836,13.819999694824219,13.699999809265137,13.770000457763672,6.184662818908691,30695
2011-02-08,13.739999771118164,13.8100004196167,13.729999542236328,13.8100004196167,6.202626705169678,31669
2011-02-09,13.800000190734863,13.800000190734863,13.739999771118164,13.75,6.175679683685303,32838
2011-02-10,13.710000038146973,13.779999732971191,13.710000038146973,13.760000228881836,6.180171489715576,34413
2011-02-11,13.779999732971191,13.859999656677246,13.75,13.859999656677246,6.225085735321045,25338
2011-02-14,13.899999618530273,13.90999984741211,13.84000015258789,13.899999618530273,6.243051052093506,29961
2011-02-15,13.84000015258789,13.890000343322754,13.819999694824219,13.850000381469727,6.220592975616455,59531
2011-02-16,13.890000343322754,13.960000038146973,13.850000381469727,13.960000038146973,6.2699995040893555,34099
2011-02-17,13.960000038146973,13.970000267028809,13.90999984741211,13.90999984741211,6.247541427612305,38004
2011-02-18,13.920000076293945,13.930000305175781,13.855799674987793,13.899999618530273,6.243051052093506,39067
2011-02-22,13.8100004196167,13.8100004196167,13.630000114440918,13.670000076293945,6.1397480964660645,41888
2011-02-23,13.710000038146973,13.720000267028809,13.539999961853027,13.609999656677246,6.112799644470215,40134
2011-02-24,13.640000343322754,13.649999618530273,13.5,13.600000381469727,6.108309745788574,37516
2011-02-25,13.630000114440918,13.670000076293945,13.609999656677246,13.65999984741211,6.135256767272949,23379
2011-02-28,13.649999618530273,13.699899673461914,13.630000114440918,13.659000396728516,6.1348090171813965,40502
2011-03-01,13.6899995803833,13.6899995803833,13.5600004196167,13.619999885559082,6.117291450500488,26351
2011-03-02,13.630000114440918,13.630000114440918,13.579999923706055,13.609999656677246,6.112799644470215,42283
2011-03-03,13.670000076293945,13.779999732971191,13.670000076293945,13.75,6.175679683685303,36384
2011-03-04,13.770000457763672,13.770000457763672,13.649999618530273,13.710000038146973,6.157711982727051,35076
2011-03-07,13.680000305175781,13.723699569702148,13.609999656677246,13.649999618530273,6.130765914916992,26596
2011-03-08,13.680000305175781,13.779999732971191,13.630000114440918,13.760000228881836,6.180171489715576,39858
2011-03-09,13.770000457763672,13.770000457763672,13.699999809265137,13.713000297546387,6.159062385559082,36894
2011-03-10,13.680000305175781,13.680000305175781,13.579999923706055,13.595399856567383,6.10624361038208,62290
2011-03-11,13.270000457763672,13.460000038146973,13.270000457763672,13.4399995803833,6.163381576538086,48149
2011-03-14,13.390000343322754,13.390000343322754,13.239999771118164,13.270000457763672,6.085426330566406,49956
2011-03-15,13.09000015258789,13.170000076293945,12.930000305175781,13.170000076293945,6.039562702178955,49025
2011-03-16,13.1899995803833,13.1899995803833,13.0,13.000100135803223,5.961650848388672,47692
2011-03-17,13.09000015258789,13.119400024414062,13.033599853515625,13.039999961853027,5.9799485206604,32914
2011-03-18,13.180000305175781,13.180000305175781,13.109999656677246,13.119999885559082,6.016633033752441,25313
2011-03-21,13.199999809265137,13.329999923706055,13.199999809265137,13.329999923706055,6.112938404083252,57038
2011-03-22,13.300000190734863,13.350099563598633,13.289999961853027,13.34000015258789,6.11752462387085,65235
2011-03-23,13.350000381469727,13.399999618530273,13.270000457763672,13.399999618530273,6.145039081573486,24756
2011-03-24,13.430000305175781,13.4576997756958,13.38539981842041,13.40999984741211,6.149623870849609,33972
2011-03-25,13.4399995803833,13.510000228881836,13.401000022888184,13.470100402832031,6.177186012268066,35252
2011-03-28,13.510000228881836,13.539999961853027,13.420000076293945,13.430000305175781,6.158796310424805,41897
2011-03-29,13.460000038146973,13.550000190734863,13.449999809265137,13.550000190734863,6.213827610015869,18527
2011-03-30,13.569999694824219,13.600000381469727,13.529999732971191,13.59000015258789,6.232171058654785,31217
2011-03-31,13.579999923706055,13.630000114440918,13.550000190734863,13.630000114440918,6.250513076782227,42008
2011-04-01,13.680000305175781,13.6899995803833,13.609999656677246,13.6899995803833,6.278028964996338,48560
2011-04-04,13.6899995803833,13.699999809265137,13.630000114440918,13.649999618530273,6.259685039520264,22503
2011-04-05,13.65999984741211,13.65999984741211,13.609999656677246,13.619999885559082,6.2459282875061035,29849
2011-04-06,13.6899995803833,13.720000267028809,13.649999618530273,13.699999809265137,6.282613754272461,40934
2011-04-07,13.699999809265137,13.707099914550781,13.649999618530273,13.674699783325195,6.2710137367248535,43653
2011-04-08,13.710000038146973,13.739999771118164,13.619999885559082,13.649999618530273,6.259685039520264,26535
2011-04-11,13.680000305175781,13.680000305175781,13.5600004196167,13.600000381469727,6.236756324768066,21134
2011-04-12,13.569999694824219,13.569999694824219,13.449999809265137,13.489999771118164,6.186312198638916,26011
2011-04-13,13.550000190734863,13.550000190734863,13.460000038146973,13.510000228881836,6.1954827308654785,26992
2011-04-14,13.489999771118164,13.5,13.42300033569336,13.460000038146973,6.172554969787598,36933
2011-04-15,13.5,13.539999961853027,13.479999542236328,13.479999542236328,6.181726932525635,45979
2011-04-18,13.399999618530273,13.399999618530273,13.300000190734863,13.329999923706055,6.112938404083252,34636
2011-04-19,13.369999885559082,13.420000076293945,13.350000381469727,13.369999885559082,6.131282329559326,50996
2011-04-20,13.420000076293945,13.550000190734863,13.420000076293945,13.510000228881836,6.1954827308654785,48913
2011-04-21,13.550000190734863,13.5600004196167,13.470000267028809,13.5,6.190898418426514,28493
2011-04-25,13.520000457763672,13.550000190734863,13.4399995803833,13.449999809265137,6.167968273162842,43244
2011-04-26,13.470000267028809,13.5600004196167,13.470000267028809,13.5,6.190898418426514,81557
2011-04-27,13.550000190734863,13.579999923706055,13.470000267028809,13.510000228881836,6.1954827308654785,48547
2011-04-28,13.520000457763672,13.539999961853027,13.489999771118164,13.520000457763672,6.200068950653076,40036
2011-04-29,13.520000457763672,13.609999656677246,13.520000457763672,13.579999923706055,6.227584362030029,19657
2011-05-02,13.609999656677246,13.676600456237793,13.59000015258789,13.640000343322754,6.255100250244141,37829
2011-05-03,13.619999885559082,13.630000114440918,13.5,13.5600004196167,6.218413829803467,66145
2011-05-04,13.539999961853027,13.539999961853027,13.460000038146973,13.470000267028809,6.177140235900879,37724
2011-05-05,13.4399995803833,13.460000038146973,13.359999656677246,13.40999984741211,6.149623870849609,36085
2011-05-06,13.4399995803833,13.529999732971191,13.4399995803833,13.460000038146973,6.172554969787598,33366
2011-05-09,13.5,13.539999961853027,13.48009967803955,13.517999649047852,6.199150562286377,22810
2011-05-10,13.550000190734863,13.630000114440918,13.550000190734863,13.579999923706055,6.227584362030029,23977
2011-05-11,13.529999732971191,13.550000190734863,13.449999809265137,13.465399742126465,6.175031661987305,36325
2011-05-12,13.489999771118164,13.539999961853027,13.430000305175781,13.539999961853027,6.2092390060424805,36099
2011-05-13,13.569999694824219,13.579999923706055,13.460000038146973,13.479999542236328,6.181726932525635,31429
2011-05-16,13.470000267028809,13.520000457763672,13.455100059509277,13.460000038146973,6.172554969787598,45908
2011-05-17,13.449999809265137,13.470000267028809,13.40999984741211,13.460000038146973,6.172554969787598,25832
2011-05-18,13.5,13.579999923706055,13.479999542236328,13.579999923706055,6.227584362030029,34809
2011-05-19,13.609999656677246,13.609999656677246,13.550000190734863,13.600000381469727,6.236756324768066,24410
2011-05-20,13.609999656677246,13.609999656677246,13.510000228881836,13.510000228881836,6.1954827308654785,32886
2011-05-23,13.460000038146973,13.479999542236328,13.40999984741211,13.470000267028809,6.177140235900879,41169
2011-05-24,13.489999771118164,13.569999694824219,13.489999771118164,13.529999732971191,6.204657554626465,34231
2011-05-25,13.520000457763672,13.569999694824219,13.520000457763672,13.55270004272461,6.2150654792785645,26691
2011-05-26,13.569999694824219,13.609999656677246,13.539999961853027,13.609999656677246,6.241342067718506,33638
2011-05-27,13.630000114440918,13.640000343322754,13.579999923706055,13.599900245666504,6.236709117889404,12199
2011-05-31,13.680000305175781,13.699999809265137,13.600000381469727,13.65999984741211,6.264272212982178,45305
2011-06-01,13.619999885559082,13.680000305175781,13.510000228881836,13.5600004196167,6.218413829803467,36021
2011-06-02,13.550000190734863,13.600000381469727,13.449999809265137,13.529999732971191,6.204657554626465,36311
2011-06-03,13.4399995803833,13.483799934387207,13.380000114440918,13.460000038146973,6.172554969787598,32636
2011-06-06,13.420000076293945,13.430000305175781,13.350099563598633,13.369999885559082,6.131282329559326,38826
2011-06-07,13.380000114440918,13.449999809265137,13.3100004196167,13.40999984741211,6.149623870849609,46816
2011-06-08,13.369999885559082,13.40999984741211,13.289999961853027,13.300000190734863,6.099180698394775,28334
2011-06-09,13.3100004196167,13.406700134277344,13.279999732971191,13.390800476074219,6.1408209800720215,37538
2011-06-10,13.329999923706055,13.34000015258789,13.220000267028809,13.239999771118164,6.071666240692139,23913
2011-06-13,12.949999809265137,12.949999809265137,12.829999923706055,12.899999618530273,6.0435566902160645,56556
2011-06-14,12.930000305175781,13.010000228881836,12.930000305175781,13.010000228881836,6.095088958740234,45326
2011-06-15,12.930000305175781,12.960000038146973,12.729999542236328,12.779999732971191,5.987336158752441,49819
2011-06-16,12.789999961853027,12.84000015258789,12.743300437927246,12.770000457763672,5.9826531410217285,41045
2011-06-17,12.859999656677246,12.890000343322754,12.800000190734863,12.800000190734863,5.996706962585449,28428
2011-06-20,12.819999694824219,12.883999824523926,12.819999694824219,12.850000381469727,6.020131587982178,31637
2011-06-21,12.880000114440918,13.019000053405762,12.880000114440918,13.013999938964844,6.096964359283447,53679
2011-06-22,13.010000228881836,13.069999694824219,12.970000267028809,13.020000457763672,6.099774360656738,34143
2011-06-23,13.140000343322754,13.140000343322754,12.850000381469727,12.960000038146973,6.071665287017822,43561
2011-06-24,12.989999771118164,12.989999771118164,12.890000343322754,12.890000343322754,6.038869380950928,25593
2011-06-27,12.920000076293945,12.970000267028809,12.850000381469727,12.9399995803833,6.062294960021973,22416
2011-06-28,12.989999771118164,13.0600004196167,12.989999771118164,13.0600004196167,6.118514537811279,44742
2011-06-29,13.069999694824219,13.140000343322754,13.069999694824219,13.109999656677246,6.141938209533691,32103
2011-06-30,13.149999618530273,13.270000457763672,13.134400367736816,13.270000457763672,6.216899394989014,55634
2011-07-01,13.300000190734863,13.359999656677246,13.229999542236328,13.359999656677246,6.259061813354492,36946
2011-07-05,13.329999923706055,13.369999885559082,13.2947998046875,13.34000015258789,6.249691009521484,42801
2011-07-06,13.369999885559082,13.380000114440918,13.350000381469727,13.369999885559082,6.2637457847595215,47859
2011-07-07,13.449999809265137,13.539999961853027,13.449999809265137,13.539999961853027,6.343391418457031,45179
2011-07-08,13.380000114440918,13.460000038146973,13.380000114440918,13.399999618530273,6.277801513671875,50963
2011-07-11,13.359999656677246,13.380000114440918,13.220000267028809,13.260000228881836,6.212213516235352,46811
2011-07-12,13.279999732971191,13.300000190734863,13.1899995803833,13.220000267028809,6.193472862243652,34025
2011-07-13,13.239999771118164,13.319999694824219,13.199999809265137,13.199999809265137,6.184104919433594,40114
2011-07-14,13.220000267028809,13.25,13.079999923706055,13.112899780273438,6.1432976722717285,60862
2011-07-15,13.140000343322754,13.180000305175781,13.100000381469727,13.140000343322754,6.155993461608887,44255
2011-07-18,13.130000114440918,13.140000343322754,12.960000038146973,13.050000190734863,6.113830089569092,53625
2011-07-19,13.119999885559082,13.1899995803833,13.119999885559082,13.15999984741211,6.1653642654418945,43578
2011-07-20,13.229999542236328,13.229999542236328,13.119999885559082,13.149999618530273,6.160677433013916,67723
2011-07-21,13.199999809265137,13.288000106811523,13.199999809265137,13.25,6.207529067993164,48129
2011-07-22,13.260000228881836,13.260000228881836,13.170000076293945,13.170000076293945,6.170048713684082,58978
2011-07-25,13.109999656677246,13.199999809265137,13.079999923706055,13.100000381469727,6.137253761291504,82819
2011-07-26,13.119999885559082,13.149999618530273,13.079999923706055,13.130000114440918,6.151310443878174,30044
2011-07-27,13.109999656677246,13.109999656677246,12.9399995803833,12.949999809265137,6.06697940826416,66115
2011-07-28,12.9399995803833,12.950499534606934,12.84000015258789,12.84000015258789,6.01544713973999,56998
2011-07-29,12.75,12.819999694824219,12.640000343322754,12.770000457763672,5.9826531410217285,84485
2011-08-01,12.880000114440918,12.920000076293945,12.673999786376953,12.75,5.9732818603515625,41038
2011-08-02,12.729999542236328,12.789999961853027,12.619999885559082,12.619999885559082,5.91237735748291,30584
2011-08-03,12.609999656677246,12.630000114440918,12.420000076293945,12.630000114440918,5.917061805725098,123942
2011-08-04,12.550000190734863,12.550000190734863,12.140000343322754,12.180000305175781,5.706241130828857,100911
2011-08-05,12.279999732971191,12.300000190734863,11.670000076293945,11.960000038146973,5.603172302246094,137460
2011-08-08,11.880000114440918,11.880000114440918,11.039999961853027,11.0600004196167,5.181529521942139,155531
2011-08-09,11.0600004196167,11.40999984741211,10.919899940490723,11.399999618530273,5.340816974639893,106986
2011-08-10,11.380000114440918,11.460000038146973,11.15999984741211,11.239999771118164,5.265856742858887,112175
2011-08-11,11.199999809265137,11.867199897766113,11.1899995803833,11.8100004196167,5.532896995544434,65575
2011-08-12,11.850000381469727,11.960000038146973,11.84000015258789,11.930000305175781,5.58911657333374,82076
2011-08-15,11.989999771118164,12.180000305175781,11.989999771118164,12.170000076293945,5.701556205749512,71367
2011-08-16,12.09000015258789,12.109999656677246,11.970000267028809,12.069999694824219,5.654706954956055,35812
2011-08-17,12.119999885559082,12.1899995803833,12.020000457763672,12.0600004196167,5.650021076202393,35358
2011-08-18,11.880000114440918,11.880000114440918,11.552000045776367,11.609999656677246,5.439199924468994,53189
2011-08-19,11.520000457763672,11.729999542236328,11.489999771118164,11.5,5.387665271759033,54574
2011-08-22,11.630000114440918,11.65999984741211,11.489999771118164,11.529999732971191,5.401721000671387,43471
2011-08-23,11.600000381469727,11.869999885559082,11.539999961853027,11.850000381469727,5.551637172698975,31947
2011-08-24,11.869999885559082,12.050000190734863,11.8100004196167,12.029999732971191,5.635967254638672,42881
2011-08-25,12.09000015258789,12.100000381469727,11.899900436401367,11.920000076293945,5.584432125091553,96075
2011-08-26,11.880000114440918,12.100000381469727,11.760000228881836,12.069999694824219,5.654706954956055,33803
2011-08-29,12.15999984741211,12.369999885559082,12.15999984741211,12.369999885559082,5.795254707336426,45965
2011-08-30,12.350000381469727,12.390000343322754,12.229999542236328,12.350000381469727,5.785885334014893,55921
2011-08-31,12.430000305175781,12.479999542236328,12.319999694824219,12.40999984741211,5.813995361328125,94338
2011-09-01,12.369999885559082,12.420000076293945,12.265999794006348,12.289999961853027,5.75777530670166,32360
2011-09-02,12.119999885559082,12.170000076293945,12.043999671936035,12.140000343322754,5.687501430511475,63230
2011-09-06,11.949999809265137,11.949999809265137,11.8100004196167,11.9399995803833,5.593801975250244,81543
2011-09-07,12.039999961853027,12.199999809265137,12.039999961853027,12.180000305175781,5.706241130828857,54005
2011-09-08,12.119999885559082,12.14799976348877,12.050000190734863,12.069999694824219,5.654706954956055,25928
2011-09-09,12.0,12.029999732971191,11.779999732971191,11.869999885559082,5.561007976531982,38902
2011-09-12,11.760000228881836,11.960000038146973,11.720000267028809,11.949999809265137,5.598487854003906,86108
2011-09-13,11.680000305175781,11.780500411987305,11.649999618530273,11.779999732971191,5.6512579917907715,64281
2011-09-14,11.850000381469727,11.944999694824219,11.710000038146973,11.850000381469727,5.684838771820068,60824
2011-09-15,11.979999542236328,12.010000228881836,11.859999656677246,11.970000267028809,5.742408275604248,61029
2011-09-16,12.130000114440918,12.130000114440918,11.9399995803833,12.0,5.756797790527344,46936
2011-09-19,11.970000267028809,11.970000267028809,11.760000228881836,11.859999656677246,5.689636707305908,45712
2011-09-20,11.949999809265137,12.0600004196167,11.899999618530273,11.930000305175781,5.723220348358154,50417
2011-09-21,12.0,12.0,11.6899995803833,11.710000038146973,5.61767578125,63870
2011-09-22,11.520000457763672,11.569999694824219,11.300000190734863,11.449999809265137,5.492946147918701,80616
2011-09-23,11.390000343322754,11.539999961853027,11.380000114440918,11.479999542236328,5.50733757019043,98092
2011-09-26,11.510000228881836,11.619999885559082,11.4399995803833,11.619999885559082,5.574501037597656,63111
2011-09-27,11.770000457763672,11.87399959564209,11.739999771118164,11.75100040435791,5.6373467445373535,42039
2011-09-28,11.8100004196167,11.859999656677246,11.609999656677246,11.609999656677246,5.569703578948975,35521
2011-09-29,11.739999771118164,11.760000228881836,11.537199974060059,11.640000343322754,5.584094047546387,75591
2011-09-30,11.569999694824219,11.619999885559082,11.479999542236328,11.489999771118164,5.5121355056762695,77407
2011-10-03,11.539999961853027,11.569999694824219,11.180000305175781,11.210000038146973,5.377810478210449,52757
2011-10-04,11.09000015258789,11.1899995803833,10.880000114440918,11.1899995803833,5.3682146072387695,93102
2011-10-05,11.229999542236328,11.393500328063965,11.229999542236328,11.376500129699707,5.457686424255371,60939
2011-10-06,11.390000343322754,11.600000381469727,11.359999656677246,11.569999694824219,5.550512790679932,52415
2011-10-07,11.609999656677246,11.630000114440918,11.489999771118164,11.579999923706055,5.5553107261657715,44147
2011-10-10,11.699999809265137,11.890000343322754,11.699999809265137,11.890000343322754,5.70402717590332,35734
2011-10-11,11.8100004196167,11.880000114440918,11.760000228881836,11.84000015258789,5.680041313171387,43655
2011-10-12,11.899999618530273,11.960000038146973,11.859999656677246,11.920000076293945,5.71842098236084,38515
2011-10-13,11.890000343322754,11.920000076293945,11.760000228881836,11.899999618530273,5.708826065063477,37009
2011-10-14,12.09000015258789,12.09000015258789,11.930000305175781,12.0600004196167,5.78558349609375,47589
2011-10-17,12.0,12.0,11.779999732971191,11.800000190734863,5.660853862762451,55842
2011-10-18,11.8100004196167,12.0600004196167,11.75,12.0600004196167,5.78558349609375,55430
2011-10-19,12.100000381469727,12.100000381469727,11.880000114440918,11.899999618530273,5.708826065063477,33883
2011-10-20,11.920000076293945,11.960000038146973,11.84000015258789,11.949999809265137,5.7328104972839355,45945
2011-10-21,12.050000190734863,12.15999984741211,12.039999961853027,12.079999923706055,5.795178413391113,33489
2011-10-24,12.079999923706055,12.140000343322754,12.079999923706055,12.130000114440918,5.8191633224487305,23893
2011-10-25,12.140000343322754,12.140000343322754,11.899999618530273,11.9399995803833,5.728014945983887,58501
2011-10-26,12.079999923706055,12.109999656677246,11.920000076293945,12.09000015258789,5.799976348876953,66183
2011-10-27,12.34000015258789,12.40999984741211,12.239999771118164,12.329999923706055,5.915111541748047,51140
2011-10-28,12.260000228881836,12.260000228881836,12.1899995803833,12.25,5.876734256744385,57430
2011-10-31,12.130000114440918,12.140000343322754,11.960000038146973,11.989999771118164,5.752002239227295,40884
2011-11-01,11.8100004196167,11.890000343322754,11.6899995803833,11.779999732971191,5.6512579917907715,64493
2011-11-02,11.859999656677246,11.930000305175781,11.859999656677246,11.899999618530273,5.708826065063477,63489
2011-11-03,12.0,12.069999694824219,11.869999885559082,12.039999961853027,5.775988578796387,66086
2011-11-04,11.989999771118164,12.039999961853027,11.90999984741211,12.039999961853027,5.775988578796387,63355
2011-11-07,12.0600004196167,12.100000381469727,11.979999542236328,12.09000015258789,5.799976348876953,38336
2011-11-08,12.149999618530273,12.220000267028809,12.109999656677246,12.220000267028809,5.862341403961182,31882
2011-11-09,12.020000457763672,12.029999732971191,11.880000114440918,11.890000343322754,5.70402717590332,81895
2011-11-10,12.050000190734863,12.055000305175781,11.970000267028809,12.0,5.756797790527344,66399
2011-11-11,12.119999885559082,12.1899995803833,12.109999656677246,12.119999885559082,5.814366817474365,71666
2011-11-14,12.109999656677246,12.109999656677246,12.010000228881836,12.050000190734863,5.780786514282227,48905
2011-11-15,12.010000228881836,12.140000343322754,12.000399589538574,12.140000343322754,5.823962211608887,49114
2011-11-16,12.069999694824219,12.15999984741211,12.069999694824219,12.100000381469727,5.804771900177002,64443
2011-11-17,12.069999694824219,12.119999885559082,11.949999809265137,11.979999542236328,5.747204780578613,60293
2011-11-18,12.020000457763672,12.029999732971191,11.960000038146973,11.979999542236328,5.747204780578613,37047
2011-11-21,11.8100004196167,11.84000015258789,11.694999694824219,11.8100004196167,5.665650844573975,70400
2011-11-22,11.770000457763672,11.859999656677246,11.770000457763672,11.800000190734863,5.660853862762451,61369
2011-11-23,11.739999771118164,11.75,11.670000076293945,11.6899995803833,5.6080827713012695,22359
2011-11-25,11.680000305175781,11.756400108337402,11.680000305175781,11.699999809265137,5.612879276275635,24018
2011-11-28,11.890000343322754,11.979999542236328,11.821000099182129,11.850000381469727,5.684838771820068,29581
2011-11-29,11.869999885559082,11.900099754333496,11.831999778747559,11.84000015258789,5.680041313171387,44004
2011-11-30,12.079999923706055,12.149999618530273,12.0600004196167,12.149999618530273,5.828760147094727,38978
2011-12-01,12.180000305175781,12.180000305175781,12.109999656677246,12.149999618530273,5.828760147094727,41350
2011-12-02,12.199999809265137,12.239999771118164,12.164999961853027,12.1899995803833,5.847949504852295,26545
2011-12-05,12.3100004196167,12.3100004196167,12.180000305175781,12.239999771118164,5.871934413909912,44799
2011-12-06,12.1899995803833,12.239999771118164,12.170000076293945,12.220000267028809,5.862341403961182,58634
2011-12-07,12.180000305175781,12.260000228881836,12.140000343322754,12.239999771118164,5.871934413909912,52517
2011-12-08,12.1899995803833,12.1899995803833,12.029999732971191,12.050000190734863,5.780786514282227,62509
2011-12-09,12.119999885559082,12.25,12.079999923706055,12.1899995803833,5.847949504852295,36558
2011-12-12,12.09000015258789,12.109999656677246,11.960000038146973,12.0600004196167,5.78558349609375,63414
2011-12-13,11.869999885559082,11.9399995803833,11.859999656677246,11.869999885559082,5.82978630065918,69605
2011-12-14,11.699999809265137,11.869999885559082,11.699999809265137,11.760000228881836,5.775760650634766,35726
2011-12-15,11.84000015258789,11.869999885559082,11.789999961853027,11.800000190734863,5.795406818389893,52946
2011-12-16,11.829999923706055,11.890000343322754,11.789999961853027,11.84000015258789,5.815052032470703,69449
2011-12-19,11.84000015258789,11.930000305175781,11.729999542236328,11.739999771118164,5.765937328338623,59341
2011-12-20,11.84000015258789,11.961600303649902,11.84000015258789,11.920000076293945,5.854341983795166,122198
2011-12-21,11.890000343322754,11.920000076293945,11.789999961853027,11.869999885559082,5.82978630065918,69423
2011-12-22,11.880000114440918,11.989999771118164,11.880000114440918,11.960000038146973,5.873988628387451,53774
2011-12-23,11.979999542236328,12.029999732971191,11.960000038146973,12.020000457763672,5.903459072113037,48222
2011-12-27,12.0,12.119999885559082,12.0,12.069999694824219,5.928012847900391,59095
2011-12-28,12.079999923706055,12.100000381469727,11.949999809265137,11.970000267028809,5.878899097442627,60546
2011-12-29,12.0,12.0600004196167,11.979999542236328,12.029999732971191,5.908370018005371,30907
2011-12-30,12.0600004196167,12.119999885559082,12.0600004196167,12.069999694824219,5.928012847900391,59210
2012-01-03,12.199999809265137,12.239999771118164,12.140000343322754,12.170000076293945,5.977128028869629,68902
2012-01-04,12.109999656677246,12.109999656677246,12.0,12.079999923706055,5.932925224304199,58346
2012-01-05,11.979999542236328,12.109999656677246,11.979999542236328,12.109999656677246,5.947659015655518,35206
2012-01-06,12.140000343322754,12.25,12.100000381469727,12.199999809265137,5.991860866546631,45355
2012-01-09,12.180000305175781,12.279999732971191,12.180000305175781,12.220000267028809,6.001684665679932,60525
2012-01-10,12.319999694824219,12.319999694824219,12.289999961853027,12.3100004196167,6.045886516571045,31894
2012-01-11,12.270000457763672,12.319999694824219,12.25,12.319999694824219,6.050797939300537,42301
2012-01-12,12.329999923706055,12.34000015258789,12.270000457763672,12.304800033569336,6.043331623077393,33896
2012-01-13,12.279999732971191,12.300000190734863,12.220000267028809,12.279999732971191,6.031154155731201,70040
2012-01-17,12.359999656677246,12.359999656677246,12.260000228881836,12.279999732971191,6.031154155731201,42085
2012-01-18,12.319999694824219,12.380000114440918,12.319999694824219,12.359999656677246,6.070443630218506,42892
2012-01-19,12.40999984741211,12.520000457763672,12.390000343322754,12.5,6.139202117919922,44070
2012-01-20,12.489999771118164,12.539999961853027,12.461799621582031,12.529999732971191,6.153936386108398,39587
2012-01-23,12.640000343322754,12.640000343322754,12.539999961853027,12.5600004196167,6.168671131134033,39304
2012-01-24,12.529999732971191,12.571399688720703,12.520000457763672,12.539999961853027,6.158847332000732,46072
2012-01-25,12.529999732971191,12.670000076293945,12.529999732971191,12.640000343322754,6.2079620361328125,74503
2012-01-26,12.65999984741211,12.729999542236328,12.609999656677246,12.630000114440918,6.203049659729004,58198
2012-01-27,12.699999809265137,12.699999809265137,12.600000381469727,12.640000343322754,6.2079620361328125,58502
2012-01-30,12.59000015258789,12.630000114440918,12.539999961853027,12.5600004196167,6.168671131134033,61287
2012-01-31,12.640000343322754,12.670000076293945,12.520000457763672,12.600000381469727,6.188313007354736,66343
2012-02-01,12.630000114440918,12.710000038146973,12.630000114440918,12.6899995803833,6.232519149780273,64546
2012-02-02,12.699999809265137,12.699999809265137,12.640000343322754,12.680000305175781,6.227606296539307,107397
2012-02-03,12.75,12.770000457763672,12.720000267028809,12.739999771118164,6.257073879241943,89842
2012-02-06,12.739999771118164,12.829999923706055,12.710000038146973,12.824999809265137,6.298820495605469,98608
2012-02-07,12.869999885559082,12.920000076293945,12.8100004196167,12.920000076293945,6.3454790115356445,89851
2012-02-08,12.9399995803833,13.0,12.869999885559082,12.949999809265137,6.360212326049805,98924
2012-02-09,12.970000267028809,12.979999542236328,12.920000076293945,12.949999809265137,6.360212326049805,48536
2012-02-10,12.890000343322754,12.90999984741211,12.869999885559082,12.90999984741211,6.340566158294678,67342
2012-02-13,12.989999771118164,13.0,12.937800407409668,12.979999542236328,6.3749470710754395,69064
2012-02-14,12.970000267028809,12.970000267028809,12.90999984741211,12.970000267028809,6.370037078857422,47855
2012-02-15,13.029999732971191,13.079999923706055,12.9399995803833,12.9399995803833,6.355299949645996,71430
2012-02-16,12.979999542236328,13.020000457763672,12.95989990234375,13.020000457763672,6.394593238830566,49752
2012-02-17,13.100000381469727,13.100000381469727,12.979999542236328,13.029999732971191,6.399504661560059,56052
2012-02-21,13.069999694824219,13.09000015258789,13.010000228881836,13.029999732971191,6.399504661560059,43392
2012-02-22,13.0600004196167,13.100000381469727,13.039999961853027,13.050000190734863,6.409327030181885,30191
2012-02-23,13.069999694824219,13.130000114440918,13.039999961853027,13.119999885559082,6.4437055587768555,55998
2012-02-24,13.109999656677246,13.149999618530273,13.100000381469727,13.119999885559082,6.4437055587768555,32157
2012-02-27,13.100000381469727,13.109999656677246,13.0600004196167,13.100000381469727,6.433884143829346,73555
2012-02-28,13.119999885559082,13.140000343322754,13.0600004196167,13.119999885559082,6.4437055587768555,30318
2012-02-29,13.140000343322754,13.170000076293945,13.039999961853027,13.0600004196167,6.414237976074219,50889
2012-03-01,13.100000381469727,13.140000343322754,13.100000381469727,13.130000114440918,6.448618412017822,44633
2012-03-02,13.100000381469727,13.109999656677246,13.050000190734863,13.050000190734863,6.409327030181885,36887
2012-03-05,13.09000015258789,13.09000015258789,13.021300315856934,13.039899826049805,6.404366493225098,44119
2012-03-06,13.0,13.0,12.850000381469727,12.899999618530273,6.3356547355651855,57354
2012-03-07,12.930000305175781,13.029999732971191,12.90999984741211,12.979999542236328,6.3749470710754395,99009
2012-03-08,13.069999694824219,13.100000381469727,13.0,13.09000015258789,6.428971290588379,70482
2012-03-09,13.09000015258789,13.229999542236328,13.069999694824219,13.1899995803833,6.478085994720459,128273
2012-03-12,13.199999809265137,13.34000015258789,13.149999618530273,13.270000457763672,6.51737642288208,257784
2012-03-13,13.069999694824219,13.199999809265137,13.0,13.1899995803833,6.6177215576171875,58116
2012-03-14,13.229999542236328,13.229999542236328,13.069999694824219,13.069999694824219,6.55751371383667,31714
2012-03-15,13.100000381469727,13.100000381469727,12.970000267028809,13.050000190734863,6.54748010635376,62347
2012-03-16,13.100000381469727,13.239999771118164,13.050000190734863,13.09000015258789,6.5675482749938965,56822
2012-03-19,13.039999961853027,13.100000381469727,13.020000457763672,13.09000015258789,6.5675482749938965,54962
2012-03-20,13.010000228881836,13.229999542236328,12.989999771118164,13.210000038146973,6.627753734588623,126539
2012-03-21,13.199999809265137,13.260000228881836,13.020000457763672,13.180000305175781,6.612703323364258,53222
2012-03-22,13.180000305175781,13.210000038146973,13.119999885559082,13.1899995803833,6.6177215576171875,75688
2012-03-23,13.170000076293945,13.270000457763672,13.130000114440918,13.270000457763672,6.657858848571777,105334
2012-03-26,13.329999923706055,13.350000381469727,13.25,13.289999961853027,6.667891979217529,61844
2012-03-27,13.279999732971191,13.350000381469727,13.279999732971191,13.329999923706055,6.687963485717773,52840
2012-03-28,13.359999656677246,13.390000343322754,13.199999809265137,13.270000457763672,6.657858848571777,82629
2012-03-29,13.1899995803833,13.279999732971191,13.1899995803833,13.239999771118164,6.6428070068359375,38643
2012-03-30,13.260000228881836,13.359999656677246,13.260000228881836,13.329999923706055,6.687963485717773,43270
2012-04-02,13.380000114440918,13.399999618530273,13.329999923706055,13.390000343322754,6.718067169189453,77626
2012-04-03,13.350000381469727,13.369999885559082,13.25,13.3100004196167,6.677928924560547,41396
2012-04-04,13.220000267028809,13.25,13.140000343322754,13.140000343322754,6.5926337242126465,47218
2012-04-05,13.140000343322754,13.180000305175781,13.100000381469727,13.109999656677246,6.57758092880249,39074
2012-04-09,13.010000228881836,13.038999557495117,12.960000038146973,12.989999771118164,6.517375946044922,42455
2012-04-10,13.0,13.020000457763672,12.850000381469727,12.869999885559082,6.457167625427246,30532
2012-04-11,12.930000305175781,13.010000228881836,12.869999885559082,12.890000343322754,6.467203617095947,67274
2012-04-12,12.920000076293945,13.020000457763672,12.920000076293945,13.0,6.5223917961120605,66350
2012-04-13,13.0,13.039999961853027,12.9399995803833,12.960000038146973,6.502326011657715,37935
2012-04-16,13.010000228881836,13.119999885559082,12.899999618530273,12.930000305175781,6.4872727394104,31992
2012-04-17,13.0,13.09000015258789,13.0,13.079999923706055,6.562532424926758,29446
2012-04-18,13.0600004196167,13.109999656677246,13.0600004196167,13.079999923706055,6.562532424926758,24450
2012-04-19,13.079999923706055,13.100000381469727,12.989999771118164,13.020000457763672,6.532428741455078,16865
2012-04-20,13.0600004196167,13.109999656677246,13.0600004196167,13.09000015258789,6.5675482749938965,23219
2012-04-23,13.010000228881836,13.09000015258789,13.0,13.050000190734863,6.54748010635376,32414
2012-04-24,13.069999694824219,13.130000114440918,13.069999694824219,13.109999656677246,6.57758092880249,27090
2012-04-25,13.180000305175781,13.215299606323242,13.149999618530273,13.215299606323242,6.6304144859313965,42741
2012-04-26,13.229999542236328,13.279999732971191,13.220000267028809,13.279899597167969,6.6628265380859375,32825
2012-04-27,13.270000457763672,13.279999732971191,13.239999771118164,13.26990032196045,6.657809257507324,15556
2012-04-30,13.279999732971191,13.279999732971191,13.210000038146973,13.220000267028809,6.632772445678711,32560
2012-05-01,13.25,13.319999694824219,13.210000038146973,13.260000228881836,6.652841091156006,35320
2012-05-02,13.239999771118164,13.260000228881836,13.180000305175781,13.199999809265137,6.622737407684326,26738
2012-05-03,13.199999809265137,13.220000267028809,13.079999923706055,13.100000381469727,6.572566509246826,36621
2012-05-04,13.039999961853027,13.050000190734863,12.949999809265137,12.989999771118164,6.517375946044922,31381
2012-05-07,12.920000076293945,13.010000228881836,12.920000076293945,12.979999542236328,6.512359142303467,45613
2012-05-08,12.930000305175781,12.970000267028809,12.859999656677246,12.899999618530273,6.472219944000244,45302
2012-05-09,12.829999923706055,12.899999618530273,12.790200233459473,12.829999923706055,6.437099456787109,52705
2012-05-10,12.920000076293945,12.930000305175781,12.850000381469727,12.850000381469727,6.447135925292969,38083
2012-05-11,12.819999694824219,12.90999984741211,12.8100004196167,12.869999885559082,6.457167625427246,35990
2012-05-14,12.800000190734863,12.800000190734863,12.670000076293945,12.670000076293945,6.3568243980407715,41111
2012-05-15,12.680000305175781,12.739999771118164,12.649999618530273,12.680000305175781,6.361841678619385,33034
2012-05-16,12.729999542236328,12.764200210571289,12.609999656677246,12.609999656677246,6.32672119140625,25722
2012-05-17,12.649999618530273,12.649999618530273,12.520000457763672,12.520000457763672,6.2815680503845215,27849
2012-05-18,12.510000228881836,12.510000228881836,12.350000381469727,12.350000381469727,6.196274280548096,36518
2012-05-21,12.420000076293945,12.449999809265137,12.350000381469727,12.430000305175781,6.2364115715026855,54441
2012-05-22,12.460000038146973,12.579999923706055,12.460000038146973,12.550000190734863,6.296620845794678,17910
2012-05-23,12.529999732971191,12.579999923706055,12.479999542236328,12.5600004196167,6.301637172698975,35626
2012-05-24,12.619999885559082,12.6899995803833,12.619999885559082,12.6899995803833,6.366861343383789,20556
2012-05-25,12.6899995803833,12.720000267028809,12.651700019836426,12.710000038146973,6.376894950866699,12855
2012-05-29,12.779999732971191,12.84000015258789,12.75,12.84000015258789,6.442118167877197,22189
2012-05-30,12.800000190734863,12.819999694824219,12.710000038146973,12.75,6.396963119506836,26326
2012-05-31,12.770000457763672,12.770000457763672,12.640000343322754,12.729999542236328,6.386927604675293,25350
2012-06-01,12.619999885559082,12.640000343322754,12.520000457763672,12.520000457763672,6.2815680503845215,28935
2012-06-04,12.510000228881836,12.550000190734863,12.300000190734863,12.350000381469727,6.196274280548096,36942
2012-06-05,12.369999885559082,12.40999984741211,12.369999885559082,12.399999618530273,6.2213592529296875,19998
2012-06-06,12.4399995803833,12.600000381469727,12.4399995803833,12.579999923706055,6.311669826507568,22038
2012-06-07,12.6899995803833,12.729999542236328,12.609999656677246,12.630000114440918,6.336757183074951,19657
2012-06-08,12.609999656677246,12.729999542236328,12.590100288391113,12.720000267028809,6.381911754608154,22110
2012-06-11,12.760000228881836,12.779999732971191,12.569999694824219,12.569999694824219,6.306651592254639,29996
2012-06-12,12.569999694824219,12.75,12.569999694824219,12.75,6.396963119506836,33575
2012-06-13,12.5,12.54010009765625,12.449999809265137,12.449999809265137,6.386703968048096,28607
2012-06-14,12.59000015258789,12.59000015258789,12.4399995803833,12.469900131225586,6.396912097930908,39768
2012-06-15,12.470000267028809,12.520000457763672,12.470000267028809,12.520000457763672,6.422614097595215,42774
2012-06-18,12.479999542236328,12.539999961853027,12.479999542236328,12.5,6.412353038787842,28171
2012-06-19,12.539999961853027,12.689000129699707,12.539999961853027,12.619999885559082,6.473911762237549,38119
2012-06-20,12.699999809265137,12.699999809265137,12.5600004196167,12.600000381469727,6.463649272918701,31334
2012-06-21,12.630000114440918,12.649999618530273,12.5,12.5,6.412353038787842,38207
2012-06-22,12.539999961853027,12.600000381469727,12.520000457763672,12.59000015258789,6.458523273468018,15043
2012-06-25,12.529999732971191,12.539999961853027,12.460000038146973,12.470000267028809,6.396964073181152,35575
2012-06-26,12.470000267028809,12.5600004196167,12.470000267028809,12.520000457763672,6.422614097595215,35664
2012-06-27,12.5600004196167,12.670000076293945,12.550000190734863,12.59000015258789,6.458523273468018,32238
2012-06-28,12.550000190734863,12.579999923706055,12.510000228881836,12.569999694824219,6.44826078414917,43824
2012-06-29,12.6899995803833,12.789999961853027,12.6899995803833,12.789999961853027,6.56112003326416,43018
2012-07-02,12.890000343322754,13.199999809265137,12.819999694824219,12.859999656677246,6.597028732299805,74409
2012-07-03,12.899999618530273,12.979900360107422,12.899999618530273,12.970000267028809,6.653458595275879,23137
2012-07-05,12.920000076293945,13.0,12.850000381469727,12.984000205993652,6.660635948181152,23147
2012-07-06,12.920000076293945,12.979999542236328,12.899999618530273,12.919899940490723,6.627756595611572,11274
2012-07-09,12.90999984741211,12.95989990234375,12.909600257873535,12.937999725341797,6.637042999267578,17608
2012-07-10,13.010000228881836,13.09000015258789,12.829999923706055,12.84000015258789,6.586768627166748,28245
2012-07-11,12.869999885559082,12.960000038146973,12.8100004196167,12.850000381469727,6.591899394989014,37497
2012-07-12,12.779999732971191,12.829999923706055,12.770000457763672,12.789999961853027,6.56112003326416,19204
2012-07-13,12.779999732971191,12.949999809265137,12.779999732971191,12.9399995803833,6.638065814971924,36921
2012-07-16,12.9399995803833,12.9399995803833,12.880000114440918,12.899999618530273,6.617546558380127,20513
2012-07-17,12.9399995803833,12.987799644470215,12.819999694824219,12.979999542236328,6.6585869789123535,36907
2012-07-18,12.920000076293945,13.010000228881836,12.899999618530273,12.989999771118164,6.663716793060303,33942
2012-07-19,13.0,13.029999732971191,12.90999984741211,12.949999809265137,6.6431965827941895,47435
2012-07-20,12.930000305175781,12.949999809265137,12.850000381469727,12.890000343322754,6.612417221069336,39199
2012-07-23,12.8100004196167,12.899999618530273,12.794899940490723,12.899999618530273,6.617546558380127,31961
2012-07-24,12.90999984741211,12.9399995803833,12.760000228881836,12.829999923706055,6.581637382507324,53053
2012-07-25,12.890000343322754,12.949999809265137,12.869999885559082,12.91100025177002,6.623191833496094,32377
2012-07-26,13.029999732971191,13.039999961853027,12.9399995803833,13.029999732971191,6.684237480163574,40210
2012-07-27,13.050000190734863,13.119999885559082,13.010000228881836,13.100000381469727,6.720146179199219,38223
2012-07-30,13.09000015258789,13.100000381469727,12.979999542236328,13.0600004196167,6.699626445770264,38948
2012-07-31,13.079999923706055,13.100000381469727,13.0,13.079999923706055,6.7098870277404785,37632
2012-08-01,13.130000114440918,13.170000076293945,13.100500106811523,13.119999885559082,6.730405330657959,28179
2012-08-02,13.069999694824219,13.119999885559082,13.039999961853027,13.100000381469727,6.720146179199219,26021
2012-08-03,13.25,13.300100326538086,13.239999771118164,13.239999771118164,6.791964054107666,38662
2012-08-06,13.289999961853027,13.3100004196167,13.239999771118164,13.260000228881836,6.802223205566406,29407
2012-08-07,13.260000228881836,13.3100004196167,13.25,13.270000457763672,6.807353973388672,21768
2012-08-08,13.25,13.279999732971191,13.199999809265137,13.199999809265137,6.771443843841553,19438
2012-08-09,13.199999809265137,13.270000457763672,13.170999526977539,13.199999809265137,6.771443843841553,34671
2012-08-10,13.199999809265137,13.369999885559082,13.15999984741211,13.210000038146973,6.7765727043151855,82218
2012-08-13,13.1899995803833,13.270000457763672,13.170000076293945,13.210000038146973,6.7765727043151855,35531
2012-08-14,13.220000267028809,13.279999732971191,13.15999984741211,13.210000038146973,6.7765727043151855,44478
2012-08-15,13.1899995803833,13.270000457763672,13.149999618530273,13.270000457763672,6.807353973388672,41458
2012-08-16,13.270000457763672,13.460000038146973,13.260000228881836,13.420000076293945,6.884301662445068,104466
2012-08-17,13.40999984741211,13.4399995803833,13.390000343322754,13.40999984741211,6.879173755645752,33580
2012-08-20,13.399999618530273,13.430000305175781,13.34000015258789,13.359999656677246,6.853522300720215,33140
2012-08-21,13.369999885559082,13.460100173950195,13.34000015258789,13.350000381469727,6.848395347595215,70843
2012-08-22,13.319999694824219,13.372400283813477,13.300000190734863,13.350000381469727,6.848395347595215,50597
2012-08-23,13.350000381469727,13.390000343322754,13.300000190734863,13.329999923706055,6.838133811950684,48302
2012-08-24,13.350000381469727,13.380000114440918,13.300100326538086,13.380000114440918,6.863780498504639,24177
2012-08-27,13.40999984741211,13.449999809265137,13.350000381469727,13.359999656677246,6.853522300720215,35376
2012-08-28,13.380000114440918,13.380000114440918,13.300000190734863,13.34000015258789,6.843263149261475,49287
2012-08-29,13.319999694824219,13.460000038146973,13.319999694824219,13.40999984741211,6.879173755645752,36999
2012-08-30,13.390000343322754,13.420000076293945,13.3100004196167,13.329999923706055,6.838133811950684,39980
2012-08-31,13.329999923706055,13.430000305175781,13.329999923706055,13.430000305175781,6.889431953430176,28760
2012-09-04,13.380000114440918,13.424400329589844,13.34220027923584,13.399999618530273,6.874042987823486,23376
2012-09-05,13.369999885559082,13.399999618530273,13.239999771118164,13.3100004196167,6.827874183654785,51596
2012-09-06,13.350000381469727,13.430000305175781,13.29990005493164,13.359999656677246,6.853522300720215,75294
2012-09-07,13.329999923706055,13.390000343322754,13.3100004196167,13.390000343322754,6.868913650512695,44569
2012-09-10,13.34000015258789,13.369999885559082,13.319999694824219,13.359999656677246,6.853522300720215,39822
2012-09-11,13.359999656677246,13.4399995803833,13.359999656677246,13.420000076293945,6.884301662445068,41820
2012-09-12,13.140000343322754,13.239999771118164,13.140000343322754,13.1899995803833,6.910498142242432,43741
2012-09-13,13.180000305175781,13.288000106811523,13.100000381469727,13.270000457763672,6.95241117477417,76120
2012-09-14,13.34000015258789,13.640000343322754,13.34000015258789,13.380000114440918,7.010039806365967,137463
2012-09-17,13.380000114440918,13.40999984741211,13.34000015258789,13.34000015258789,6.989086151123047,40744
2012-09-18,13.300000190734863,13.399999618530273,13.289999961853027,13.399999618530273,7.020521640777588,49266
2012-09-19,13.399999618530273,13.470000267028809,13.390000343322754,13.410599708557129,7.026074409484863,37250
2012-09-20,13.369999885559082,13.430000305175781,13.329999923706055,13.39009952545166,7.01533317565918,40255
2012-09-21,13.510000228881836,13.520000457763672,13.430000305175781,13.430000305175781,7.036238193511963,51832
2012-09-24,13.4399995803833,13.470000267028809,13.34000015258789,13.380000114440918,7.010039806365967,66531
2012-09-25,13.399999618530273,13.4399995803833,13.350000381469727,13.369999885559082,7.004803657531738,48112
2012-09-26,13.369999885559082,13.539999961853027,13.358200073242188,13.469900131225586,7.057141304016113,108734
2012-09-27,13.449999809265137,13.640000343322754,13.380000114440918,13.640000343322754,7.1462626457214355,83625
2012-09-28,13.59000015258789,13.65999984741211,13.5600004196167,13.600000381469727,7.125304222106934,37728
2012-10-01,13.720000267028809,13.800000190734863,13.720000267028809,13.75,7.203893661499023,57183
2012-10-02,13.739999771118164,13.739999771118164,13.520000457763672,13.59000015258789,7.120067119598389,48308
2012-10-03,13.5600004196167,13.569999694824219,13.510000228881836,13.529999732971191,7.088630676269531,40327
2012-10-04,13.510000228881836,13.65999984741211,13.5,13.649900436401367,7.15144681930542,45113
2012-10-05,13.630000114440918,13.70989990234375,13.529999732971191,13.539999961853027,7.093869209289551,26581
2012-10-08,13.5,13.65999984741211,13.5,13.59000015258789,7.120067119598389,28888
2012-10-09,13.550000190734863,13.640000343322754,13.539999961853027,13.550000190734863,7.099108695983887,47936
2012-10-10,13.520000457763672,13.539999961853027,13.380000114440918,13.470000267028809,7.057193756103516,63622
2012-10-11,13.489999771118164,13.529999732971191,13.40999984741211,13.40999984741211,7.025761604309082,37893
2012-10-12,13.399999618530273,13.489999771118164,13.369999885559082,13.390000343322754,7.015283584594727,36643
2012-10-15,13.40999984741211,13.460000038146973,13.369999885559082,13.429900169372559,7.036185264587402,52272
2012-10-16,13.4399995803833,13.539999961853027,13.4399995803833,13.460000038146973,7.051954746246338,30914
2012-10-17,13.460000038146973,13.470000267028809,13.40999984741211,13.40999984741211,7.025761604309082,35860
2012-10-18,13.399999618530273,13.399999618530273,13.289999961853027,13.329999923706055,6.983847618103027,44562
2012-10-19,13.329999923706055,13.329999923706055,13.149999618530273,13.180000305175781,6.905258655548096,47680
2012-10-22,13.1899995803833,13.229999542236328,13.130000114440918,13.199999809265137,6.915736675262451,72880
2012-10-23,13.130000114440918,13.270000457763672,13.079999923706055,13.270000457763672,6.95241117477417,48188
2012-10-24,13.239999771118164,13.260000228881836,13.199999809265137,13.220000267028809,6.926215171813965,39749
2012-10-25,13.25,13.270000457763672,13.130000114440918,13.149999618530273,6.889541149139404,60196
2012-10-26,13.140000343322754,13.177800178527832,13.029999732971191,13.119999885559082,6.8738226890563965,45598
2012-10-31,13.119999885559082,13.229999542236328,13.079999923706055,13.1899995803833,6.910498142242432,64303
2012-11-01,13.210000038146973,13.319999694824219,13.210000038146973,13.270000457763672,6.95241117477417,51569
2012-11-02,13.300000190734863,13.3100004196167,13.228599548339844,13.239999771118164,6.93669319152832,24089
2012-11-05,13.1899995803833,13.25,13.149999618530273,13.25,6.941933631896973,28495
2012-11-06,13.239999771118164,13.369999885559082,13.239999771118164,13.359999656677246,6.999563217163086,29203
2012-11-07,13.279999732971191,13.279999732971191,13.069999694824219,13.130000114440918,6.879063129425049,38858
2012-11-08,13.100000381469727,13.140000343322754,12.979999542236328,13.010000228881836,6.816193580627441,41480
2012-11-09,12.9399995803833,12.989999771118164,12.84000015258789,12.949999809265137,6.784756183624268,60233
2012-11-12,12.930000305175781,12.989999771118164,12.899999618530273,12.930000305175781,6.7742791175842285,46747
2012-11-13,12.8100004196167,12.90999984741211,12.8100004196167,12.869999885559082,6.742841720581055,49401
2012-11-14,12.880000114440918,12.880000114440918,12.470000267028809,12.5,6.5489935874938965,86910
2012-11-15,12.449999809265137,12.470000267028809,12.107399940490723,12.210000038146973,6.397056579589844,150631
2012-11-16,12.1899995803833,12.579999923706055,12.130000114440918,12.569999694824219,6.585666656494141,109442
2012-11-19,12.6899995803833,12.90999984741211,12.6899995803833,12.84000015258789,6.727125644683838,51561
2012-11-20,12.770000457763672,12.869999885559082,12.75,12.8100004196167,6.711409091949463,47512
2012-11-21,12.850000381469727,12.979999542236328,12.850000381469727,12.970000267028809,6.795236587524414,25599
2012-11-23,13.029999732971191,13.1899995803833,13.010000228881836,13.170000076293945,6.90001916885376,29141
2012-11-26,13.100000381469727,13.170000076293945,13.069999694824219,13.170000076293945,6.90001916885376,37466
2012-11-27,13.149999618530273,13.199999809265137,13.140000343322754,13.199999809265137,6.915736675262451,48182
2012-11-28,13.149999618530273,13.3100004196167,13.119999885559082,13.289999961853027,6.962888717651367,44477
2012-11-29,13.289999961853027,13.390000343322754,13.239999771118164,13.270000457763672,6.95241117477417,36663
2012-11-30,13.239999771118164,13.239999771118164,13.050000190734863,13.100000381469727,6.863346099853516,72064
2012-12-03,13.100000381469727,13.140999794006348,13.020000457763672,13.070899963378906,6.8481011390686035,70549
2012-12-04,13.100000381469727,13.100000381469727,12.949999809265137,13.029999732971191,6.826671123504639,47959
2012-12-05,13.010000228881836,13.052499771118164,12.970000267028809,12.970000267028809,6.795236587524414,69806
2012-12-06,12.9399995803833,12.960000038146973,12.859999656677246,12.930000305175781,6.7742791175842285,78397
2012-12-07,12.920000076293945,13.010000228881836,12.920000076293945,13.0,6.8109517097473145,57366
2012-12-10,12.9399995803833,13.010000228881836,12.920000076293945,12.930000305175781,6.7742791175842285,53096
2012-12-11,12.930000305175781,13.109999656677246,12.920000076293945,13.079999923706055,6.852867603302002,71598
2012-12-12,12.880000114440918,12.880000114440918,12.760000228881836,12.850000381469727,6.879635810852051,60731
2012-12-13,12.680000305175781,12.779999732971191,12.649999618530273,12.770000457763672,6.836803913116455,212448
2012-12-14,12.729999542236328,12.819999694824219,12.729999542236328,12.760000228881836,6.831450939178467,46657
2012-12-17,12.760000228881836,12.859999656677246,12.760000228881836,12.829999923706055,6.868926525115967,50381
2012-12-18,12.8100004196167,12.930000305175781,12.79990005493164,12.930000305175781,6.922466278076172,81533
2012-12-19,12.90999984741211,12.949999809265137,12.819999694824219,12.869999885559082,6.890341281890869,58545
2012-12-20,12.850000381469727,12.949999809265137,12.779999732971191,12.920000076293945,6.917112350463867,30985
2012-12-21,12.829999923706055,12.949999809265137,12.829999923706055,12.890000343322754,6.901049613952637,56896
2012-12-24,12.920000076293945,12.979999542236328,12.859999656677246,12.949999809265137,6.933172702789307,26542
2012-12-26,12.979999542236328,13.039999961853027,12.922900199890137,12.930000305175781,6.922466278076172,55246
2012-12-27,12.9399995803833,12.989999771118164,12.859399795532227,12.920000076293945,6.917112350463867,52758
2012-12-28,12.880000114440918,12.9399995803833,12.850000381469727,12.880000114440918,6.895697116851807,39436
2012-12-31,13.170000076293945,13.170000076293945,12.920000076293945,12.930000305175781,6.922466278076172,78914
2013-01-02,13.050000190734863,13.220000267028809,13.029999732971191,13.199999809265137,7.067018508911133,91845
2013-01-03,13.130000114440918,13.170000076293945,13.100000381469727,13.119999885559082,7.0241875648498535,60971
2013-01-04,13.140000343322754,13.329999923706055,13.140000343322754,13.329999923706055,7.1366190910339355,35967
2013-01-07,13.270000457763672,13.350000381469727,13.270000457763672,13.289999961853027,7.115201950073242,54619
2013-01-08,13.25,13.319999694824219,13.239999771118164,13.289999961853027,7.115201950073242,37762
2013-01-09,13.270000457763672,13.359999656677246,13.270000457763672,13.3100004196167,7.125911235809326,39949
2013-01-10,13.319999694824219,13.399999618530273,13.319999694824219,13.380000114440918,7.163384437561035,47321
2013-01-11,13.369999885559082,13.520000457763672,13.350000381469727,13.520000457763672,7.238338470458984,107053
2013-01-14,13.449999809265137,13.520000457763672,13.427000045776367,13.470000267028809,7.211569786071777,51017
2013-01-15,13.40999984741211,13.479999542236328,13.390000343322754,13.479999542236328,7.216925144195557,54304
2013-01-16,13.449999809265137,13.550000190734863,13.449999809265137,13.550000190734863,7.254401683807373,43359
2013-01-17,13.630000114440918,13.669899940490723,13.569999694824219,13.579999923706055,7.270462989807129,43195
2013-01-18,13.600000381469727,13.649999618530273,13.539999961853027,13.59000015258789,7.275818347930908,38655
2013-01-22,13.619999885559082,13.710000038146973,13.619999885559082,13.65999984741211,7.313292980194092,37961
2013-01-23,13.65999984741211,13.720000267028809,13.630000114440918,13.659899711608887,7.31323766708374,51311
2013-01-24,13.640000343322754,13.729999542236328,13.630000114440918,13.6899995803833,7.329356670379639,32974
2013-01-25,13.720000267028809,13.739999771118164,13.640000343322754,13.680000305175781,7.324002265930176,32841
2013-01-28,13.720000267028809,13.720000267028809,13.583999633789062,13.597000122070312,7.279564380645752,44416
2013-01-29,13.59000015258789,13.640000343322754,13.569999694824219,13.619999885559082,7.291879177093506,53307
2013-01-30,13.630000114440918,13.65999984741211,13.550000190734863,13.550000190734863,7.254401683807373,38906
2013-01-31,13.550000190734863,13.6899995803833,13.550000190734863,13.65999984741211,7.313292980194092,125571
2013-02-01,13.6899995803833,13.710000038146973,13.600000381469727,13.600000381469727,7.281169891357422,77372
2013-02-04,13.569999694824219,13.739999771118164,13.350000381469727,13.460000038146973,7.206216335296631,53559
2013-02-05,13.510000228881836,13.670000076293945,13.510000228881836,13.649999618530273,7.307939052581787,47744
2013-02-06,13.600000381469727,13.699999809265137,13.59000015258789,13.699999809265137,7.3347063064575195,36811
2013-02-07,13.6899995803833,13.729999542236328,13.59000015258789,13.729999542236328,7.350772380828857,39605
2013-02-08,13.699999809265137,13.75,13.699999809265137,13.710000038146973,7.340062141418457,20228
2013-02-11,13.670000076293945,13.720000267028809,13.579999923706055,13.609999656677246,7.286524295806885,38212
2013-02-12,13.569999694824219,13.75,13.569999694824219,13.729999542236328,7.350772380828857,49282
2013-02-13,13.729999542236328,13.770000457763672,13.6899995803833,13.699999809265137,7.3347063064575195,42204
2013-02-14,13.649999618530273,13.748200416564941,13.619999885559082,13.739999771118164,7.3561248779296875,42061
2013-02-15,13.770000457763672,13.770000457763672,13.649999618530273,13.739999771118164,7.3561248779296875,22838
2013-02-19,13.779999732971191,13.84000015258789,13.739999771118164,13.789999961853027,7.3828935623168945,36842
2013-02-20,13.779999732971191,13.79010009765625,13.59000015258789,13.649999618530273,7.307939052581787,51876
2013-02-21,13.619999885559082,13.670000076293945,13.569000244140625,13.579999923706055,7.270462989807129,33482
2013-02-22,13.65999984741211,13.710000038146973,13.569999694824219,13.710000038146973,7.340062141418457,28670
2013-02-25,13.710000038146973,13.739999771118164,13.609999656677246,13.609999656677246,7.286524295806885,44882
2013-02-26,13.609999656677246,13.640000343322754,13.550000190734863,13.569999694824219,7.265110492706299,40202
2013-02-27,13.569999694824219,13.710000038146973,13.5600004196167,13.699999809265137,7.3347063064575195,45297
2013-02-28,13.670000076293945,13.800000190734863,13.670000076293945,13.789999961853027,7.3828935623168945,51779
2013-03-01,13.75,13.850000381469727,13.729999542236328,13.8100004196167,7.3936004638671875,50062
2013-03-04,13.75,13.869999885559082,13.710000038146973,13.869999885559082,7.425723552703857,48697
2013-03-05,13.869999885559082,13.960000038146973,13.8100004196167,13.949999809265137,7.468555450439453,44498
2013-03-06,13.920000076293945,14.020000457763672,13.84000015258789,13.920000076293945,7.452492713928223,44541
2013-03-07,13.869999885559082,13.949999809265137,13.8100004196167,13.930000305175781,7.4578447341918945,58430
2013-03-08,13.899999618530273,13.989999771118164,13.859999656677246,13.949999809265137,7.468555450439453,33902
2013-03-11,14.010000228881836,14.0600004196167,13.90999984741211,13.9399995803833,7.463198661804199,50872
2013-03-12,13.90999984741211,13.970000267028809,13.869999885559082,13.970000267028809,7.479261875152588,35953
2013-03-13,13.739999771118164,13.769000053405762,13.6899995803833,13.739999771118164,7.50657844543457,41410
2013-03-14,13.729999542236328,13.86989974975586,13.710000038146973,13.739999771118164,7.50657844543457,41906
2013-03-15,13.739999771118164,13.784000396728516,13.670000076293945,13.699999809265137,7.4847235679626465,40724
2013-03-18,13.600000381469727,13.720000267028809,13.600000381469727,13.680000305175781,7.473798751831055,26758
2013-03-19,13.680000305175781,13.699999809265137,13.560999870300293,13.59000015258789,7.424629211425781,48609
2013-03-20,13.640000343322754,13.649999618530273,13.609999656677246,13.649999618530273,7.4574079513549805,47037
2013-03-21,13.619999885559082,13.65999984741211,13.600000381469727,13.640000343322754,7.45194673538208,40470
2013-03-22,13.649999618530273,13.710000038146973,13.630000114440918,13.649999618530273,7.4574079513549805,74250
2013-03-25,13.649999618530273,13.6899995803833,13.609999656677246,13.680000305175781,7.473798751831055,64446
2013-03-26,13.720000267028809,13.829999923706055,13.720000267028809,13.75,7.512041091918945,48270
2013-03-27,13.6899995803833,13.770000457763672,13.670000076293945,13.670000076293945,7.4683356285095215,52859
2013-03-28,13.710000038146973,13.800200462341309,13.640000343322754,13.640000343322754,7.45194673538208,134136
2013-04-01,13.800000190734863,13.800000190734863,13.65999984741211,13.699999809265137,7.4847235679626465,81120
2013-04-02,13.779999732971191,13.8100004196167,13.720000267028809,13.75,7.512041091918945,54781
2013-04-03,13.710000038146973,13.770000457763672,13.600000381469727,13.640000343322754,7.45194673538208,70785
2013-04-04,13.699999809265137,13.739999771118164,13.619999885559082,13.619999885559082,7.441018581390381,43154
2013-04-05,13.619999885559082,13.640000343322754,13.585000038146973,13.630000114440918,7.446482181549072,75617
2013-04-08,13.630000114440918,13.649999618530273,13.59000015258789,13.609999656677246,7.435554027557373,38907
2013-04-09,13.649999618530273,13.670000076293945,13.600000381469727,13.630000114440918,7.446482181549072,128636
2013-04-10,13.699999809265137,13.75,13.609999656677246,13.75,7.512041091918945,131213
2013-04-11,13.770000457763672,13.800000190734863,13.720000267028809,13.729999542236328,7.501115798950195,45946
2013-04-12,13.729999542236328,13.779999732971191,13.649999618530273,13.699999809265137,7.4847235679626465,48834
2013-04-15,13.699999809265137,13.710000038146973,13.550000190734863,13.569999694824219,7.413703918457031,43260
2013-04-16,13.649999618530273,13.729999542236328,13.649999618530273,13.720000267028809,7.4956488609313965,37013
2013-04-17,13.680000305175781,13.680000305175781,13.550999641418457,13.609999656677246,7.435554027557373,34156
2013-04-18,13.649999618530273,13.670000076293945,13.520000457763672,13.539999961853027,7.397311687469482,63787
2013-04-19,13.5600004196167,13.640000343322754,13.529999732971191,13.640000343322754,7.45194673538208,29439
2013-04-22,13.65999984741211,13.670000076293945,13.60990047454834,13.660099983215332,7.462926387786865,31480
2013-04-23,13.739999771118164,13.774999618530273,13.720000267028809,13.749899864196777,7.511987209320068,47341
2013-04-24,13.779999732971191,13.789999961853027,13.680000305175781,13.710000038146973,7.490187644958496,62947
2013-04-25,13.760000228881836,13.800000190734863,13.729999542236328,13.779999732971191,7.528432369232178,88874
2013-04-26,13.819999694824219,13.819999694824219,13.723999977111816,13.739999771118164,7.50657844543457,45244
2013-04-29,13.789999961853027,13.8100004196167,13.75,13.75,7.512041091918945,67704
2013-04-30,13.779999732971191,13.789999961853027,13.739999771118164,13.75,7.512041091918945,55767
2013-05-01,13.779999732971191,13.800100326538086,13.699999809265137,13.729999542236328,7.501115798950195,60268
2013-05-02,13.779999732971191,13.819999694824219,13.720000267028809,13.789999961853027,7.533895492553711,40000
2013-05-03,13.880000114440918,13.890000343322754,13.800100326538086,13.819999694824219,7.5502848625183105,62905
2013-05-06,13.829999923706055,13.850000381469727,13.800000190734863,13.819999694824219,7.5502848625183105,45527
2013-05-07,13.850000381469727,13.869999885559082,13.789999961853027,13.859999656677246,7.572136878967285,62254
2013-05-08,13.880000114440918,13.939000129699707,13.850000381469727,13.899999618530273,7.593989372253418,119513
2013-05-09,13.930000305175781,13.949999809265137,13.899999618530273,13.920000076293945,7.604916572570801,36535
2013-05-10,13.960000038146973,13.970000267028809,13.919899940490723,13.9399995803833,7.615842342376709,64489
2013-05-13,13.979999542236328,13.979999542236328,13.890000343322754,13.930000305175781,7.610379695892334,118527
2013-05-14,13.960000038146973,14.020000457763672,13.920900344848633,14.01990032196045,7.659496307373047,215046
2013-05-15,13.989999771118164,14.0600004196167,13.981200218200684,14.0600004196167,7.681405544281006,51468
2013-05-16,14.020000457763672,14.109999656677246,14.020000457763672,14.100000381469727,7.7032551765441895,41772
2013-05-17,14.170000076293945,14.1899995803833,14.09000015258789,14.1899995803833,7.752425670623779,41905
2013-05-20,14.210000038146973,14.229900360107422,14.149999618530273,14.199999809265137,7.757887840270996,36473
2013-05-21,14.210000038146973,14.239999771118164,14.180000305175781,14.229900360107422,7.774223804473877,47442
2013-05-22,14.260000228881836,14.289999961853027,14.100000381469727,14.15999984741211,7.736038684844971,91223
2013-05-23,14.039999961853027,14.14900016784668,14.010000228881836,14.14900016784668,7.730027675628662,71137
2013-05-24,14.109999656677246,14.130000114440918,14.0600004196167,14.130000114440918,7.719646453857422,40308
2013-05-28,14.1899995803833,14.239999771118164,14.109999656677246,14.159899711608887,7.735981464385986,64647
2013-05-29,14.130000114440918,14.140000343322754,14.005499839782715,14.069999694824219,7.686869144439697,83192
2013-05-30,14.0600004196167,14.140000343322754,14.050000190734863,14.140000343322754,7.725109577178955,56612
2013-05-31,14.0600004196167,14.119999885559082,13.930000305175781,13.960000038146973,7.626771926879883,135117
2013-06-03,13.970000267028809,13.970000267028809,13.800000190734863,13.880000114440918,7.583064079284668,73986
2013-06-04,13.869999885559082,13.949000358581543,13.851200103759766,13.930000305175781,7.610379695892334,92865
2013-06-05,13.9399995803833,13.9399995803833,13.8100004196167,13.8100004196167,7.544820308685303,96248
2013-06-06,13.800000190734863,13.899900436401367,13.800000190734863,13.880000114440918,7.583064079284668,51285
2013-06-07,13.979999542236328,14.149999618530273,13.899999618530273,14.146599769592285,7.7287139892578125,84195
2013-06-10,14.140000343322754,14.182000160217285,14.100000381469727,14.100000381469727,7.7032551765441895,54592
2013-06-11,14.039999961853027,14.10990047454834,14.0,14.079999923706055,7.692331314086914,42845
2013-06-12,13.819999694824219,13.819999694824219,13.630999565124512,13.685199737548828,7.628339767456055,58499
2013-06-13,13.579999923706055,13.869999885559082,13.579999923706055,13.869999885559082,7.731350421905518,52735
2013-06-14,13.859999656677246,13.920000076293945,13.720000267028809,13.8100004196167,7.697903633117676,55074
2013-06-17,13.880000114440918,13.89900016784668,13.640000343322754,13.75,7.664459228515625,82258
2013-06-18,13.770000457763672,13.809900283813477,13.720000267028809,13.800100326538086,7.692387104034424,30762
2013-06-19,13.829999923706055,13.880000114440918,13.729999542236328,13.729999542236328,7.653312683105469,59170
2013-06-20,13.649999618530273,13.699999809265137,13.40999984741211,13.460000038146973,7.502808570861816,59837
2013-06-21,13.529999732971191,13.569899559020996,13.40999984741211,13.569899559020996,7.5640668869018555,42109
2013-06-24,13.460000038146973,13.479999542236328,13.25,13.270000457763672,7.396900177001953,65223
2013-06-25,13.40999984741211,13.4399995803833,13.329999923706055,13.40999984741211,7.474939823150635,49458
2013-06-26,13.529999732971191,13.720000267028809,13.449999809265137,13.6899995803833,7.631016254425049,57026
2013-06-27,13.8100004196167,13.8100004196167,13.720000267028809,13.75,7.664459228515625,47818
2013-06-28,13.75,13.881699562072754,13.720000267028809,13.800000190734863,7.692331314086914,54921
2013-07-01,13.90999984741211,13.98740005493164,13.890000343322754,13.920000076293945,7.759219646453857,77392
2013-07-02,13.90999984741211,13.989999771118164,13.789999961853027,13.880000114440918,7.7369232177734375,23956
2013-07-03,13.630000114440918,13.770999908447266,13.630000114440918,13.75,7.664459228515625,48564
2013-07-05,13.850000381469727,13.850000381469727,13.779999732971191,13.800000190734863,7.692331314086914,28993
2013-07-08,13.920000076293945,13.979999542236328,13.819999694824219,13.84000015258789,7.714627265930176,49437
2013-07-09,13.90999984741211,13.979999542236328,13.869999885559082,13.979999542236328,7.792664527893066,50804
2013-07-10,13.979999542236328,14.0,13.930000305175781,13.970000267028809,7.787091255187988,45493
2013-07-11,14.100000381469727,14.15999984741211,14.0,14.15999984741211,7.893001556396484,65268
2013-07-12,14.170000076293945,14.170000076293945,14.050000190734863,14.100000381469727,7.859554290771484,16846
2013-07-15,14.130000114440918,14.229999542236328,14.11400032043457,14.140000343322754,7.8818511962890625,68694
2013-07-16,14.149999618530273,14.149999618530273,14.0,14.029999732971191,7.820537090301514,42919
2013-07-17,14.09000015258789,14.170000076293945,14.029999732971191,14.069999694824219,7.842833995819092,41762
2013-07-18,14.119999885559082,14.170000076293945,14.100000381469727,14.138999938964844,7.881295204162598,44723
2013-07-19,14.149999618530273,14.170000076293945,14.0600004196167,14.09000015258789,7.85398006439209,19946
2013-07-22,14.109999656677246,14.130000114440918,14.050000190734863,14.09000015258789,7.85398006439209,32463
2013-07-23,14.199999809265137,14.199999809265137,14.109999656677246,14.1899995803833,7.909721374511719,35437
2013-07-24,14.1899995803833,14.239999771118164,14.110099792480469,14.15999984741211,7.893001556396484,40029
2013-07-25,14.170000076293945,14.199999809265137,14.100000381469727,14.194700241088867,7.9123430252075195,28948
2013-07-26,14.0600004196167,14.180000305175781,14.0600004196167,14.15999984741211,7.893001556396484,47443
2013-07-29,14.180000305175781,14.239999771118164,14.020000457763672,14.0600004196167,7.8372602462768555,46916
2013-07-30,14.140000343322754,14.15999984741211,14.010000228881836,14.059100151062012,7.836755275726318,39863
2013-07-31,14.119999885559082,14.132499694824219,14.0,14.0600004196167,7.8372602462768555,68274
2013-08-01,14.130000114440918,14.199999809265137,14.079999923706055,14.130000114440918,7.876276969909668,34035
2013-08-02,14.149999618530273,14.168999671936035,14.069999694824219,14.100000381469727,7.859554290771484,29416
2013-08-05,14.130000114440918,14.130000114440918,14.069999694824219,14.100000381469727,7.859554290771484,28546
2013-08-06,14.109999656677246,14.109999656677246,14.050000190734863,14.100000381469727,7.859554290771484,29307
2013-08-07,14.069999694824219,14.100000381469727,14.045999526977539,14.100000381469727,7.859554290771484,22441
2013-08-08,14.140000343322754,14.168999671936035,14.039999961853027,14.140000343322754,7.8818511962890625,29808
2013-08-09,14.15999984741211,14.170000076293945,14.0600004196167,14.09000015258789,7.85398006439209,10839
2013-08-12,14.020000457763672,14.140000343322754,14.020000457763672,14.119999885559082,7.870706081390381,18598
2013-08-13,14.15999984741211,14.15999984741211,14.0600004196167,14.140000343322754,7.8818511962890625,20349
2013-08-14,14.15999984741211,14.170000076293945,14.079999923706055,14.109999656677246,7.865128993988037,39674
2013-08-15,14.09000015258789,14.09000015258789,13.899999618530273,13.930000305175781,7.764793872833252,38856
2013-08-16,13.970000267028809,14.029999732971191,13.923800468444824,13.979999542236328,7.792664527893066,30364
2013-08-19,14.010000228881836,14.039999961853027,13.880000114440918,13.880000114440918,7.7369232177734375,23397
2013-08-20,13.859999656677246,13.970000267028809,13.859999656677246,13.93220043182373,7.766022205352783,17214
2013-08-21,13.949999809265137,14.010000228881836,13.869999885559082,13.899999618530273,7.748070240020752,18504
2013-08-22,13.949999809265137,13.960000038146973,13.900099754333496,13.930000305175781,7.764793872833252,30077
2013-08-23,13.90999984741211,13.989999771118164,13.880000114440918,13.989999771118164,7.798238754272461,17445
2013-08-26,14.029999732971191,14.050000190734863,13.920100212097168,13.970000267028809,7.787091255187988,38886
2013-08-27,13.890000343322754,13.899999618530273,13.75,13.779999732971191,7.6811842918396,35962
2013-08-28,13.75,13.800000190734863,13.720000267028809,13.800000190734863,7.692331314086914,26070
2013-08-29,13.729999542236328,13.849900245666504,13.720000267028809,13.829999923706055,7.709052562713623,27320
2013-08-30,13.800000190734863,13.90999984741211,13.75,13.869999885559082,7.731350421905518,45591
2013-09-03,13.90999984741211,13.943699836730957,13.810999870300293,13.880000114440918,7.7369232177734375,33200
2013-09-04,13.880000114440918,13.890000343322754,13.829999923706055,13.869999885559082,7.731350421905518,25641
2013-09-05,13.90999984741211,13.930000305175781,13.869999885559082,13.880000114440918,7.7369232177734375,24929
2013-09-06,13.9399995803833,13.970000267028809,13.850000381469727,13.869999885559082,7.731350421905518,34893
2013-09-09,13.90999984741211,13.979999542236328,13.850000381469727,13.970000267028809,7.787091255187988,12376
2013-09-10,13.989999771118164,14.0600004196167,13.979999542236328,14.050000190734863,7.831684112548828,22188
2013-09-11,13.819999694824219,13.869999885559082,13.780099868774414,13.79699993133545,7.847039699554443,118780
2013-09-12,13.829999923706055,13.859999656677246,13.729999542236328,13.75,7.820308685302734,50635
2013-09-13,13.770000457763672,13.789999961853027,13.710000038146973,13.729999542236328,7.808935165405273,29597
2013-09-16,13.84000015258789,13.850000381469727,13.760000228881836,13.8100004196167,7.854433059692383,27503
2013-09-17,13.84000015258789,13.84000015258789,13.760000228881836,13.84000015258789,7.871496200561523,43423
2013-09-18,13.829999923706055,13.949999809265137,13.770000457763672,13.930000305175781,7.922683238983154,50522
2013-09-19,13.970000267028809,13.970000267028809,13.850000381469727,13.890000343322754,7.899935245513916,40111
2013-09-20,13.920000076293945,13.920000076293945,13.760000228881836,13.8100004196167,7.854433059692383,32222
2013-09-23,13.760000228881836,13.808199882507324,13.720000267028809,13.770000457763672,7.8316850662231445,34589
2013-09-24,13.729999542236328,13.75,13.729999542236328,13.75,7.820308685302734,27177
2013-09-25,13.720000267028809,13.789999961853027,13.699999809265137,13.729999542236328,7.808935165405273,48631
2013-09-26,13.770000457763672,13.800000190734863,13.739999771118164,13.789999961853027,7.8430585861206055,25239
2013-09-27,13.720000267028809,13.779999732971191,13.710000038146973,13.779999732971191,7.837372779846191,25629
2013-09-30,13.630000114440918,13.708999633789062,13.5,13.5,7.678121089935303,103188
2013-10-01,13.579999923706055,13.75,13.550000190734863,13.739999771118164,7.81462287902832,64848
2013-10-02,13.520000457763672,13.729999542236328,13.520000457763672,13.710000038146973,7.7975592613220215,57673
2013-10-03,13.729999542236328,13.729999542236328,13.567999839782715,13.640000343322754,7.757747650146484,31400
2013-10-04,13.630000114440918,13.800000190734863,13.59000015258789,13.770000457763672,7.8316850662231445,73275
2013-10-07,13.760000228881836,13.760000228881836,13.670000076293945,13.680000305175781,7.78049898147583,22001
2013-10-08,13.630000114440918,13.670000076293945,13.550000190734863,13.550000190734863,7.706557273864746,40561
2013-10-09,13.539999961853027,13.579899787902832,13.510100364685059,13.550000190734863,7.706557273864746,30082
2013-10-10,13.680000305175781,13.770000457763672,13.630000114440918,13.770000457763672,7.8316850662231445,22181
2013-10-11,13.789999961853027,13.880000114440918,13.760000228881836,13.880000114440918,7.894248008728027,38579
2013-10-14,13.869999885559082,13.979999542236328,13.800000190734863,13.90999984741211,7.911309719085693,75901
2013-10-15,13.90999984741211,13.930000305175781,13.819999694824219,13.859999656677246,7.882872581481934,23276
2013-10-16,13.920000076293945,13.930000305175781,13.895000457763672,13.930000305175781,7.922683238983154,16459
2013-10-17,13.920000076293945,14.0600004196167,13.910099983215332,14.0600004196167,7.996622562408447,38117
2013-10-18,14.079999923706055,14.109999656677246,14.039999961853027,14.069999694824219,8.00230884552002,37222
2013-10-21,14.100000381469727,14.100000381469727,14.029999732971191,14.0600004196167,7.996622562408447,25736
2013-10-22,14.119999885559082,14.119999885559082,14.039999961853027,14.109999656677246,8.025059700012207,27737
2013-10-23,14.130000114440918,14.130000114440918,14.050000190734863,14.0600004196167,7.996622562408447,32931
2013-10-24,14.130000114440918,14.130000114440918,14.020000457763672,14.069999694824219,8.00230884552002,28275
2013-10-25,14.119999885559082,14.119999885559082,13.989999771118164,14.039999961853027,7.985245227813721,40464
2013-10-28,14.069999694824219,14.100000381469727,14.010000228881836,14.039999961853027,7.985245227813721,33125
2013-10-29,14.050000190734863,14.139900207519531,14.050000190734863,14.100000381469727,8.019372940063477,19721
2013-10-30,14.0600004196167,14.111800193786621,14.050000190734863,14.09000015258789,8.01368236541748,52672
2013-10-31,14.119999885559082,14.15999984741211,14.050000190734863,14.119999885559082,8.03074836730957,27145
2013-11-01,14.140000343322754,14.15999984741211,14.039999961853027,14.109999656677246,8.025059700012207,28772
2013-11-04,14.180000305175781,14.180000305175781,14.107500076293945,14.15999984741211,8.053500175476074,33709
2013-11-05,14.149999618530273,14.149999618530273,14.050100326538086,14.100000381469727,8.019372940063477,14238
2013-11-06,14.15999984741211,14.180000305175781,14.140000343322754,14.15999984741211,8.053500175476074,36550
2013-11-07,14.180000305175781,14.180000305175781,14.086999893188477,14.089500427246094,8.013400077819824,29830
2013-11-08,14.140000343322754,14.149999618530273,14.029999732971191,14.149999618530273,8.047810554504395,47119
2013-11-11,14.180000305175781,14.180000305175781,14.130000114440918,14.170000076293945,8.059185981750488,47898
2013-11-12,14.170000076293945,14.170000076293945,14.109999656677246,14.140000343322754,8.042119979858398,21552
2013-11-13,14.15999984741211,14.180000305175781,14.109999656677246,14.180000305175781,8.064871788024902,37272
2013-11-14,14.180000305175781,14.279999732971191,14.180000305175781,14.279999732971191,8.121745109558105,68669
2013-11-15,14.350000381469727,14.350000381469727,14.250100135803223,14.3100004196167,8.138808250427246,76297
2013-11-18,14.369999885559082,14.369999885559082,14.15999984741211,14.1899995803833,8.070555686950684,29460
2013-11-19,14.239999771118164,14.260000228881836,14.079999923706055,14.100000381469727,8.019372940063477,54256
2013-11-20,14.140000343322754,14.170000076293945,14.0600004196167,14.09000015258789,8.01368236541748,41701
2013-11-21,14.119999885559082,14.220000267028809,14.100000381469727,14.180000305175781,8.064871788024902,64608
2013-11-22,14.199999809265137,14.20989990234375,14.140000343322754,14.1899995803833,8.070555686950684,26425
2013-11-25,14.25,14.25,14.149999618530273,14.170000076293945,8.059185981750488,22409
2013-11-26,14.149999618530273,14.199999809265137,14.100000381469727,14.149999618530273,8.047810554504395,34689
2013-11-27,14.149999618530273,14.180000305175781,14.119999885559082,14.170000076293945,8.059185981750488,15110
2013-11-29,14.1899995803833,14.1899995803833,14.173199653625488,14.180000305175781,8.064871788024902,9583
2013-12-02,14.199999809265137,14.199999809265137,14.09000015258789,14.130000114440918,8.036434173583984,32556
2013-12-03,14.149999618530273,14.149999618530273,14.020000457763672,14.069999694824219,8.00230884552002,19416
2013-12-04,14.029999732971191,14.129899978637695,14.029999732971191,14.109999656677246,8.025059700012207,26274
2013-12-05,14.130000114440918,14.130000114440918,14.020000457763672,14.100000381469727,8.019372940063477,20141
2013-12-06,14.199999809265137,14.229999542236328,14.100899696350098,14.149999618530273,8.047810554504395,26594
2013-12-09,14.260000228881836,14.260000228881836,14.130000114440918,14.260000228881836,8.110372543334961,62927
2013-12-10,14.279999732971191,14.300000190734863,14.149999618530273,14.229999542236328,8.093304634094238,46016
2013-12-11,14.010000228881836,14.010000228881836,13.890000343322754,13.899999618530273,8.064300537109375,31133
2013-12-12,14.0,14.0,13.75100040435791,13.789999961853027,8.000482559204102,37992
2013-12-13,13.850000381469727,13.850000381469727,13.720000267028809,13.770000457763672,7.988880634307861,31803
2013-12-16,13.869999885559082,13.890000343322754,13.8100004196167,13.829999923706055,8.023689270019531,34053
2013-12-17,13.850000381469727,13.850000381469727,13.75,13.819999694824219,8.017888069152832,43650
2013-12-18,13.859999656677246,13.989999771118164,13.779999732971191,13.989999771118164,8.116515159606934,46226
2013-12-19,14.010000228881836,14.010000228881836,13.890000343322754,14.010000228881836,8.128118515014648,54235
2013-12-20,14.039999961853027,14.140000343322754,14.0,14.109999656677246,8.186135292053223,35936
2013-12-23,14.180000305175781,14.220000267028809,14.130000114440918,14.180000305175781,8.226746559143066,51851
2013-12-24,14.210000038146973,14.210000038146973,14.15999984741211,14.199999809265137,8.238348960876465,24267
2013-12-26,14.220000267028809,14.270000457763672,14.1899995803833,14.229999542236328,8.255751609802246,52387
2013-12-27,14.25,14.279999732971191,14.09000015258789,14.199999809265137,8.238348960876465,57531
2013-12-30,14.25,14.25,14.100000381469727,14.149999618530273,8.209343910217285,52735
2013-12-31,14.239999771118164,14.3100004196167,14.109999656677246,14.119999885559082,8.191938400268555,98345
2014-01-02,14.119999885559082,14.130000114440918,13.949999809265137,14.0,8.122316360473633,64713
2014-01-03,14.119999885559082,14.140000343322754,13.989999771118164,14.020000457763672,8.133922576904297,57460
2014-01-06,14.170000076293945,14.170000076293945,13.979999542236328,14.020000457763672,8.133922576904297,67088
2014-01-07,14.119999885559082,14.239999771118164,14.079999923706055,14.239999771118164,8.261556625366211,75422
2014-01-08,14.239999771118164,14.25,14.149999618530273,14.25,8.26736068725586,37963
2014-01-09,14.3100004196167,14.3100004196167,14.229999542236328,14.279999732971191,8.284762382507324,53501
2014-01-10,14.34000015258789,14.34000015258789,14.25,14.312399864196777,8.30356216430664,36932
2014-01-13,14.34000015258789,14.34000015258789,14.160099983215332,14.17389965057373,8.223207473754883,34386
2014-01-14,14.25,14.289999961853027,14.220000267028809,14.229999542236328,8.255751609802246,44701
2014-01-15,14.270000457763672,14.289999961853027,14.25,14.289999961853027,8.290567398071289,14999
2014-01-16,14.279999732971191,14.289999961853027,14.260000228881836,14.26990032196045,8.278903007507324,22930
2014-01-17,14.300000190734863,14.303999900817871,14.25,14.260000228881836,8.273160934448242,15020
2014-01-21,14.329999923706055,14.369999885559082,14.3100004196167,14.350000381469727,8.3253755569458,30110
2014-01-22,14.359999656677246,14.420000076293945,14.329999923706055,14.359999656677246,8.331177711486816,25319
2014-01-23,14.300000190734863,14.329999923706055,14.190099716186523,14.220000267028809,8.249954223632812,55774
2014-01-24,14.210000038146973,14.25,14.0600004196167,14.109999656677246,8.186135292053223,36338
2014-01-27,14.149999618530273,14.220000267028809,13.829999923706055,13.850000381469727,8.035293579101562,93518
2014-01-28,13.9399995803833,13.968099594116211,13.920000076293945,13.960000038146973,8.09911060333252,36083
2014-01-29,13.899999618530273,13.90999984741211,13.800000190734863,13.850000381469727,8.035293579101562,47888
2014-01-30,13.880000114440918,13.960000038146973,13.880000114440918,13.949999809265137,8.093310356140137,19065
2014-01-31,13.899999618530273,13.949999809265137,13.82800006866455,13.919400215148926,8.075556755065918,26893
2014-02-03,13.930000305175781,13.930000305175781,13.680000305175781,13.699999809265137,7.948266506195068,28730
2014-02-04,13.720000267028809,13.8100004196167,13.706999778747559,13.8100004196167,8.0120849609375,30201
2014-02-05,13.8100004196167,13.84000015258789,13.710000038146973,13.84000015258789,8.02949047088623,27760
2014-02-06,13.869999885559082,13.979999542236328,13.869999885559082,13.970000267028809,8.104912757873535,24395
2014-02-07,14.050000190734863,14.140000343322754,14.039999961853027,14.140000343322754,8.20353889465332,34313
2014-02-10,14.180000305175781,14.180000305175781,14.050000190734863,14.109999656677246,8.186135292053223,33276
2014-02-11,14.140000343322754,14.260000228881836,14.140000343322754,14.260000228881836,8.273160934448242,17340
2014-02-12,14.270000457763672,14.3100004196167,14.199999809265137,14.3100004196167,8.302166938781738,39689
2014-02-13,14.260000228881836,14.383999824523926,14.25,14.359999656677246,8.331177711486816,32776
2014-02-14,14.380000114440918,14.40999984741211,14.3100004196167,14.380000114440918,8.342780113220215,27572
2014-02-18,14.399999618530273,14.420000076293945,14.330100059509277,14.330100059509277,8.313830375671387,31502
2014-02-19,14.3100004196167,14.359999656677246,14.25,14.25,8.26736068725586,36119
2014-02-20,14.25,14.359999656677246,14.25,14.289999961853027,8.290567398071289,33017
2014-02-21,14.359999656677246,14.399999618530273,14.279999732971191,14.279999732971191,8.284762382507324,30076
2014-02-24,14.369999885559082,14.420000076293945,14.329999923706055,14.369999885559082,8.336979866027832,35638
2014-02-25,14.380000114440918,14.40999984741211,14.289999961853027,14.300000190734863,8.296367645263672,35005
2014-02-26,14.25,14.359999656677246,14.239999771118164,14.300000190734863,8.296367645263672,42080
2014-02-27,14.34000015258789,14.35990047454834,14.279999732971191,14.34000015258789,8.319573402404785,43367
2014-02-28,14.369999885559082,14.420000076293945,14.34000015258789,14.350000381469727,8.3253755569458,31525
2014-03-03,14.3100004196167,14.329999923706055,14.199999809265137,14.300000190734863,8.296367645263672,18348
2014-03-04,14.40999984741211,14.5,14.40999984741211,14.489999771118164,8.406597137451172,30015
2014-03-05,14.460000038146973,14.489999771118164,14.369999885559082,14.369999885559082,8.336979866027832,18271
2014-03-06,14.399999618530273,14.449999809265137,14.369999885559082,14.420000076293945,8.365987777709961,22758
2014-03-07,14.5,14.510000228881836,14.3100004196167,14.34000015258789,8.319573402404785,29190
2014-03-10,14.399999618530273,14.40999984741211,14.289999961853027,14.380000114440918,8.342780113220215,21074
2014-03-11,14.359999656677246,14.40999984741211,14.329999923706055,14.329999923706055,8.313770294189453,31434
2014-03-12,14.09000015258789,14.279999732971191,14.0600004196167,14.170000076293945,8.373456954956055,131296
2014-03-13,14.260000228881836,14.270000457763672,14.056599617004395,14.079999923706055,8.320272445678711,50966
2014-03-14,14.050000190734863,14.109999656677246,14.020000457763672,14.0600004196167,8.308453559875488,74873
2014-03-17,14.109999656677246,14.170000076293945,14.109999656677246,14.119999885559082,8.34390926361084,33580
2014-03-18,14.260000228881836,14.279999732971191,14.179900169372559,14.199999809265137,8.391182899475098,59031
2014-03-19,14.260000228881836,14.270000457763672,14.069999694824219,14.119999885559082,8.34390926361084,64338
2014-03-20,14.100000381469727,14.220000267028809,14.100000381469727,14.130000114440918,8.34981918334961,53865
2014-03-21,14.149999618530273,14.279999732971191,14.119999885559082,14.140000343322754,8.355727195739746,70900
2014-03-24,14.149999618530273,14.260000228881836,14.109999656677246,14.140000343322754,8.355727195739746,31510
2014-03-25,14.15999984741211,14.239999771118164,14.119999885559082,14.119999885559082,8.34390926361084,37334
2014-03-26,14.170000076293945,14.199999809265137,14.100000381469727,14.119999885559082,8.34390926361084,33235
2014-03-27,14.149999618530273,14.170000076293945,14.079999923706055,14.079999923706055,8.320272445678711,24389
2014-03-28,14.149999618530273,14.199999809265137,14.079999923706055,14.079999923706055,8.320272445678711,59780
2014-03-31,14.119999885559082,14.170000076293945,14.119999885559082,14.170000076293945,8.373456954956055,31887
2014-04-01,14.229999542236328,14.270000457763672,14.15999984741211,14.229999542236328,8.40890884399414,53824
2014-04-02,14.25,14.270000457763672,14.220000267028809,14.25,8.420732498168945,39954
2014-04-03,14.3100004196167,14.3100004196167,14.210000038146973,14.239999771118164,8.414820671081543,46295
2014-04-04,14.420000076293945,14.4399995803833,14.199999809265137,14.239999771118164,8.414820671081543,99410
2014-04-07,14.270000457763672,14.270000457763672,14.100000381469727,14.109999656677246,8.338000297546387,35085
2014-04-08,14.140000343322754,14.140000343322754,14.010000228881836,14.0600004196167,8.308453559875488,68357
2014-04-09,14.140000343322754,14.170000076293945,14.100000381469727,14.15999984741211,8.367546081542969,39338
2014-04-10,14.199999809265137,14.239999771118164,14.070099830627441,14.109999656677246,8.338000297546387,32142
2014-04-11,14.100000381469727,14.130000114440918,14.055000305175781,14.109999656677246,8.338000297546387,33069
2014-04-14,14.140000343322754,14.15999984741211,14.088000297546387,14.140000343322754,8.355727195739746,36926
2014-04-15,14.170000076293945,14.199999809265137,14.069999694824219,14.15999984741211,8.367546081542969,24346
2014-04-16,14.239999771118164,14.279999732971191,14.199999809265137,14.279999732971191,8.438455581665039,27428
2014-04-17,14.359999656677246,14.399999618530273,14.319999694824219,14.350000381469727,8.47982406616211,43831
2014-04-21,14.390000343322754,14.390000343322754,14.319999694824219,14.380000114440918,8.497550010681152,26125
2014-04-22,14.40999984741211,14.449999809265137,14.390000343322754,14.420000076293945,8.521185874938965,27750
2014-04-23,14.380000114440918,14.489999771118164,14.380000114440918,14.449999809265137,8.538915634155273,31244
2014-04-24,14.460000038146973,14.489999771118164,14.40999984741211,14.479999542236328,8.556640625,20882
2014-04-25,14.479999542236328,14.479999542236328,14.392399787902832,14.420000076293945,8.521185874938965,17811
2014-04-28,14.479999542236328,14.510000228881836,14.370100021362305,14.399999618530273,8.509367942810059,34582
2014-04-29,14.479999542236328,14.489999771118164,14.390000343322754,14.399999618530273,8.509367942810059,45579
2014-04-30,14.399999618530273,14.449999809265137,14.380000114440918,14.4399995803833,8.533008575439453,30180
2014-05-01,14.529999732971191,14.5600004196167,14.420000076293945,14.470000267028809,8.55073356628418,29135
2014-05-02,14.539999961853027,14.640000343322754,14.489999771118164,14.489999771118164,8.562551498413086,16918
2014-05-05,14.510000228881836,14.529999732971191,14.470000267028809,14.5,8.568463325500488,40844
2014-05-06,14.529999732971191,14.550000190734863,14.420000076293945,14.460000038146973,8.544824600219727,19945
2014-05-07,14.489999771118164,14.520000457763672,14.460000038146973,14.510000228881836,8.574370384216309,21977
2014-05-08,14.550000190734863,14.59000015258789,14.528800010681152,14.550000190734863,8.598008155822754,27401
2014-05-09,14.539999961853027,14.5600004196167,14.505000114440918,14.5600004196167,8.603919982910156,27652
2014-05-12,14.579999923706055,14.600000381469727,14.560099601745605,14.59000015258789,8.621644020080566,18196
2014-05-13,14.569999694824219,14.630000114440918,14.569999694824219,14.609999656677246,8.633463859558105,24871
2014-05-14,14.619999885559082,14.619999885559082,14.539999961853027,14.550000190734863,8.598008155822754,28587
2014-05-15,14.579999923706055,14.579999923706055,14.446000099182129,14.470000267028809,8.55073356628418,32420
2014-05-16,14.460000038146973,14.489999771118164,14.4399995803833,14.449999809265137,8.538915634155273,38342
2014-05-19,14.460000038146973,14.529999732971191,14.4399995803833,14.529999732971191,8.586188316345215,30622
2014-05-20,14.569999694824219,14.569999694824219,14.430000305175781,14.460000038146973,8.544824600219727,57605
2014-05-21,14.5,14.550000190734863,14.5,14.550000190734863,8.598008155822754,23173
2014-05-22,14.579999923706055,14.680000305175781,14.579999923706055,14.579999923706055,8.61573600769043,26295
2014-05-23,14.5600004196167,14.670000076293945,14.5600004196167,14.640000343322754,8.65119457244873,27750
2014-05-27,14.670000076293945,14.729999542236328,14.649999618530273,14.699999809265137,8.68664836883545,19392
2014-05-28,14.699999809265137,14.84000015258789,14.651599884033203,14.710000038146973,8.692556381225586,40574
2014-05-29,14.729999542236328,14.829999923706055,14.649999618530273,14.6899995803833,8.680736541748047,26183
2014-05-30,14.680000305175781,14.720000267028809,14.65999984741211,14.6899995803833,8.680736541748047,43537
2014-06-02,14.699999809265137,14.75,14.649999618530273,14.699999809265137,8.68664836883545,33120
2014-06-03,14.670000076293945,14.699999809265137,14.569999694824219,14.59000015258789,8.621644020080566,52959
2014-06-04,14.579999923706055,14.65999984741211,14.5600004196167,14.640000343322754,8.65119457244873,44766
2014-06-05,14.640000343322754,14.680000305175781,14.553000450134277,14.65999984741211,8.663010597229004,35026
2014-06-06,14.630000114440918,14.638999938964844,14.579999923706055,14.609999656677246,8.633463859558105,25002
2014-06-09,14.600000381469727,14.609999656677246,14.539999961853027,14.569999694824219,8.609827041625977,28446
2014-06-10,14.619999885559082,14.649999618530273,14.5600004196167,14.640000343322754,8.65119457244873,82801
2014-06-11,14.300000190734863,14.480999946594238,14.289999961853027,14.430000305175781,8.681878089904785,90805
2014-06-12,14.5,14.579999923706055,14.399999618530273,14.430000305175781,8.681878089904785,48098
2014-06-13,14.520000457763672,14.649999618530273,14.420000076293945,14.4399995803833,8.687893867492676,43424
2014-06-16,14.470000267028809,14.470000267028809,14.350000381469727,14.380000114440918,8.651790618896484,21589
2014-06-17,14.430000305175781,14.51159954071045,14.279999732971191,14.319999694824219,8.615694046020508,30497
2014-06-18,14.319999694824219,14.380000114440918,14.25,14.380000114440918,8.651790618896484,78782
2014-06-19,14.420000076293945,14.420000076293945,14.300000190734863,14.369999885559082,8.64577579498291,65818
2014-06-20,14.350000381469727,14.399999618530273,14.210000038146973,14.229999542236328,8.56154727935791,76987
2014-06-23,14.260000228881836,14.270000457763672,14.199999809265137,14.239999771118164,8.567560195922852,56500
2014-06-24,14.239999771118164,14.359999656677246,14.1899995803833,14.359999656677246,8.63976001739502,73931
2014-06-25,14.390000343322754,14.430000305175781,14.279999732971191,14.430000305175781,8.681878089904785,38716
2014-06-26,14.470000267028809,14.5,14.310099601745605,14.479999542236328,8.711956977844238,63771
2014-06-27,14.489999771118164,14.489999771118164,14.399999618530273,14.489999771118164,8.717974662780762,32584
2014-06-30,14.449999809265137,14.510000228881836,14.390000343322754,14.470000267028809,8.705942153930664,73212
2014-07-01,14.529999732971191,14.569999694824219,14.390000343322754,14.479999542236328,8.711956977844238,97727
2014-07-02,14.430000305175781,14.499199867248535,14.319999694824219,14.380000114440918,8.651790618896484,83360
2014-07-03,14.399999618530273,14.479999542236328,14.359999656677246,14.479999542236328,8.711956977844238,27032
2014-07-07,14.479999542236328,14.520000457763672,14.459099769592285,14.470000267028809,8.705942153930664,83499
2014-07-08,14.520000457763672,14.520000457763672,14.420000076293945,14.460000038146973,8.699926376342773,25026
2014-07-09,14.5,14.539999961853027,14.449999809265137,14.529999732971191,8.74204158782959,39000
2014-07-10,14.430000305175781,14.475000381469727,14.420000076293945,14.470000267028809,8.705942153930664,27783
2014-07-11,14.5,14.539999961853027,14.489999771118164,14.529999732971191,8.74204158782959,18456
2014-07-14,14.59000015258789,14.630000114440918,14.576499938964844,14.600000381469727,8.784158706665039,33819
2014-07-15,14.630000114440918,14.640000343322754,14.5,14.5,8.723993301391602,34846
2014-07-16,14.609999656677246,14.630000114440918,14.510000228881836,14.539999961853027,8.748059272766113,41903
2014-07-17,14.5,14.550000190734863,14.40999984741211,14.40999984741211,8.669840812683105,13613
2014-07-18,14.479999542236328,14.5,14.460000038146973,14.5,8.723993301391602,10523
2014-07-21,14.489999771118164,14.5,14.449999809265137,14.461999893188477,8.701129913330078,14606
2014-07-22,14.5,14.539999961853027,14.5,14.539999961853027,8.748059272766113,9829
2014-07-23,14.579999923706055,14.6899995803833,14.569999694824219,14.630000114440918,8.802207946777344,16108
2014-07-24,14.670000076293945,14.670000076293945,14.59000015258789,14.640000343322754,8.80822467803955,18861
2014-07-25,14.670000076293945,14.670000076293945,14.586000442504883,14.640000343322754,8.80822467803955,25427
2014-07-28,14.649999618530273,14.649999618530273,14.520000457763672,14.550000190734863,8.75407600402832,56688
2014-07-29,14.579999923706055,14.59000015258789,14.449999809265137,14.470000267028809,8.705942153930664,66613
2014-07-30,14.449999809265137,14.520000457763672,14.350000381469727,14.369999885559082,8.64577579498291,131712
2014-07-31,14.329999923706055,14.34000015258789,14.210000038146973,14.239999771118164,8.567560195922852,28955
2014-08-01,14.239999771118164,14.260000228881836,14.135899543762207,14.140000343322754,8.507394790649414,32069
2014-08-04,14.180000305175781,14.1899995803833,14.079999923706055,14.079999923706055,8.471295356750488,41708
2014-08-05,14.079999923706055,14.119999885559082,14.010000228881836,14.029999732971191,8.441213607788086,27952
2014-08-06,14.039999961853027,14.079999923706055,14.0,14.0,8.42316722869873,25227
2014-08-07,14.069999694824219,14.069999694824219,13.960000038146973,13.979999542236328,8.411133766174316,27713
2014-08-08,14.0,14.09000015258789,13.960000038146973,14.09000015258789,8.477313995361328,33263
2014-08-11,14.15999984741211,14.170000076293945,14.119999885559082,14.170000076293945,8.525445938110352,44556
2014-08-12,14.170000076293945,14.220000267028809,14.100000381469727,14.100000381469727,8.483328819274902,37859
2014-08-13,14.149999618530273,14.199999809265137,14.130000114440918,14.199999809265137,8.543495178222656,64467
2014-08-14,14.229999542236328,14.3100004196167,14.229999542236328,14.269000053405762,8.585007667541504,35782
2014-08-15,14.350000381469727,14.350000381469727,14.222999572753906,14.270000457763672,8.585612297058105,40566
2014-08-18,14.279999732971191,14.390000343322754,14.279999732971191,14.347999572753906,8.632538795471191,38074
2014-08-19,14.399999618530273,14.449999809265137,14.371000289916992,14.420000076293945,8.675858497619629,36613
2014-08-20,14.4399995803833,14.449999809265137,14.40999984741211,14.449999809265137,8.693907737731934,27158
2014-08-21,14.510000228881836,14.600000381469727,14.449999809265137,14.470000267028809,8.705942153930664,55360
2014-08-22,14.489999771118164,14.539999961853027,14.444999694824219,14.479999542236328,8.711956977844238,40822
2014-08-25,14.510000228881836,14.520000457763672,14.449999809265137,14.479999542236328,8.711956977844238,46743
2014-08-26,14.550000190734863,14.569999694824219,14.4399995803833,14.5600004196167,8.760093688964844,54156
2014-08-27,14.59000015258789,14.59000015258789,14.529999732971191,14.579999923706055,8.772123336791992,23192
2014-08-28,14.5600004196167,14.630000114440918,14.550000190734863,14.609999656677246,8.790173530578613,28103
2014-08-29,14.649999618530273,14.680000305175781,14.607999801635742,14.680000305175781,8.832290649414062,37709
2014-09-02,14.670000076293945,14.6899995803833,14.630000114440918,14.65999984741211,8.820256233215332,34551
2014-09-03,14.75,14.75,14.600000381469727,14.640000343322754,8.80822467803955,26581
2014-09-04,14.680000305175781,14.699999809265137,14.630000114440918,14.649999618530273,8.814238548278809,40921
2014-09-05,14.680000305175781,14.6899995803833,14.649999618530273,14.65999984741211,8.820256233215332,34953
2014-09-08,14.6899995803833,14.6899995803833,14.550000190734863,14.5600004196167,8.760093688964844,22746
2014-09-09,14.529999732971191,14.5600004196167,14.5,14.520000457763672,8.736024856567383,36480
2014-09-10,14.460000038146973,14.529999732971191,14.460000038146973,14.5,8.723993301391602,38886
2014-09-11,14.199999809265137,14.369999885559082,14.199999809265137,14.300000190734863,8.76136589050293,67955
2014-09-12,14.289999961853027,14.34000015258789,14.25,14.270000457763672,8.742986679077148,11509
2014-09-15,14.300000190734863,14.329999923706055,14.239999771118164,14.300000190734863,8.76136589050293,29809
2014-09-16,14.3100004196167,14.380000114440918,14.262800216674805,14.359999656677246,8.798127174377441,29230
2014-09-17,14.399999618530273,14.399999618530273,14.293000221252441,14.359999656677246,8.798127174377441,42560
2014-09-18,14.40999984741211,14.420000076293945,14.369999885559082,14.399999618530273,8.822635650634766,19087
2014-09-19,14.460000038146973,14.460000038146973,14.319999694824219,14.345999717712402,8.789549827575684,15922
2014-09-22,14.369999885559082,14.380000114440918,14.130000114440918,14.180000305175781,8.687845230102539,51373
2014-09-23,14.1899995803833,14.239999771118164,14.149999618530273,14.170000076293945,8.681716918945312,24784
2014-09-24,14.170000076293945,14.279999732971191,14.15999984741211,14.270000457763672,8.742986679077148,19915
2014-09-25,14.270000457763672,14.270000457763672,14.09000015258789,14.109999656677246,8.64495849609375,22510
2014-09-26,14.109999656677246,14.199999809265137,14.09000015258789,14.15999984741211,8.675591468811035,34942
2014-09-29,14.130000114440918,14.140000343322754,14.077500343322754,14.109999656677246,8.64495849609375,46743
2014-09-30,14.029999732971191,14.15999984741211,14.010499954223633,14.0600004196167,8.614322662353516,57340
2014-10-01,14.100000381469727,14.100000381469727,13.90999984741211,13.960000038146973,8.55305290222168,82364
2014-10-02,13.90999984741211,14.0,13.779999732971191,13.899999618530273,8.516292572021484,56073
2014-10-03,13.899999618530273,14.09000015258789,13.899999618530273,14.029999732971191,8.595938682556152,52667
2014-10-06,14.100000381469727,14.15999984741211,14.080100059509277,14.09000015258789,8.632702827453613,33227
2014-10-07,14.119999885559082,14.125,13.90999984741211,13.9399995803833,8.540799140930176,74813
2014-10-08,13.949999809265137,14.130000114440918,13.949999809265137,14.130000114440918,8.657210350036621,44895
2014-10-09,14.140000343322754,14.140000343322754,13.928999900817871,13.930000305175781,8.534672737121582,15044
2014-10-10,13.899999618530273,13.970000267028809,13.739999771118164,13.741600036621094,8.419243812561035,42285
2014-10-13,13.739999771118164,13.779999732971191,13.359999656677246,13.389900207519531,8.20376205444336,63937
2014-10-14,13.399999618530273,13.479999542236328,13.350000381469727,13.380000114440918,8.1976957321167,77856
2014-10-15,13.229999542236328,13.329999923706055,13.039999961853027,13.329999923706055,8.16706371307373,91594
2014-10-16,13.180000305175781,13.51990032196045,13.180000305175781,13.479999542236328,8.258965492248535,72143
2014-10-17,13.649999618530273,13.800000190734863,13.550000190734863,13.720000267028809,8.40600872039795,44822
2014-10-20,13.739999771118164,13.84000015258789,13.699999809265137,13.829999923706055,8.473402976989746,114569
2014-10-21,13.899999618530273,14.0600004196167,13.830499649047852,14.0600004196167,8.614322662353516,44272
2014-10-22,14.09000015258789,14.130000114440918,14.018799781799316,14.020000457763672,8.589814186096191,20462
2014-10-23,14.180000305175781,14.199999809265137,14.100000381469727,14.119999885559082,8.651083946228027,33220
2014-10-24,14.15999984741211,14.170000076293945,14.069999694824219,14.149999618530273,8.669463157653809,27375
2014-10-27,14.140000343322754,14.140000343322754,14.0600004196167,14.119999885559082,8.651083946228027,23333
2014-10-28,14.199999809265137,14.199999809265137,14.0,14.15999984741211,8.675591468811035,438152
2014-10-29,14.180000305175781,14.199999809265137,14.09000015258789,14.199999809265137,8.700095176696777,46515
2014-10-30,14.1899995803833,14.199999809265137,14.09000015258789,14.199999809265137,8.700095176696777,71364
2014-10-31,14.329999923706055,14.350000381469727,14.220000267028809,14.350000381469727,8.792000770568848,93194
2014-11-03,14.350000381469727,14.350000381469727,14.210000038146973,14.229999542236328,8.71847915649414,60330
2014-11-04,14.180000305175781,14.239999771118164,14.079999923706055,14.100000381469727,8.638830184936523,49370
2014-11-05,14.25,14.25,14.119999885559082,14.1899995803833,8.693970680236816,86763
2014-11-06,14.260000228881836,14.260000228881836,14.15999984741211,14.220000267028809,8.71235179901123,75242
2014-11-07,14.199999809265137,14.220000267028809,14.13010025024414,14.210000038146973,8.70622444152832,60715
2014-11-10,14.220000267028809,14.220000267028809,14.149999618530273,14.170000076293945,8.681716918945312,76668
2014-11-11,14.199999809265137,14.270000457763672,14.149999618530273,14.270000457763672,8.742986679077148,51303
2014-11-12,14.239999771118164,14.289999961853027,14.170000076293945,14.289999961853027,8.75523853302002,58524
2014-11-13,14.3100004196167,14.319999694824219,14.260000228881836,14.319999694824219,8.773619651794434,42321
2014-11-14,14.300000190734863,14.319999694824219,14.260000228881836,14.270000457763672,8.742986679077148,25270
2014-11-17,14.260000228881836,14.359999656677246,14.260000228881836,14.34000015258789,8.785872459411621,63268
2014-11-18,14.34000015258789,14.420000076293945,14.34000015258789,14.420000076293945,8.834888458251953,47329
2014-11-19,14.399999618530273,14.399999618530273,14.369999885559082,14.369999885559082,8.804252624511719,37977
2014-11-20,14.350000381469727,14.460000038146973,14.34000015258789,14.449999809265137,8.85326862335205,46483
2014-11-21,14.59000015258789,14.600000381469727,14.4399995803833,14.5,8.883901596069336,47595
2014-11-24,14.529999732971191,14.529999732971191,14.489999771118164,14.5,8.883901596069336,29669
2014-11-25,14.520000457763672,14.59000015258789,14.489999771118164,14.59000015258789,8.939043045043945,75542
2014-11-26,14.59000015258789,14.619999885559082,14.520000457763672,14.609999656677246,8.95129680633545,40014
2014-11-28,14.579999923706055,14.609999656677246,14.569999694824219,14.600000381469727,8.945170402526855,29210
2014-12-01,14.529999732971191,14.529999732971191,14.449999809265137,14.5,8.883901596069336,25005
2014-12-02,14.489999771118164,14.579999923706055,14.489999771118164,14.579999923706055,8.932915687561035,39297
2014-12-03,14.5600004196167,14.619999885559082,14.5600004196167,14.600000381469727,8.945170402526855,38000
2014-12-04,14.569999694824219,14.630000114440918,14.529999732971191,14.579999923706055,8.932915687561035,27426
2014-12-05,14.550000190734863,14.619999885559082,14.520000457763672,14.59000015258789,8.939043045043945,31732
2014-12-08,14.600000381469727,14.609999656677246,14.504799842834473,14.550000190734863,8.91453742980957,56926
2014-12-09,14.470000267028809,14.470000267028809,14.34000015258789,14.40999984741211,8.82876205444336,69573
2014-12-10,14.170000076293945,14.220000267028809,14.010000228881836,14.020000457763672,8.748268127441406,56267
2014-12-11,14.079999923706055,14.229999542236328,14.079999923706055,14.15999984741211,8.835625648498535,31691
2014-12-12,14.170000076293945,14.210000038146973,14.109999656677246,14.140000343322754,8.823144912719727,131287
2014-12-15,14.180000305175781,14.5,13.949999809265137,13.970000267028809,8.717068672180176,97842
2014-12-16,13.920000076293945,14.009900093078613,13.8100004196167,13.829999923706055,8.629708290100098,24094
2014-12-17,13.84000015258789,14.029999732971191,13.84000015258789,14.0,8.735787391662598,35417
2014-12-18,14.1899995803833,14.289999961853027,14.140000343322754,14.289999961853027,8.916743278503418,27864
2014-12-19,14.260000228881836,14.350000381469727,14.25,14.350000381469727,8.954183578491211,32211
2014-12-22,13.9399995803833,14.639900207519531,13.9399995803833,14.569999694824219,9.09145736694336,19937
2014-12-23,14.539999961853027,14.880000114440918,14.26099967956543,14.600000381469727,9.11017894744873,51916
2014-12-24,14.5,14.550000190734863,14.380000114440918,14.5,9.047778129577637,15794
2014-12-26,14.720000267028809,14.84000015258789,14.569999694824219,14.640000343322754,9.135137557983398,23660
2014-12-29,14.760000228881836,14.760000228881836,14.369999885559082,14.5,9.047778129577637,82166
2014-12-30,14.380000114440918,14.4399995803833,14.350000381469727,14.40999984741211,8.991621971130371,62039
2014-12-31,14.539999961853027,14.569999694824219,14.279999732971191,14.300000190734863,8.922982215881348,77423
2015-01-02,14.359999656677246,14.420000076293945,14.109999656677246,14.199999809265137,8.860583305358887,65820
2015-01-05,14.079999923706055,14.229999542236328,13.869999885559082,13.920000076293945,8.685867309570312,77849
2015-01-06,13.859999656677246,14.119999885559082,13.770099639892578,13.829999923706055,8.629708290100098,58949
2015-01-07,13.989999771118164,14.220000267028809,13.989999771118164,14.119999885559082,8.81066608428955,75694
2015-01-08,14.149999618530273,14.350000381469727,14.149999618530273,14.229999542236328,8.879305839538574,24626
2015-01-09,14.359999656677246,14.390000343322754,14.119999885559082,14.149999618530273,8.829384803771973,33561
2015-01-12,14.220000267028809,14.220000267028809,13.979999542236328,14.020000457763672,8.748268127441406,44973
2015-01-13,14.140000343322754,14.239999771118164,14.020000457763672,14.020000457763672,8.748268127441406,40996
2015-01-14,13.949999809265137,13.989899635314941,13.779999732971191,13.859999656677246,8.648428916931152,41846
2015-01-15,13.890000343322754,14.0600004196167,13.859999656677246,13.910099983215332,8.679692268371582,31077
2015-01-16,13.9399995803833,14.069999694824219,13.91100025177002,14.050000190734863,8.766986846923828,12569
2015-01-20,14.229999542236328,14.229999542236328,14.0600004196167,14.140000343322754,8.823144912719727,39350
2015-01-21,14.039999961853027,14.199999809265137,14.039999961853027,14.170000076293945,8.841865539550781,19110
2015-01-22,14.25,14.390000343322754,14.220000267028809,14.390000343322754,8.979141235351562,39677
2015-01-23,14.260000228881836,14.390000343322754,14.180000305175781,14.229999542236328,8.879305839538574,43137
2015-01-26,14.279999732971191,14.319999694824219,14.1899995803833,14.319999694824219,8.935462951660156,22010
2015-01-27,14.229999542236328,14.300000190734863,14.090100288391113,14.289999961853027,8.916743278503418,38714
2015-01-28,14.420000076293945,14.539999961853027,14.140000343322754,14.199999809265137,8.860583305358887,46135
2015-01-29,14.170000076293945,14.260000228881836,14.050000190734863,14.239999771118164,8.885543823242188,15755
2015-01-30,14.180000305175781,14.260000228881836,14.120800018310547,14.15999984741211,8.835625648498535,19543
2015-02-02,14.229999542236328,14.229999542236328,13.956600189208984,14.130000114440918,8.81690502166748,43104
2015-02-03,14.279999732971191,14.319999694824219,14.23009967803955,14.300000190734863,8.922982215881348,14017
2015-02-04,14.289999961853027,14.329999923706055,14.1899995803833,14.1899995803833,8.854344367980957,22536
2015-02-05,14.319999694824219,14.369999885559082,14.1899995803833,14.34000015258789,8.947942733764648,16413
2015-02-06,14.34000015258789,14.390000343322754,14.199999809265137,14.359999656677246,8.960421562194824,36034
2015-02-09,14.319999694824219,14.463800430297852,14.25,14.390000343322754,8.979141235351562,29041
2015-02-10,14.5,14.5,14.319999694824219,14.5,9.047778129577637,48496
2015-02-11,14.449999809265137,14.5,14.369999885559082,14.369999885559082,8.966663360595703,12817
2015-02-12,14.489999771118164,14.529999732971191,14.40999984741211,14.420000076293945,8.9978609085083,39300
2015-02-13,14.420000076293945,14.489999771118164,14.359999656677246,14.380000114440918,8.972901344299316,20476
2015-02-17,14.470000267028809,14.489899635314941,14.270000457763672,14.279999732971191,8.910502433776855,50029
2015-02-18,14.319999694824219,14.369999885559082,14.270000457763672,14.338000297546387,8.946693420410156,13263
2015-02-19,14.399999618530273,14.420000076293945,14.289999961853027,14.34000015258789,8.947942733764648,37006
2015-02-20,14.279999732971191,14.380000114440918,14.260000228881836,14.369999885559082,8.966663360595703,43359
2015-02-23,14.420000076293945,14.4399995803833,14.350000381469727,14.399999618530273,8.985383033752441,39641
2015-02-24,14.270000457763672,14.529999732971191,14.25,14.470000267028809,9.029057502746582,76304
2015-02-25,14.550000190734863,14.630000114440918,14.430000305175781,14.529999732971191,9.066497802734375,47041
2015-02-26,14.479999542236328,14.59000015258789,14.460000038146973,14.5600004196167,9.085220336914062,44509
2015-02-27,14.5600004196167,14.59000015258789,14.449999809265137,14.449999809265137,9.016580581665039,27542
2015-03-02,14.420000076293945,14.539999961853027,14.420000076293945,14.539999961853027,9.072737693786621,22169
2015-03-03,14.460000038146973,14.479999542236328,14.399999618530273,14.449999809265137,9.016580581665039,18192
2015-03-04,14.5,14.600000381469727,14.420000076293945,14.600000381469727,9.11017894744873,43169
2015-03-05,14.600000381469727,14.619999885559082,14.529999732971191,14.5600004196167,9.085220336914062,31098
2015-03-06,14.5600004196167,14.5600004196167,14.38010025024414,14.470000267028809,9.029057502746582,36314
2015-03-09,14.420000076293945,14.600000381469727,14.40999984741211,14.4399995803833,9.010343551635742,32296
2015-03-10,14.380000114440918,14.529999732971191,14.3100004196167,14.420000076293945,8.9978609085083,15859
2015-03-11,14.289999961853027,14.350000381469727,14.070099830627441,14.109999656677246,8.966723442077637,30665
2015-03-12,14.039999961853027,14.260000228881836,14.039999961853027,14.1899995803833,9.017560005187988,28435
2015-03-13,14.149999618530273,14.220000267028809,14.0,14.149900436401367,8.992076873779297,23962
2015-03-16,14.140000343322754,14.170000076293945,14.020000457763672,14.140000343322754,8.985785484313965,52565
2015-03-17,14.09000015258789,14.09000015258789,13.949999809265137,14.0600004196167,8.934947967529297,67543
2015-03-18,13.960000038146973,14.15999984741211,13.930000305175781,14.119999885559082,8.973076820373535,46117
2015-03-19,14.039999961853027,14.130000114440918,14.029999732971191,14.09000015258789,8.954011917114258,42081
2015-03-20,14.0600004196167,14.130000114440918,14.029999732971191,14.109999656677246,8.966723442077637,87387
2015-03-23,14.119999885559082,14.130000114440918,14.0600004196167,14.100000381469727,8.960366249084473,55170
2015-03-24,14.130000114440918,14.130000114440918,14.0600004196167,14.079999923706055,8.947657585144043,108477
2015-03-25,14.039999961853027,14.079999923706055,13.90999984741211,13.949999809265137,8.865043640136719,71239
2015-03-26,13.899999618530273,13.930000305175781,13.850000381469727,13.890000343322754,8.826913833618164,39139
2015-03-27,13.9399995803833,13.949999809265137,13.850000381469727,13.899999618530273,8.833269119262695,55249
2015-03-30,13.920000076293945,14.010000228881836,13.90999984741211,14.010000228881836,8.903172492980957,45815
2015-03-31,14.0,14.0,13.920000076293945,13.970000267028809,8.877755165100098,49590
2015-04-01,14.029999732971191,14.029999732971191,13.869999885559082,13.9399995803833,8.858686447143555,71618
2015-04-02,13.770000457763672,13.90999984741211,13.760000228881836,13.859999656677246,8.807847023010254,99036
2015-04-06,13.770000457763672,14.069999694824219,13.770000457763672,13.989999771118164,8.890462875366211,45559
2015-04-07,14.0,14.210000038146973,13.970000267028809,14.09000015258789,8.954011917114258,48596
2015-04-08,14.039999961853027,14.130000114440918,14.039999961853027,14.050000190734863,8.92859172821045,43702
2015-04-09,14.100000381469727,14.140000343322754,14.029999732971191,14.109999656677246,8.966723442077637,68934
2015-04-10,14.15999984741211,14.15999984741211,14.050000190734863,14.140000343322754,8.985785484313965,53483
2015-04-13,14.15999984741211,14.180000305175781,14.050999641418457,14.0600004196167,8.934947967529297,30247
2015-04-14,14.119999885559082,14.119999885559082,14.020000457763672,14.069999694824219,8.941302299499512,53768
2015-04-15,14.140000343322754,14.1899995803833,14.100000381469727,14.140000343322754,8.985785484313965,50752
2015-04-16,14.140000343322754,14.1899995803833,14.119999885559082,14.1899995803833,9.017560005187988,32025
2015-04-17,14.100000381469727,14.140000343322754,14.010000228881836,14.069999694824219,8.941302299499512,49433
2015-04-20,14.119999885559082,14.210000038146973,14.100099563598633,14.140000343322754,8.985785484313965,33317
2015-04-21,14.220000267028809,14.220000267028809,14.119999885559082,14.15999984741211,8.99849796295166,20883
2015-04-22,14.149999618530273,14.1899995803833,14.100099563598633,14.170000076293945,9.004850387573242,32706
2015-04-23,14.210000038146973,14.239999771118164,14.1850004196167,14.210000038146973,9.030271530151367,26701
2015-04-24,14.279999732971191,14.279999732971191,14.199999809265137,14.199999809265137,9.023914337158203,49003
2015-04-27,14.270000457763672,14.270000457763672,14.1899995803833,14.1899995803833,9.017560005187988,47414
2015-04-28,14.149999618530273,14.206100463867188,14.115699768066406,14.180000305175781,9.01120662689209,29587
2015-04-29,14.180000305175781,14.25,14.100000381469727,14.140000343322754,8.985785484313965,29297
2015-04-30,14.140000343322754,14.140000343322754,13.979999542236328,13.989999771118164,8.890462875366211,40149
2015-05-01,14.119999885559082,14.130000114440918,14.050100326538086,14.114999771118164,8.969901084899902,42991
2015-05-04,14.220000267028809,14.239999771118164,14.170000076293945,14.180000305175781,9.01120662689209,33617
2015-05-05,14.180000305175781,14.220000267028809,14.109999656677246,14.109999656677246,8.966723442077637,36138
2015-05-06,14.149999618530273,14.149999618530273,14.039999961853027,14.100000381469727,8.960366249084473,43313
2015-05-07,14.109999656677246,14.114700317382812,14.020000457763672,14.0600004196167,8.934947967529297,40826
2015-05-08,14.109999656677246,14.180000305175781,14.109999656677246,14.15999984741211,8.99849796295166,90282
2015-05-11,14.130000114440918,14.1899995803833,14.09000015258789,14.119999885559082,8.973076820373535,50469
2015-05-12,14.010000228881836,14.100000381469727,14.0,14.079999923706055,8.947657585144043,48556
2015-05-13,14.039999961853027,14.149999618530273,14.039999961853027,14.119999885559082,8.973076820373535,34674
2015-05-14,14.210000038146973,14.220000267028809,14.149999618530273,14.199999809265137,9.023914337158203,42467
2015-05-15,14.15999984741211,14.239999771118164,14.140000343322754,14.199999809265137,9.023914337158203,46425
2015-05-18,14.170000076293945,14.329999923706055,14.130000114440918,14.289999961853027,9.081109046936035,61362
2015-05-19,14.300000190734863,14.300000190734863,14.229999542236328,14.260000228881836,9.062045097351074,38879
2015-05-20,14.199999809265137,14.300000190734863,14.199999809265137,14.260000228881836,9.062045097351074,39443
2015-05-21,14.300000190734863,14.369999885559082,14.279899597167969,14.3100004196167,9.093819618225098,35295
2015-05-22,14.300000190734863,14.319999694824219,14.25,14.3100004196167,9.093819618225098,14070
2015-05-26,14.3100004196167,14.36989974975586,14.109999656677246,14.130000114440918,8.97943115234375,30551
2015-05-27,14.199999809265137,14.269000053405762,14.149999618530273,14.239999771118164,9.049334526062012,47298
2015-05-28,14.260000228881836,14.260000228881836,14.170000076293945,14.210000038146973,9.030271530151367,25659
2015-05-29,14.149999618530273,14.210000038146973,14.145000457763672,14.149999618530273,8.992141723632812,48752
2015-06-01,14.109999656677246,14.1899995803833,14.109999656677246,14.15999984741211,8.99849796295166,44817
2015-06-02,14.15999984741211,14.194000244140625,14.100000381469727,14.15999984741211,8.99849796295166,55915
2015-06-03,14.1899995803833,14.239999771118164,14.15999984741211,14.170000076293945,9.004850387573242,61351
2015-06-04,14.180000305175781,14.1899995803833,14.0600004196167,14.149999618530273,8.992141723632812,51677
2015-06-05,14.100000381469727,14.170000076293945,14.079999923706055,14.109999656677246,8.966723442077637,64708
2015-06-08,14.050000190734863,14.130000114440918,14.029999732971191,14.029999732971191,8.915881156921387,53501
2015-06-09,13.979999542236328,14.079999923706055,13.979999542236328,14.029999732971191,8.915881156921387,38549
2015-06-10,13.989999771118164,14.140000343322754,13.989999771118164,14.109999656677246,8.966723442077637,35570
2015-06-11,13.9399995803833,13.989999771118164,13.930000305175781,13.930000305175781,9.0191650390625,25271
2015-06-12,13.819999694824219,13.920000076293945,13.819999694824219,13.869999885559082,8.980317115783691,17759
2015-06-15,13.829999923706055,13.890000343322754,13.8100004196167,13.859999656677246,8.97384262084961,39156
2015-06-16,13.84000015258789,13.899999618530273,13.800000190734863,13.899999618530273,8.999740600585938,54766
2015-06-17,13.899999618530273,13.989999771118164,13.899999618530273,13.970000267028809,9.045064926147461,32289
2015-06-18,13.920000076293945,14.114999771118164,13.920000076293945,14.09000015258789,9.122758865356445,54281
2015-06-19,14.0,14.0,13.930000305175781,13.94789981842041,9.030755996704102,43565
2015-06-22,13.949999809265137,14.112000465393066,13.949999809265137,14.0600004196167,9.103336334228516,36340
2015-06-23,14.210000038146973,14.210000038146973,14.069999694824219,14.109999656677246,9.135710716247559,37752
2015-06-24,14.130000114440918,14.140000343322754,13.970000267028809,14.071200370788574,9.110587120056152,50380
2015-06-25,14.109999656677246,14.140000343322754,13.979999542236328,13.979999542236328,9.05154037475586,39126
2015-06-26,13.979999542236328,14.0600004196167,13.90999984741211,13.930000305175781,9.0191650390625,24666
2015-06-29,13.890000343322754,13.890000343322754,13.569999694824219,13.579999923706055,8.79255485534668,72455
2015-06-30,13.739999771118164,13.791999816894531,13.569999694824219,13.680000305175781,8.857301712036133,56446
2015-07-01,13.920000076293945,13.920000076293945,13.720000267028809,13.789999961853027,8.928520202636719,79000
2015-07-02,13.739999771118164,13.809000015258789,13.729999542236328,13.729999542236328,8.889673233032227,64001
2015-07-06,13.729999542236328,13.75,13.619999885559082,13.65999984741211,8.844350814819336,26772
2015-07-07,13.819999694824219,13.880000114440918,13.636099815368652,13.770000457763672,8.915571212768555,72108
2015-07-08,13.65999984741211,13.720000267028809,13.609999656677246,13.674099922180176,8.853477478027344,29854
2015-07-09,13.84000015258789,13.84000015258789,13.670000076293945,13.699999809265137,8.87024974822998,31765
2015-07-10,13.9399995803833,13.9399995803833,13.760000228881836,13.850000381469727,8.96737003326416,37079
2015-07-13,14.0,14.0,13.880000114440918,13.970000267028809,9.045064926147461,58793
2015-07-14,13.989999771118164,14.0600004196167,13.949999809265137,14.0600004196167,9.103336334228516,32546
2015-07-15,14.0600004196167,14.140000343322754,14.0600004196167,14.09000015258789,9.122758865356445,78634
2015-07-16,14.15999984741211,14.1899995803833,14.130000114440918,14.15999984741211,9.168083190917969,55067
2015-07-17,14.199999809265137,14.239999771118164,14.100000381469727,14.100000381469727,9.129234313964844,40062
2015-07-20,14.079999923706055,14.199899673461914,14.050000190734863,14.050000190734863,9.096861839294434,32426
2015-07-21,14.100000381469727,14.109999656677246,14.0600004196167,14.079999923706055,9.11628532409668,81780
2015-07-22,14.0600004196167,14.079999923706055,13.9399995803833,14.000800132751465,9.065009117126465,30451
2015-07-23,14.079999923706055,14.079999923706055,13.90999984741211,13.930100440979004,9.019231796264648,39809
2015-07-24,13.949999809265137,14.0,13.8100004196167,13.8100004196167,8.941468238830566,179475
2015-07-27,13.800000190734863,13.8149995803833,13.710000038146973,13.770000457763672,8.915571212768555,51369
2015-07-28,13.850000381469727,13.942999839782715,13.800000190734863,13.899999618530273,8.999740600585938,38189
2015-07-29,13.979999542236328,14.069999694824219,13.90999984741211,14.0,9.06448745727539,27060
2015-07-30,13.989999771118164,14.0600004196167,13.930000305175781,13.979999542236328,9.05154037475586,30082
2015-07-31,14.130000114440918,14.130000114440918,13.979999542236328,13.979999542236328,9.05154037475586,43571
2015-08-03,13.949999809265137,14.050000190734863,13.920000076293945,13.949999809265137,9.03211498260498,37848
2015-08-04,14.0,14.079999923706055,13.960000038146973,13.989999771118164,9.058013916015625,29633
2015-08-05,14.0,14.180000305175781,13.899999618530273,13.910099983215332,9.006281852722168,23483
2015-08-06,13.859999656677246,14.029999732971191,13.859999656677246,13.90999984741211,9.006217002868652,39285
2015-08-07,13.84000015258789,13.970000267028809,13.84000015258789,13.930000305175781,9.0191650390625,42943
2015-08-10,13.979999542236328,14.050000190734863,13.90999984741211,13.9399995803833,9.025639533996582,26617
2015-08-11,13.84000015258789,13.930000305175781,13.84000015258789,13.930000305175781,9.0191650390625,12597
2015-08-12,13.760000228881836,14.050000190734863,13.75,14.0,9.06448745727539,35241
2015-08-13,13.979999542236328,14.069999694824219,13.92199993133545,14.0,9.06448745727539,16102
2015-08-14,14.039999961853027,14.09000015258789,14.020000457763672,14.079999923706055,9.11628532409668,21458
2015-08-17,14.050000190734863,14.209199905395508,13.970000267028809,14.119999885559082,9.14218521118164,31857
2015-08-18,14.010000228881836,14.199999809265137,14.010000228881836,14.15999984741211,9.168083190917969,17266
2015-08-19,14.100000381469727,14.149999618530273,14.020000457763672,14.050000190734863,9.096861839294434,54767
2015-08-20,13.859999656677246,13.979999542236328,13.800000190734863,13.800000190734863,8.9349946975708,40444
2015-08-21,13.739999771118164,13.789999961853027,13.519599914550781,13.5600004196167,8.779603004455566,33308
2015-08-24,13.5,13.5,11.869999885559082,12.8100004196167,8.294008255004883,147948
2015-08-25,13.0,13.260000228881836,12.859999656677246,12.859999656677246,8.326379776000977,55700
2015-08-26,12.960000038146973,13.289999961853027,12.930000305175781,13.25,8.578890800476074,48658
2015-08-27,13.34000015258789,13.779999732971191,13.34000015258789,13.649999618530273,8.837875366210938,61650
2015-08-28,13.5,13.839900016784668,13.5,13.670000076293945,8.85082721710205,39775
2015-08-31,13.649999618530273,13.649999618530273,13.510100364685059,13.569999694824219,8.786078453063965,28272
2015-09-01,13.430000305175781,13.470000267028809,13.239999771118164,13.270099639892578,8.591903686523438,43171
2015-09-02,13.449999809265137,13.449999809265137,13.3100004196167,13.359999656677246,8.650110244750977,24853
2015-09-03,13.40999984741211,13.579999923706055,13.350000381469727,13.369999885559082,8.656585693359375,27786
2015-09-04,13.079999923706055,13.3149995803833,13.079999923706055,13.140000343322754,8.507669448852539,53742
2015-09-08,13.300000190734863,13.479999542236328,13.260000228881836,13.399999618530273,8.676012992858887,21954
2015-09-09,13.5,13.599900245666504,13.369999885559082,13.380000114440918,8.663060188293457,26928
2015-09-10,13.380000114440918,13.477999687194824,13.359999656677246,13.390000343322754,8.669535636901855,23887
2015-09-11,13.15999984741211,13.279999732971191,13.150099754333496,13.15999984741211,8.6900053024292,14887
2015-09-14,13.15999984741211,13.270000457763672,13.039999961853027,13.039999961853027,8.610764503479004,18115
2015-09-15,13.050000190734863,13.210000038146973,13.039999961853027,13.15999984741211,8.6900053024292,32508
2015-09-16,13.15999984741211,13.359999656677246,13.119999885559082,13.3100004196167,8.789055824279785,32650
2015-09-17,13.260000228881836,13.54990005493164,13.260000228881836,13.433600425720215,8.870675086975098,42145
2015-09-18,13.350000381469727,13.479999542236328,13.270000457763672,13.34000015258789,8.808866500854492,42348
2015-09-21,13.289999961853027,13.559900283813477,13.289999961853027,13.420000076293945,8.861692428588867,18127
2015-09-22,13.15999984741211,13.489999771118164,13.15999984741211,13.380000114440918,8.835277557373047,54465
2015-09-23,13.34000015258789,13.600000381469727,13.34000015258789,13.470000267028809,8.894709587097168,50443
2015-09-24,13.210000038146973,13.470000267028809,13.210000038146973,13.229999542236328,8.73622989654541,84915
2015-09-25,13.350000381469727,13.479999542236328,13.217000007629395,13.260000228881836,8.756038665771484,27393
2015-09-28,13.239999771118164,13.239999771118164,12.880000114440918,12.90999984741211,8.524923324584961,61669
2015-09-29,12.989999771118164,12.989999771118164,12.5,12.539999961853027,8.280597686767578,67737
2015-09-30,12.850000381469727,12.880000114440918,12.619999885559082,12.640000343322754,8.346632957458496,105739
2015-10-01,12.84000015258789,12.880000114440918,12.579999923706055,12.670000076293945,8.366440773010254,81043
2015-10-02,12.59000015258789,12.859999656677246,12.520000457763672,12.800000190734863,8.452287673950195,73859
2015-10-05,12.9399995803833,13.279999732971191,12.925000190734863,13.25,8.749435424804688,45248
2015-10-06,13.3100004196167,13.350000381469727,13.170100212097168,13.319999694824219,8.795660018920898,40864
2015-10-07,13.289999961853027,13.347000122070312,13.260000228881836,13.329999923706055,8.802263259887695,18911
2015-10-08,13.229999542236328,13.531299591064453,13.229999542236328,13.369999885559082,8.828676223754883,40927
2015-10-09,13.380000114440918,13.510000228881836,13.359999656677246,13.399999618530273,8.848487854003906,28075
2015-10-12,13.350000381469727,13.4350004196167,13.350000381469727,13.399999618530273,8.848487854003906,13710
2015-10-13,13.399999618530273,13.430000305175781,13.199999809265137,13.270000457763672,8.762643814086914,25751
2015-10-14,13.229999542236328,13.34000015258789,13.130000114440918,13.130000114440918,8.670196533203125,18484
2015-10-15,13.270000457763672,13.449999809265137,13.220000267028809,13.329999923706055,8.802263259887695,33397
2015-10-16,13.369999885559082,13.529999732971191,13.369999885559082,13.449999809265137,8.881503105163574,30020
2015-10-19,13.420000076293945,13.420000076293945,13.329999923706055,13.380000114440918,8.835277557373047,22183
2015-10-20,13.390000343322754,13.430000305175781,13.34000015258789,13.40999984741211,8.85508918762207,26889
2015-10-21,13.430000305175781,13.5,13.25,13.25,8.749435424804688,28934
2015-10-22,13.369999885559082,13.529399871826172,13.369999885559082,13.420000076293945,8.861692428588867,26154
2015-10-23,13.569999694824219,13.669899940490723,13.569999694824219,13.65999984741211,9.020173072814941,41641
2015-10-26,13.609999656677246,13.640000343322754,13.449999809265137,13.520000457763672,8.927728652954102,26865
2015-10-27,13.5,13.520000457763672,13.430000305175781,13.520000457763672,8.927728652954102,34220
2015-10-28,13.520000457763672,13.630000114440918,13.489999771118164,13.560099601745605,8.954204559326172,37762
2015-10-29,13.670000076293945,13.694999694824219,13.460000038146973,13.470000267028809,8.894709587097168,45031
2015-10-30,13.460000038146973,13.597399711608887,13.420000076293945,13.420000076293945,8.861692428588867,38028
2015-11-02,13.420000076293945,13.75,13.420000076293945,13.610099792480469,8.987222671508789,50806
2015-11-03,13.579999923706055,13.989999771118164,13.5600004196167,13.9399995803833,9.205066680908203,55712
2015-11-04,13.890000343322754,13.949999809265137,13.819000244140625,13.949999809265137,9.211670875549316,38199
2015-11-05,13.9399995803833,14.0,13.869999885559082,13.90999984741211,9.185257911682129,55893
2015-11-06,13.819999694824219,13.920000076293945,13.739999771118164,13.755000114440918,9.082905769348145,33639
2015-11-09,13.753800392150879,13.829999923706055,13.640000343322754,13.696999549865723,9.04460620880127,19061
2015-11-10,13.640000343322754,13.930000305175781,13.619999885559082,13.850000381469727,9.145637512207031,39560
2015-11-11,13.930000305175781,13.979999542236328,13.739999771118164,13.949999809265137,9.211670875549316,50223
2015-11-12,13.829999923706055,13.859999656677246,13.609999656677246,13.6899995803833,9.039984703063965,13822
2015-11-13,13.609999656677246,13.670000076293945,13.380000114440918,13.449999809265137,8.881503105163574,32267
2015-11-16,13.369999885559082,13.65999984741211,13.369999885559082,13.619999885559082,8.99376106262207,36938
2015-11-17,13.600000381469727,13.700900077819824,13.520000457763672,13.59000015258789,8.97395133972168,19516
2015-11-18,13.619999885559082,13.739999771118164,13.569999694824219,13.709600448608398,9.052926063537598,15765
2015-11-19,13.619999885559082,13.719900131225586,13.619999885559082,13.680000305175781,9.033381462097168,29668
2015-11-20,13.739999771118164,13.832599639892578,13.710000038146973,13.829999923706055,9.132429122924805,25146
2015-11-23,13.829999923706055,13.9399995803833,13.802599906921387,13.939900398254395,9.205002784729004,14570
2015-11-24,13.800000190734863,13.970000267028809,13.800000190734863,13.970000267028809,9.22487735748291,17143
2015-11-25,13.890000343322754,13.954999923706055,13.770000457763672,13.819999694824219,9.12582778930664,27574
2015-11-27,13.800000190734863,13.869999885559082,13.75,13.760000228881836,9.086207389831543,9124
2015-11-30,13.75,13.8100004196167,13.670000076293945,13.8100004196167,9.119222640991211,70924
2015-12-01,13.850000381469727,13.899999618530273,13.75,13.829999923706055,9.132429122924805,31320
2015-12-02,13.819999694824219,13.880000114440918,13.770000457763672,13.809000015258789,9.118562698364258,32275
2015-12-03,13.800000190734863,13.827400207519531,13.609999656677246,13.680000305175781,9.033381462097168,45118
2015-12-04,13.640000343322754,13.800000190734863,13.619999885559082,13.770000457763672,9.09281063079834,38705
2015-12-07,13.699999809265137,13.850000381469727,13.59000015258789,13.829999923706055,9.132429122924805,58899
2015-12-08,13.640000343322754,13.675000190734863,13.5600004196167,13.630000114440918,9.000364303588867,33560
2015-12-09,13.579999923706055,13.712499618530273,13.520000457763672,13.59000015258789,8.97395133972168,46262
2015-12-10,13.579999923706055,13.670000076293945,13.556900024414062,13.640000343322754,9.006967544555664,30807
2015-12-11,13.180000305175781,13.345000267028809,13.149999618530273,13.25,8.920121192932129,46334
2015-12-14,13.3100004196167,13.3100004196167,13.0,13.130000114440918,8.839336395263672,41397
2015-12-15,13.149999618530273,13.32800006866455,13.140000343322754,13.25,8.920121192932129,48641
2015-12-16,13.34000015258789,13.479999542236328,13.279999732971191,13.449999809265137,9.054765701293945,44271
2015-12-17,13.430000305175781,13.539999961853027,13.399999618530273,13.479999542236328,9.07496166229248,35692
2015-12-18,13.380000114440918,13.420000076293945,13.300100326538086,13.380000114440918,9.007637977600098,17172
2015-12-21,13.5,13.5,13.3100004196167,13.430000305175781,9.041298866271973,22577
2015-12-22,13.40999984741211,13.449999809265137,13.300000190734863,13.420000076293945,9.034567832946777,24774
2015-12-23,13.479999542236328,13.699999809265137,13.420000076293945,13.6899995803833,9.216338157653809,86095
2015-12-24,13.6899995803833,13.755000114440918,13.609999656677246,13.619999885559082,9.169212341308594,11528
2015-12-28,13.640000343322754,13.770000457763672,13.359999656677246,13.460000038146973,9.061497688293457,45858
2015-12-29,13.5600004196167,13.600000381469727,13.43019962310791,13.529899597167969,9.108553886413574,60405
2015-12-30,13.579999923706055,13.579999923706055,13.350000381469727,13.40999984741211,9.027835845947266,39963
2015-12-31,13.399999618530273,13.510000228881836,13.350000381469727,13.470000267028809,9.068229675292969,52999
2016-01-04,13.300000190734863,13.319999694824219,13.069999694824219,13.270000457763672,8.933587074279785,56238
2016-01-05,13.369999885559082,13.420000076293945,13.199999809265137,13.40999984741211,9.027835845947266,34900
2016-01-06,13.289999961853027,13.350000381469727,13.199999809265137,13.34000015258789,8.980710983276367,67345
2016-01-07,13.180000305175781,13.279999732971191,12.930000305175781,12.970000267028809,8.731620788574219,79309
2016-01-08,12.930000305175781,13.009900093078613,12.75,12.770000457763672,8.596975326538086,66190
2016-01-11,12.819999694824219,12.819999694824219,12.430000305175781,12.609999656677246,8.489262580871582,94460
2016-01-12,12.710000038146973,12.710000038146973,12.5600004196167,12.609999656677246,8.489262580871582,49954
2016-01-13,12.760000228881836,12.819999694824219,12.320699691772461,12.369999885559082,8.327690124511719,56270
2016-01-14,12.399999618530273,12.539999961853027,12.260000228881836,12.489999771118164,8.408477783203125,85120
2016-01-15,12.289999961853027,12.378899574279785,11.979999542236328,12.149999618530273,8.179582595825195,100943
2016-01-19,12.319999694824219,12.319999694824219,11.90999984741211,11.979999542236328,8.06513786315918,57790
2016-01-20,11.829999923706055,11.829999923706055,11.199999809265137,11.6899995803833,7.869903564453125,134763
2016-01-21,11.619999885559082,11.949999809265137,11.5600004196167,11.6899995803833,7.869903564453125,97754
2016-01-22,11.930000305175781,12.095000267028809,11.845000267028809,12.039999961853027,8.105528831481934,56294
2016-01-25,11.989999771118164,12.270000457763672,11.949999809265137,11.960000038146973,8.051671028137207,45143
2016-01-26,11.989999771118164,12.220000267028809,11.979999542236328,12.180000305175781,8.199780464172363,39866
2016-01-27,12.109999656677246,12.34000015258789,12.0600004196167,12.100000381469727,8.14592170715332,26635
2016-01-28,12.210000038146973,12.300000190734863,12.069999694824219,12.239999771118164,8.240174293518066,24927
2016-01-29,12.329999923706055,12.470000267028809,12.260499954223633,12.460000038146973,8.38828182220459,32259
2016-02-01,12.3100004196167,12.509900093078613,12.279999732971191,12.460000038146973,8.38828182220459,43002
2016-02-02,12.390000343322754,12.390000343322754,12.229999542236328,12.239999771118164,8.240174293518066,32826
2016-02-03,12.300000190734863,12.329999923706055,12.100000381469727,12.270000457763672,8.260371208190918,42484
2016-02-04,12.319999694824219,12.420000076293945,12.24530029296875,12.270000457763672,8.260371208190918,22651
2016-02-05,12.3100004196167,12.3100004196167,12.029999732971191,12.0600004196167,8.118995666503906,75592
2016-02-08,11.9399995803833,12.020000457763672,11.822999954223633,11.850000381469727,7.977618217468262,41383
2016-02-09,11.829999923706055,11.999899864196777,11.789999961853027,11.930000305175781,8.031475067138672,37256
2016-02-10,12.029999732971191,12.1899995803833,11.90999984741211,12.010000228881836,8.085331916809082,70376
2016-02-11,11.739999771118164,11.869999885559082,11.720000267028809,11.829999923706055,7.964155197143555,28544
2016-02-12,11.920000076293945,12.140000343322754,11.869999885559082,12.119999885559082,8.159383773803711,48230
2016-02-16,12.239999771118164,12.520000457763672,12.180000305175781,12.350000381469727,8.314227104187012,89437
2016-02-17,12.420000076293945,12.640000343322754,12.40530014038086,12.550000190734863,8.448869705200195,74423
2016-02-18,12.529999732971191,12.539999961853027,12.380000114440918,12.380000114440918,8.334423065185547,32505
2016-02-19,12.329999923706055,12.420000076293945,12.305000305175781,12.369999885559082,8.327690124511719,23070
2016-02-22,12.569999694824219,12.619999885559082,12.489999771118164,12.489999771118164,8.408477783203125,32277
2016-02-23,12.40999984741211,12.59000015258789,12.40999984741211,12.489999771118164,8.408477783203125,58863
2016-02-24,12.479999542236328,12.520000457763672,12.370100021362305,12.505000114440918,8.41857624053955,59358
2016-02-25,12.569999694824219,12.649999618530273,12.470000267028809,12.649999618530273,8.516190528869629,55150
2016-02-26,12.739999771118164,12.739999771118164,12.65999984741211,12.670000076293945,8.529653549194336,20249
2016-02-29,12.670000076293945,12.729999542236328,12.619999885559082,12.65999984741211,8.522923469543457,31037
2016-03-01,12.680000305175781,12.899999618530273,12.680000305175781,12.84000015258789,8.644102096557617,23549
2016-03-02,12.84000015258789,12.989999771118164,12.815199851989746,12.989999771118164,8.745083808898926,45805
2016-03-03,12.970000267028809,13.09000015258789,12.890000343322754,13.0,8.751814842224121,45651
2016-03-04,12.960000038146973,13.199999809265137,12.930000305175781,13.170000076293945,8.866263389587402,31786
2016-03-07,13.170000076293945,13.220000267028809,13.110099792480469,13.201000213623047,8.887133598327637,53971
2016-03-08,13.130000114440918,13.170000076293945,13.050000190734863,13.09000015258789,8.812405586242676,35956
2016-03-09,13.210000038146973,13.329999923706055,13.109999656677246,13.289999961853027,8.947050094604492,38622
2016-03-10,13.369999885559082,13.369999885559082,13.229999542236328,13.25,8.920121192932129,31792
2016-03-11,13.149999618530273,13.270000457763672,13.039999961853027,13.140000343322754,9.016185760498047,32416
2016-03-14,13.119999885559082,13.149999618530273,13.0600004196167,13.109999656677246,8.995601654052734,28302
2016-03-15,13.109999656677246,13.15999984741211,13.020000457763672,13.149999618530273,9.023048400878906,33745
2016-03-16,13.100000381469727,13.229999542236328,13.100000381469727,13.149999618530273,9.023048400878906,40803
2016-03-17,13.100000381469727,13.229999542236328,13.0600004196167,13.149999618530273,9.023048400878906,54511
2016-03-18,13.229999542236328,13.270000457763672,13.109999656677246,13.109999656677246,8.995601654052734,37231
2016-03-21,13.149999618530273,13.220000267028809,13.100000381469727,13.220000267028809,9.071078300476074,25155
2016-03-22,13.100000381469727,13.229999542236328,13.095000267028809,13.229900360107422,9.07787036895752,41176
2016-03-23,13.149999618530273,13.270000457763672,13.149999618530273,13.220000267028809,9.071078300476074,52102
2016-03-24,13.100000381469727,13.15999984741211,12.960100173950195,12.979999542236328,8.906396865844727,28241
2016-03-28,12.989999771118164,13.09000015258789,12.949999809265137,12.949999809265137,8.885815620422363,33523
2016-03-29,12.960000038146973,13.15999984741211,12.930000305175781,13.109999656677246,8.995601654052734,55384
2016-03-30,13.130000114440918,13.3100004196167,13.069999694824219,13.279999732971191,9.1122465133667,53830
2016-03-31,13.229999542236328,13.40999984741211,13.15999984741211,13.319999694824219,9.139693260192871,121463
2016-04-01,13.289999961853027,13.4399995803833,13.1899995803833,13.279999732971191,9.1122465133667,60149
2016-04-04,13.260000228881836,13.260000228881836,13.069999694824219,13.170000076293945,9.03676986694336,63711
2016-04-05,13.140000343322754,13.149999618530273,13.069899559020996,13.069999694824219,8.96815299987793,38235
2016-04-06,13.15999984741211,13.390000343322754,13.119999885559082,13.390000343322754,9.187727928161621,40805
2016-04-07,13.3100004196167,13.329999923706055,13.170100212097168,13.289999961853027,9.119109153747559,34874
2016-04-08,13.4399995803833,13.4399995803833,13.319999694824219,13.359999656677246,9.16713809967041,23814
2016-04-11,13.470000267028809,13.600000381469727,13.359999656677246,13.430000305175781,9.215170860290527,20294
2016-04-12,13.40999984741211,13.529999732971191,13.390000343322754,13.479999542236328,9.249480247497559,38464
2016-04-13,13.5,13.59000015258789,13.489999771118164,13.510000228881836,9.270065307617188,44784
2016-04-14,13.510000228881836,13.579999923706055,13.4399995803833,13.569999694824219,9.311232566833496,24083
2016-04-15,13.510000228881836,13.579999923706055,13.470000267028809,13.510000228881836,9.270065307617188,35153
2016-04-18,13.5,13.579999923706055,13.489999771118164,13.539999961853027,9.290650367736816,30313
2016-04-19,13.569999694824219,13.579999923706055,13.539999961853027,13.539999961853027,9.290650367736816,28040
2016-04-20,13.520000457763672,13.600000381469727,13.520000457763672,13.5600004196167,9.304370880126953,31550
2016-04-21,13.600000381469727,13.619999885559082,13.460000038146973,13.460000038146973,9.235756874084473,38226
2016-04-22,13.5,13.5,13.369999885559082,13.479999542236328,9.249480247497559,26489
2016-04-25,13.420000076293945,13.479999542236328,13.359999656677246,13.420000076293945,9.2083101272583,24146
2016-04-26,13.479999542236328,13.5600004196167,13.460000038146973,13.5600004196167,9.304370880126953,63498
2016-04-27,13.520000457763672,13.550000190734863,13.390000343322754,13.510000228881836,9.270065307617188,38141
2016-04-28,13.479999542236328,13.550000190734863,13.380000114440918,13.420000076293945,9.2083101272583,27057
2016-04-29,13.369999885559082,13.469900131225586,13.3100004196167,13.3100004196167,9.132834434509277,21659
2016-05-02,13.359999656677246,13.399999618530273,13.319999694824219,13.329999923706055,9.146554946899414,31877
2016-05-03,13.300000190734863,13.40999984741211,13.260000228881836,13.399999618530273,9.194585800170898,55482
2016-05-04,13.359999656677246,13.550000190734863,13.319999694824219,13.430000305175781,9.215170860290527,66021
2016-05-05,13.449999809265137,13.553999900817871,13.386099815368652,13.399999618530273,9.194585800170898,26703
2016-05-06,13.329999923706055,13.529899597167969,13.258000373840332,13.449999809265137,9.22889518737793,27503
2016-05-09,13.40999984741211,13.5,13.319999694824219,13.420000076293945,9.2083101272583,74480
2016-05-10,13.4399995803833,13.600000381469727,13.4399995803833,13.510000228881836,9.270065307617188,32879
2016-05-11,13.510000228881836,13.600000381469727,13.430000305175781,13.5,9.263202667236328,79573
2016-05-12,13.510000228881836,13.680000305175781,13.34000015258789,13.460000038146973,9.235756874084473,78709
2016-05-13,13.489999771118164,13.520000457763672,13.319999694824219,13.390000343322754,9.187727928161621,57419
2016-05-16,13.350000381469727,13.57859992980957,13.319999694824219,13.470000267028809,9.242619514465332,130455
2016-05-17,13.420000076293945,13.506400108337402,13.350000381469727,13.40999984741211,9.20145034790039,75845
2016-05-18,13.350000381469727,13.430000305175781,13.300000190734863,13.390000343322754,9.187727928161621,57592
2016-05-19,13.300000190734863,13.380000114440918,13.250100135803223,13.300000190734863,9.125970840454102,23270
2016-05-20,13.329999923706055,13.5,13.329999923706055,13.350000381469727,9.16028118133545,39310
2016-05-23,13.420000076293945,13.5,13.399999618530273,13.460000038146973,9.235756874084473,26902
2016-05-24,13.479999542236328,13.58899974822998,13.420000076293945,13.539999961853027,9.290650367736816,43487
2016-05-25,13.539999961853027,13.710000038146973,13.539999961853027,13.609999656677246,9.338682174682617,74592
2016-05-26,13.609999656677246,13.699999809265137,13.539999961853027,13.621399879455566,9.346501350402832,17435
2016-05-27,13.619999885559082,13.720000267028809,13.5600004196167,13.720000267028809,9.41416072845459,44579
2016-05-31,13.739999771118164,13.789999961853027,13.581100463867188,13.699999809265137,9.400435447692871,51367
2016-06-01,13.75,13.800000190734863,13.680000305175781,13.789999961853027,9.462190628051758,30123
2016-06-02,13.779999732971191,13.899999618530273,13.670000076293945,13.899999618530273,9.537667274475098,39797
2016-06-03,13.869999885559082,13.978599548339844,13.699999809265137,13.699999809265137,9.400435447692871,64236
2016-06-06,13.760000228881836,13.835800170898438,13.6899995803833,13.8100004196167,9.47591495513916,73877
2016-06-07,13.8100004196167,13.819999694824219,13.729999542236328,13.8100004196167,9.47591495513916,48306
2016-06-08,13.880000114440918,13.880000114440918,13.710000038146973,13.84000015258789,9.496499061584473,52220
2016-06-09,13.829999923706055,13.829999923706055,13.739999771118164,13.739999771118164,9.427881240844727,25053
2016-06-10,13.65999984741211,13.759599685668945,13.59000015258789,13.59000015258789,9.324957847595215,53918
2016-06-13,13.470000267028809,13.489999771118164,13.369999885559082,13.460000038146973,9.408841133117676,72011
2016-06-14,13.430000305175781,13.430000305175781,13.239999771118164,13.300000190734863,9.2969970703125,59840
2016-06-15,13.25,13.369999885559082,13.25,13.329999923706055,9.31796932220459,91539
2016-06-16,13.239999771118164,13.289999961853027,13.180000305175781,13.279999732971191,9.283016204833984,125265
2016-06-17,13.300000190734863,13.329999923706055,13.210000038146973,13.3100004196167,9.30398941040039,63487
2016-06-20,13.390000343322754,13.529999732971191,13.350000381469727,13.5,9.436802864074707,67428
2016-06-21,13.5,13.579999923706055,13.479999542236328,13.479999542236328,9.422821998596191,72345
2016-06-22,13.470000267028809,13.637800216674805,13.399999618530273,13.40999984741211,9.373889923095703,63825
2016-06-23,13.529999732971191,13.579999923706055,13.489999771118164,13.489999771118164,9.429811477661133,52365
2016-06-24,13.09000015258789,13.479999542236328,13.09000015258789,13.279999732971191,9.283016204833984,117991
2016-06-27,13.149999618530273,13.210000038146973,13.002400398254395,13.010000228881836,9.094280242919922,77496
2016-06-28,13.1899995803833,13.308799743652344,13.079999923706055,13.229999542236328,9.248065948486328,91654
2016-06-29,13.350000381469727,13.460000038146973,13.270000457763672,13.420000076293945,9.380881309509277,80591
2016-06-30,13.430000305175781,13.520000457763672,13.405900001525879,13.520000457763672,9.450782775878906,37095
2016-07-01,13.5600004196167,13.670000076293945,13.430000305175781,13.670000076293945,9.555635452270508,84942
2016-07-05,13.489999771118164,13.640000343322754,13.34000015258789,13.640000343322754,9.534666061401367,85497
2016-07-06,13.579999923706055,13.75,13.484800338745117,13.75,9.611557960510254,76139
2016-07-07,13.699999809265137,13.720000267028809,13.541600227355957,13.670000076293945,9.555635452270508,92301
2016-07-08,13.670000076293945,13.819999694824219,13.600000381469727,13.75,9.611557960510254,83729
2016-07-11,13.760000228881836,13.908599853515625,13.680000305175781,13.84000015258789,9.674469947814941,77529
2016-07-12,13.880000114440918,13.880000114440918,13.760000228881836,13.869999885559082,9.695439338684082,132498
2016-07-13,13.890000343322754,13.890000343322754,13.779999732971191,13.819999694824219,9.660489082336426,84677
2016-07-14,13.84000015258789,13.920000076293945,13.84000015258789,13.920000076293945,9.730391502380371,32775
2016-07-15,13.920000076293945,13.920000076293945,13.789999961853027,13.850000381469727,9.6814603805542,61182
2016-07-18,13.90999984741211,13.90999984741211,13.845000267028809,13.869999885559082,9.695439338684082,32232
2016-07-19,13.869999885559082,13.889900207519531,13.789999961853027,13.8100004196167,9.6535005569458,64378
2016-07-20,13.90999984741211,13.9399995803833,13.85509967803955,13.920000076293945,9.730391502380371,57285
2016-07-21,13.949999809265137,13.949999809265137,13.880000114440918,13.920000076293945,9.730391502380371,37248
2016-07-22,13.949999809265137,14.0,13.859999656677246,13.859999656677246,9.688450813293457,59299
2016-07-25,13.949999809265137,13.949999809265137,13.729999542236328,13.800000190734863,9.646509170532227,68364
2016-07-26,13.850000381469727,13.899999618530273,13.8100004196167,13.819999694824219,9.660489082336426,30236
2016-07-27,13.899999618530273,13.899999618530273,13.779999732971191,13.829999923706055,9.667479515075684,155538
2016-07-28,13.84000015258789,13.930000305175781,13.829999923706055,13.920000076293945,9.730391502380371,38886
2016-07-29,13.949999809265137,13.979999542236328,13.930000305175781,13.960000038146973,9.75835132598877,32647
2016-08-01,13.979999542236328,14.0,13.850000381469727,13.869999885559082,9.695439338684082,95557
2016-08-02,13.829999923706055,13.949999809265137,13.760000228881836,13.819999694824219,9.660489082336426,77130
2016-08-03,13.75,13.914999961853027,13.75,13.869999885559082,9.695439338684082,35762
2016-08-04,13.890000343322754,14.010000228881836,13.890000343322754,13.90999984741211,9.72340202331543,69285
2016-08-05,14.020000457763672,14.050000190734863,13.970000267028809,13.989999771118164,9.779321670532227,26374
2016-08-08,14.039999961853027,14.050000190734863,13.979999542236328,14.0,9.786314010620117,38872
2016-08-09,14.0,14.050000190734863,13.979999542236328,14.0,9.786314010620117,16455
2016-08-10,14.029999732971191,14.050000190734863,13.949999809265137,14.0,9.786314010620117,43051
2016-08-11,14.0,14.050000190734863,13.960000038146973,13.960000038146973,9.75835132598877,48272
2016-08-12,13.989999771118164,14.0600004196167,13.9399995803833,14.020000457763672,9.800293922424316,14568
2016-08-15,14.09000015258789,14.109999656677246,14.029999732971191,14.039999961853027,9.814273834228516,21434
2016-08-16,14.0600004196167,14.099900245666504,14.039999961853027,14.075499534606934,9.839086532592773,29169
2016-08-17,14.100000381469727,14.140000343322754,14.050000190734863,14.130000114440918,9.87718391418457,38057
2016-08-18,14.15999984741211,14.210000038146973,14.140000343322754,14.170000076293945,9.905147552490234,46132
2016-08-19,14.109999656677246,14.179900169372559,14.079999923706055,14.149999618530273,9.891166687011719,24201
2016-08-22,14.119999885559082,14.139300346374512,14.029999732971191,14.039999961853027,9.814273834228516,39050
2016-08-23,14.130000114440918,14.180000305175781,14.039999961853027,14.039999961853027,9.814273834228516,33936
2016-08-24,14.0600004196167,14.103599548339844,13.970000267028809,13.970000267028809,9.765342712402344,34280
2016-08-25,13.970000267028809,14.09000015258789,13.930000305175781,13.9399995803833,9.744370460510254,21123
2016-08-26,14.0,14.11989974975586,14.0,14.079999923706055,9.842232704162598,44542
2016-08-29,14.119999885559082,14.199999809265137,14.020000457763672,14.079999923706055,9.842232704162598,62270
2016-08-30,14.119999885559082,14.189000129699707,14.010000228881836,14.170000076293945,9.905147552490234,46465
2016-08-31,14.079999923706055,14.079999923706055,13.930100440979004,13.989999771118164,9.779321670532227,156973
2016-09-01,13.989999771118164,14.029899597167969,13.900099754333496,13.960000038146973,9.75835132598877,52264
2016-09-02,14.020000457763672,14.039999961853027,13.989999771118164,14.039999961853027,9.814273834228516,21580
2016-09-06,14.09000015258789,14.130000114440918,14.010000228881836,14.079999923706055,9.842232704162598,65378
2016-09-07,14.079999923706055,14.180000305175781,14.024999618530273,14.0600004196167,9.828253746032715,58352
2016-09-08,14.050000190734863,14.109999656677246,14.039999961853027,14.081299781799316,9.84314250946045,23584
2016-09-09,13.979999542236328,14.0600004196167,13.8100004196167,13.8100004196167,9.6535005569458,44557
2016-09-12,13.789999961853027,13.9399995803833,13.779999732971191,13.90999984741211,9.72340202331543,39393
2016-09-13,13.65999984741211,13.800000190734863,13.399999618530273,13.479999542236328,9.588254928588867,48459
2016-09-14,13.460000038146973,13.520000457763672,13.390000343322754,13.470000267028809,9.581143379211426,61981
2016-09-15,13.489999771118164,13.569999694824219,13.449999809265137,13.5600004196167,9.645158767700195,24618
2016-09-16,13.569999694824219,13.569999694824219,13.460000038146973,13.529999732971191,9.623818397521973,28219
2016-09-19,13.539999961853027,13.612600326538086,13.5,13.5600004196167,9.645158767700195,26437
2016-09-20,13.569999694824219,13.640000343322754,13.550000190734863,13.5600004196167,9.645158767700195,17906
2016-09-21,13.619999885559082,13.734000205993652,13.569999694824219,13.729999542236328,9.766077995300293,35424
2016-09-22,13.789999961853027,13.829999923706055,13.779999732971191,13.8100004196167,9.822982788085938,23333
2016-09-23,13.789999961853027,13.819999694824219,13.710000038146973,13.729999542236328,9.766077995300293,18848
2016-09-26,13.6899995803833,13.739999771118164,13.59000015258789,13.619999885559082,9.687833786010742,74041
2016-09-27,13.630000114440918,13.770000457763672,13.569999694824219,13.760000228881836,9.7874174118042,53878
2016-09-28,13.770000457763672,13.850000381469727,13.75,13.789999961853027,9.808753967285156,82767
2016-09-29,13.710000038146973,13.789999961853027,13.5,13.520000457763672,9.616708755493164,83683
2016-09-30,13.569999694824219,13.789999961853027,13.539999961853027,13.760000228881836,9.7874174118042,62652
2016-10-03,13.800000190734863,13.880000114440918,13.609999656677246,13.609999656677246,9.680721282958984,109405
2016-10-04,13.670000076293945,13.724300384521484,13.479900360107422,13.5,9.6024808883667,70774
2016-10-05,13.579999923706055,13.670000076293945,13.558300018310547,13.5600004196167,9.645158767700195,42318
2016-10-06,13.600000381469727,13.720000267028809,13.5649995803833,13.640000343322754,9.702062606811523,57051
2016-10-07,13.710000038146973,13.710000038146973,13.5600004196167,13.5600004196167,9.645158767700195,38647
2016-10-10,13.640000343322754,13.729999542236328,13.5600004196167,13.5600004196167,9.645158767700195,43011
2016-10-11,13.59000015258789,13.59000015258789,13.369999885559082,13.369999885559082,9.510011672973633,34968
2016-10-12,13.430000305175781,13.489999771118164,13.369999885559082,13.369999885559082,9.510011672973633,34046
2016-10-13,13.300000190734863,13.430000305175781,13.300000190734863,13.359999656677246,9.502900123596191,43154
2016-10-14,13.399999618530273,13.5600004196167,13.3100004196167,13.3100004196167,9.46733570098877,63385
2016-10-17,13.369999885559082,13.395999908447266,13.069999694824219,13.180000305175781,9.374865531921387,152648
2016-10-18,13.289999961853027,13.359999656677246,13.263999938964844,13.300000190734863,9.460221290588379,40835
2016-10-19,13.3100004196167,13.420000076293945,13.282699584960938,13.399999618530273,9.531350135803223,58488
2016-10-20,13.40999984741211,13.510000228881836,13.34000015258789,13.5,9.6024808883667,79567
2016-10-21,13.5,13.600000381469727,13.40999984741211,13.59000015258789,9.666497230529785,116295
2016-10-24,13.75,13.779999732971191,13.65999984741211,13.760000228881836,9.7874174118042,121456
2016-10-25,13.789999961853027,13.819999694824219,13.70009994506836,13.75,9.780304908752441,94674
2016-10-26,13.699999809265137,13.739899635314941,13.539999961853027,13.670000076293945,9.723401069641113,90790
2016-10-27,13.720000267028809,13.749500274658203,13.579999923706055,13.640000343322754,9.702062606811523,47642
2016-10-28,13.600000381469727,13.729999542236328,13.600000381469727,13.649999618530273,9.709174156188965,37877
2016-10-31,13.729999542236328,13.739999771118164,13.510000228881836,13.579999923706055,9.659383773803711,35369
2016-11-01,13.630000114440918,13.640000343322754,13.5,13.51099967956543,9.610305786132812,42512
2016-11-02,13.510000228881836,13.527600288391113,13.350000381469727,13.460000038146973,9.574028015136719,65777
2016-11-03,13.449999809265137,13.510000228881836,13.270000457763672,13.289999961853027,9.453108787536621,100613
2016-11-04,13.319999694824219,13.319999694824219,13.119999885559082,13.119999885559082,9.332188606262207,51848
2016-11-07,13.25,13.34000015258789,13.25,13.289999961853027,9.453108787536621,37098
2016-11-08,13.25,13.390000343322754,13.1899995803833,13.359999656677246,9.502900123596191,45463
2016-11-09,13.239999771118164,13.510000228881836,13.170000076293945,13.460000038146973,9.574028015136719,56690
2016-11-10,13.609999656677246,13.61989974975586,13.460000038146973,13.569999694824219,9.652270317077637,70714
2016-11-11,13.520000457763672,13.600000381469727,13.491000175476074,13.562399864196777,9.646864891052246,42491
2016-11-14,13.600000381469727,13.720000267028809,13.4399995803833,13.670000076293945,9.723401069641113,55519
2016-11-15,13.609999656677246,13.869999885559082,13.569999694824219,13.829999923706055,9.837206840515137,70562
2016-11-16,13.800000190734863,13.949999809265137,13.739800453186035,13.9399995803833,9.915451049804688,62223
2016-11-17,13.890000343322754,14.119999885559082,13.890000343322754,14.0600004196167,10.000805854797363,55569
2016-11-18,14.069999694824219,14.092000007629395,13.930000305175781,13.960000038146973,9.929676055908203,58807
2016-11-21,14.050000190734863,14.050000190734863,13.960000038146973,14.039999961853027,9.986578941345215,65177
2016-11-22,14.0600004196167,14.270000457763672,13.989999771118164,14.25,10.135950088500977,89485
2016-11-23,14.199999809265137,14.229999542236328,14.050000190734863,14.069999694824219,10.007918357849121,56268
2016-11-25,14.15999984741211,14.197699546813965,14.020000457763672,14.140000343322754,10.05771255493164,26401
2016-11-28,14.039999961853027,14.079999923706055,13.949999809265137,13.949999809265137,9.922562599182129,67291
2016-11-29,13.920000076293945,14.010000228881836,13.920000076293945,14.010000228881836,9.965240478515625,49994
2016-11-30,14.050000190734863,14.169400215148926,13.960000038146973,14.069999694824219,10.007918357849121,57913
2016-12-01,14.020000457763672,14.149999618530273,14.010000228881836,14.0600004196167,10.000805854797363,42179
2016-12-02,14.0600004196167,14.0600004196167,13.90999984741211,14.020000457763672,9.9723539352417,58648
2016-12-05,14.010000228881836,14.050000190734863,13.800000190734863,13.979999542236328,9.943902969360352,81187
2016-12-06,14.069999694824219,14.220000267028809,13.90999984741211,14.199999809265137,10.100386619567871,65341
2016-12-07,14.130000114440918,14.3100004196167,14.119999885559082,14.289999961853027,10.164402961730957,67772
2016-12-08,14.25,14.284799575805664,14.079999923706055,14.18649959564209,10.09078311920166,115738
2016-12-09,14.229999542236328,14.3100004196167,13.979999542236328,14.050000190734863,9.993694305419922,187140
2016-12-12,14.050000190734863,14.079999923706055,13.979999542236328,14.069199562072754,10.007351875305176,55610
2016-12-13,13.800000190734863,13.969300270080566,13.800000190734863,13.960000038146973,10.102002143859863,57648
2016-12-14,13.880000114440918,13.949999809265137,13.760000228881836,13.8100004196167,9.993456840515137,71572
2016-12-15,13.8100004196167,13.968000411987305,13.8100004196167,13.9399995803833,10.087529182434082,38884
2016-12-16,13.979999542236328,14.069999694824219,13.880000114440918,14.069999694824219,10.181601524353027,59113
2016-12-19,14.09000015258789,14.100000381469727,14.01509952545166,14.050000190734863,10.167129516601562,61477
2016-12-20,14.149999618530273,14.220000267028809,14.0600004196167,14.170000076293945,10.253965377807617,84566
2016-12-21,14.199999809265137,14.220000267028809,14.130999565124512,14.15999984741211,10.246729850769043,48679
2016-12-22,14.210000038146973,14.390000343322754,14.149999618530273,14.380000114440918,10.405929565429688,164054
2016-12-23,14.390000343322754,14.539999961853027,14.34000015258789,14.479999542236328,10.478294372558594,59565
2016-12-27,14.529999732971191,14.660099983215332,14.529999732971191,14.630000114440918,10.58683967590332,67743
2016-12-28,14.670000076293945,14.6899995803833,14.451000213623047,14.479999542236328,10.478294372558594,44270
2016-12-29,14.479999542236328,14.559900283813477,14.394599914550781,14.449999809265137,10.456584930419922,30966
2016-12-30,14.579999923706055,14.649999618530273,14.350000381469727,14.399999618530273,10.420403480529785,92353
2017-01-03,14.40999984741211,14.638400077819824,14.279999732971191,14.380000114440918,10.405929565429688,56205
2017-01-04,14.34000015258789,14.470000267028809,14.34000015258789,14.390000343322754,10.413166046142578,52609
2017-01-05,14.289999961853027,14.289999961853027,14.100000381469727,14.180000305175781,10.26120376586914,140471
2017-01-06,14.25,14.359999656677246,14.161999702453613,14.350000381469727,10.384222984313965,50180
2017-01-09,14.359999656677246,14.479999542236328,14.310099601745605,14.4399995803833,10.449348449707031,58058
2017-01-10,14.390000343322754,14.510000228881836,14.390000343322754,14.5,10.492767333984375,35219
2017-01-11,14.489999771118164,14.579999923706055,14.449999809265137,14.479999542236328,10.478294372558594,44800
2017-01-12,14.449999809265137,14.510000228881836,14.4399995803833,14.479999542236328,10.478294372558594,31165
2017-01-13,14.510000228881836,14.5600004196167,14.510000228881836,14.510000228881836,10.500003814697266,31703
2017-01-17,14.470000267028809,14.489999771118164,14.399999618530273,14.430000305175781,10.442112922668457,42007
2017-01-18,14.5,14.517399787902832,14.279999732971191,14.300000190734863,10.348036766052246,48789
2017-01-19,14.390000343322754,14.4399995803833,14.319999694824219,14.369999885559082,10.398694038391113,56277
2017-01-20,14.430000305175781,14.449999809265137,14.359999656677246,14.420000076293945,10.434876441955566,24506
2017-01-23,14.460000038146973,14.510000228881836,14.350000381469727,14.369999885559082,10.398694038391113,43797
2017-01-24,14.430000305175781,14.569999694824219,14.380000114440918,14.51099967956543,10.500726699829102,40088
2017-01-25,14.5600004196167,14.649999618530273,14.510000228881836,14.579999923706055,10.550658226013184,44611
2017-01-26,14.569999694824219,14.680000305175781,14.569999694824219,14.680000305175781,10.62302303314209,35200
2017-01-27,14.670000076293945,14.718000411987305,14.579999923706055,14.670000076293945,10.61578369140625,28824
2017-01-30,14.619999885559082,14.640000343322754,14.489999771118164,14.630000114440918,10.58683967590332,47746
2017-01-31,14.59000015258789,14.689000129699707,14.510000228881836,14.600000381469727,10.565131187438965,31064
2017-02-01,14.640000343322754,14.949999809265137,14.640000343322754,14.859999656677246,10.753277778625488,149126
2017-02-02,14.9399995803833,15.020000457763672,14.899999618530273,14.989999771118164,10.8473482131958,175892
2017-02-03,15.0,15.010000228881836,14.861000061035156,14.949999809265137,10.818404197692871,78277
2017-02-06,14.90999984741211,14.970000267028809,14.8100004196167,14.829999923706055,10.7315673828125,41419
2017-02-07,14.859999656677246,14.970000267028809,14.720000267028809,14.75,10.673675537109375,53395
2017-02-08,14.779999732971191,14.960000038146973,14.711000442504883,14.8100004196167,10.717093467712402,60570
2017-02-09,14.859999656677246,15.010000228881836,14.859999656677246,14.869999885559082,10.760514259338379,41462
2017-02-10,14.890000343322754,14.999899864196777,14.765000343322754,14.890000343322754,10.774988174438477,52831
2017-02-13,14.920000076293945,14.959600448608398,14.829999923706055,14.84000015258789,10.738805770874023,55563
2017-02-14,14.819999694824219,14.883999824523926,14.729999542236328,14.859999656677246,10.753277778625488,46859
2017-02-15,14.800000190734863,14.970000267028809,14.800000190734863,14.899999618530273,10.782222747802734,50293
2017-02-16,14.899999618530273,14.9350004196167,14.739999771118164,14.800000190734863,10.709858894348145,37449
2017-02-17,14.729999542236328,14.829700469970703,14.710000038146973,14.779999732971191,10.69538688659668,47571
2017-02-21,14.800000190734863,15.010000228881836,14.800000190734863,15.010000228881836,10.861823081970215,73929
2017-02-22,15.010000228881836,15.010000228881836,14.899999618530273,15.0,10.85458755493164,19404
2017-02-23,15.010000228881836,15.210000038146973,14.9399995803833,15.170000076293945,10.977604866027832,34220
2017-02-24,15.130000114440918,15.199999809265137,15.079999923706055,15.180000305175781,10.984841346740723,26913
2017-02-27,15.180000305175781,15.25979995727539,15.149999618530273,15.25,11.03549575805664,27519
2017-02-28,15.180000305175781,15.3100004196167,15.180000305175781,15.260000228881836,11.042733192443848,37013
2017-03-01,15.3100004196167,15.529999732971191,15.3100004196167,15.500200271606445,11.21654987335205,37065
2017-03-02,15.489999771118164,15.489999771118164,15.260000228881836,15.359999656677246,11.115096092224121,37052
2017-03-03,15.359999656677246,15.529999732971191,15.319999694824219,15.479999542236328,11.201931953430176,31791
2017-03-06,15.369999885559082,15.430000305175781,15.34000015258789,15.390000343322754,11.13680648803711,18969
2017-03-07,15.359999656677246,15.437100410461426,15.300000190734863,15.34000015258789,11.100624084472656,26431
2017-03-08,15.359999656677246,15.399999618530273,15.3100004196167,15.359999656677246,11.115096092224121,28279
2017-03-09,15.359999656677246,15.520000457763672,15.3100004196167,15.5,11.21640682220459,61174
2017-03-10,15.550000190734863,15.710000038146973,15.479999542236328,15.680000305175781,11.346660614013672,37378
2017-03-13,15.390000343322754,15.520000457763672,15.390000343322754,15.5,11.390753746032715,92641
2017-03-14,15.460000038146973,15.5600004196167,15.35099983215332,15.520000457763672,11.405451774597168,91088
2017-03-15,15.5600004196167,15.57979965209961,15.270000457763672,15.4399995803833,11.346659660339355,184219
2017-03-16,15.399999618530273,15.489999771118164,15.140000343322754,15.140000343322754,11.126194953918457,57020
2017-03-17,15.170000076293945,15.210000038146973,15.130000114440918,15.170000076293945,11.14824104309082,29249
2017-03-20,15.170000076293945,15.170000076293945,15.0,15.119999885559082,11.111496925354004,91290
2017-03-21,15.100000381469727,15.279999732971191,14.819999694824219,14.829999923706055,10.8983793258667,80996
2017-03-22,14.829999923706055,14.837499618530273,14.720000267028809,14.760000228881836,10.84693717956543,66887
2017-03-23,14.739999771118164,14.928899765014648,14.6899995803833,14.699999809265137,10.80284309387207,31346
2017-03-24,14.760000228881836,14.84000015258789,14.609999656677246,14.670000076293945,10.78079891204834,57482
2017-03-27,14.550000190734863,14.640000343322754,14.279999732971191,14.569999694824219,10.707308769226074,55080
2017-03-28,14.550000190734863,14.760000228881836,14.550000190734863,14.720000267028809,10.817543029785156,56426
2017-03-29,14.720000267028809,14.850000381469727,14.720000267028809,14.850000381469727,10.913078308105469,43159
2017-03-30,14.779999732971191,14.800200462341309,14.670000076293945,14.729999542236328,10.824891090393066,82462
2017-03-31,14.699999809265137,14.829999923706055,14.670000076293945,14.819999694824219,10.891032218933105,100656
2017-04-03,14.8100004196167,14.949999809265137,14.600000381469727,14.75,10.839588165283203,104912
2017-04-04,14.5600004196167,14.720000267028809,14.5600004196167,14.720000267028809,10.817543029785156,184896
2017-04-05,14.720000267028809,14.84000015258789,14.720000267028809,14.84000015258789,10.905729293823242,73015
2017-04-06,14.829999923706055,14.9399995803833,14.77079963684082,14.9399995803833,10.979217529296875,92708
2017-04-07,14.869999885559082,15.170000076293945,14.869999885559082,15.170000076293945,11.14824104309082,54116
2017-04-10,15.09000015258789,15.149999618530273,15.0,15.140000343322754,11.126194953918457,74992
2017-04-11,15.069999694824219,15.109999656677246,14.920000076293945,15.100000381469727,11.096799850463867,62279
2017-04-12,15.079999923706055,15.104999542236328,15.010000228881836,15.069999694824219,11.074751853942871,45338
2017-04-13,15.050000190734863,15.100000381469727,14.899999618530273,14.960000038146973,10.993914604187012,50653
2017-04-17,15.050000190734863,15.050000190734863,14.979999542236328,15.050000190734863,11.060053825378418,53123
2017-04-18,15.0,15.029999732971191,14.869999885559082,14.949999809265137,10.986565589904785,36423
2017-04-19,14.979999542236328,15.0,14.859999656677246,14.979999542236328,11.008612632751465,41813
2017-04-20,15.0,15.109999656677246,14.930000305175781,15.039999961853027,11.052704811096191,51283
2017-04-21,15.09000015258789,15.128700256347656,15.00100040435791,15.09000015258789,11.089447975158691,37171
2017-04-24,15.210000038146973,15.25,15.109999656677246,15.1899995803833,11.162938117980957,50114
2017-04-25,15.25,15.359999656677246,15.241000175476074,15.34000015258789,11.273172378540039,102777
2017-04-26,15.40999984741211,15.40999984741211,15.270000457763672,15.380000114440918,11.302568435668945,53186
2017-04-27,15.399999618530273,15.399999618530273,15.3100004196167,15.329999923706055,11.265824317932129,28427
2017-04-28,15.34000015258789,15.350000381469727,15.300000190734863,15.350000381469727,11.28052043914795,17718
2017-05-01,15.369999885559082,15.479999542236328,15.364999771118164,15.40999984741211,11.324612617492676,64689
2017-05-02,15.420000076293945,15.420000076293945,15.351499557495117,15.390000343322754,11.309916496276855,29321
2017-05-03,15.359999656677246,15.479999542236328,15.339500427246094,15.399999618530273,11.31726360321045,32442
2017-05-04,15.420000076293945,15.459199905395508,15.319999694824219,15.359999656677246,11.287867546081543,23239
2017-05-05,15.380000114440918,15.390000343322754,15.359999656677246,15.359999656677246,11.287867546081543,20728
2017-05-08,15.369999885559082,15.419599533081055,15.369999885559082,15.390000343322754,11.309916496276855,30336
2017-05-09,15.40999984741211,15.479000091552734,15.390000343322754,15.449999809265137,11.354008674621582,38592
2017-05-10,15.399999618530273,15.420000076293945,15.34000015258789,15.350000381469727,11.28052043914795,54473
2017-05-11,15.329999923706055,15.489999771118164,15.229999542236328,15.452099800109863,11.355551719665527,61731
2017-05-12,15.4399995803833,15.5,15.180000305175781,15.279999732971191,11.229079246520996,78266
2017-05-15,15.319999694824219,15.449999809265137,15.319999694824219,15.449999809265137,11.354008674621582,24621
2017-05-16,15.4399995803833,15.460000038146973,15.369999885559082,15.43340015411377,11.34181022644043,46714
2017-05-17,15.319999694824219,15.5600004196167,15.21500015258789,15.260000228881836,11.21438217163086,30839
2017-05-18,15.220000267028809,15.3100004196167,15.199999809265137,15.210000038146973,11.177637100219727,33363
2017-05-19,15.25,15.359999656677246,15.229999542236328,15.329999923706055,11.265824317932129,29654
2017-05-22,15.390000343322754,15.550000190734863,15.380000114440918,15.539999961853027,11.420150756835938,32961
2017-05-23,15.600000381469727,15.600000381469727,15.529999732971191,15.579999923706055,11.449545860290527,50655
2017-05-24,15.619999885559082,15.880000114440918,15.583100318908691,15.75,11.574474334716797,125435
2017-05-25,15.789999961853027,15.789999961853027,15.722299575805664,15.789999961853027,11.603872299194336,42727
2017-05-26,15.729999542236328,15.789999961853027,15.710000038146973,15.710000038146973,11.545080184936523,34915
2017-05-30,15.760000228881836,15.805000305175781,15.729999542236328,15.729999542236328,11.559778213500977,20522
2017-05-31,15.739999771118164,15.789999961853027,15.65999984741211,15.720000267028809,11.552430152893066,23284
2017-06-01,15.739999771118164,15.898300170898438,15.6899995803833,15.739999771118164,11.56712818145752,47590
2017-06-02,15.789999961853027,15.84000015258789,15.710000038146973,15.82509994506836,11.62966537475586,18994
2017-06-05,15.789999961853027,16.09000015258789,15.789999961853027,16.09000015258789,11.824337005615234,44528
2017-06-06,16.079999923706055,16.190000534057617,15.970000267028809,16.190000534057617,11.897826194763184,45771
2017-06-07,16.18000030517578,16.469999313354492,16.02120018005371,16.06999969482422,11.80964183807373,62112
2017-06-08,16.149999618530273,16.3700008392334,15.901000022888184,16.010000228881836,11.765546798706055,29894
2017-06-09,16.049999237060547,16.06999969482422,15.819999694824219,15.920000076293945,11.699405670166016,39016
2017-06-12,15.859999656677246,15.91100025177002,15.779999732971191,15.859999656677246,11.655315399169922,58301
2017-06-13,15.800000190734863,15.829999923706055,15.600000381469727,15.609999656677246,11.64785099029541,38433
2017-06-14,15.720000267028809,15.899999618530273,15.569999694824219,15.779999732971191,11.774703979492188,42212
2017-06-15,15.670000076293945,15.710000038146973,15.3100004196167,15.3100004196167,11.423998832702637,56854
2017-06-16,15.380000114440918,15.5600004196167,15.359999656677246,15.489999771118164,11.558310508728027,52945
2017-06-19,15.489999771118164,15.600000381469727,15.489999771118164,15.59000015258789,11.632927894592285,46771
2017-06-20,15.520000457763672,15.539999961853027,15.420000076293945,15.449999809265137,11.528462409973145,50796
2017-06-21,15.4399995803833,15.479999542236328,15.350000381469727,15.479999542236328,11.550848960876465,55414
2017-06-22,15.420000076293945,15.479999542236328,15.359999656677246,15.470000267028809,11.543387413024902,56342
2017-06-23,15.460000038146973,15.5,15.359999656677246,15.470000267028809,11.543387413024902,47651
2017-06-26,15.470000267028809,15.529999732971191,15.3100004196167,15.329899787902832,11.438847541809082,65206
2017-06-27,15.369999885559082,15.369999885559082,15.149999618530273,15.25,11.379229545593262,68075
2017-06-28,15.279999732971191,15.427200317382812,15.230999946594238,15.380000114440918,11.476229667663574,37922
2017-06-29,15.380000114440918,15.40999984741211,15.210000038146973,15.34000015258789,11.446385383605957,35915
2017-06-30,15.369999885559082,15.399999618530273,15.279999732971191,15.359999656677246,11.46130657196045,53341
2017-07-03,15.479999542236328,15.520000457763672,15.34000015258789,15.479999542236328,11.550848960876465,52586
2017-07-05,15.460000038146973,15.460000038146973,15.270099639892578,15.369999885559082,11.468768119812012,63355
2017-07-06,15.350000381469727,15.350000381469727,15.15999984741211,15.15999984741211,11.312071800231934,35493
2017-07-07,15.180000305175781,15.289999961853027,15.15999984741211,15.239999771118164,11.371766090393066,54487
2017-07-10,15.1899995803833,15.34000015258789,15.1899995803833,15.270000457763672,11.394149780273438,32438
2017-07-11,15.210000038146973,15.479999542236328,15.210000038146973,15.359999656677246,11.46130657196045,44510
2017-07-12,15.420000076293945,15.510000228881836,15.380000114440918,15.420000076293945,11.50607681274414,46226
2017-07-13,15.399999618530273,15.4399995803833,15.350000381469727,15.359999656677246,11.46130657196045,28105
2017-07-14,15.40999984741211,15.529999732971191,15.399999618530273,15.40999984741211,11.498616218566895,34922
2017-07-17,15.479999542236328,15.520000457763672,15.380000114440918,15.380000114440918,11.476229667663574,43459
2017-07-18,15.420000076293945,15.510000228881836,15.350000381469727,15.420000076293945,11.50607681274414,49633
2017-07-19,15.4399995803833,15.699999809265137,15.4399995803833,15.699999809265137,11.715006828308105,77863
2017-07-20,15.670000076293945,15.670000076293945,15.489999771118164,15.489999771118164,11.558310508728027,57438
2017-07-21,15.449999809265137,15.5,15.390000343322754,15.4399995803833,11.521001815795898,25730
2017-07-24,15.460000038146973,15.489999771118164,15.399999618530273,15.430000305175781,11.513540267944336,28961
2017-07-25,15.470000267028809,15.550000190734863,15.420000076293945,15.489999771118164,11.558310508728027,34478
2017-07-26,15.5,15.520000457763672,15.460000038146973,15.470000267028809,11.543387413024902,41109
2017-07-27,15.539999961853027,15.539999961853027,15.369999885559082,15.414999961853027,11.502348899841309,38825
2017-07-28,15.369999885559082,15.520000457763672,15.369999885559082,15.520000457763672,11.580697059631348,30748
2017-07-31,15.489999771118164,15.53969955444336,15.460000038146973,15.529999732971191,11.58815860748291,29706
2017-08-01,15.569999694824219,15.569999694824219,15.449999809265137,15.510000228881836,11.573233604431152,66479
2017-08-02,15.550000190734863,15.595000267028809,15.510000228881836,15.539999961853027,11.595617294311523,29637
2017-08-03,15.569999694824219,15.579999923706055,15.5,15.5600004196167,11.610544204711914,21059
2017-08-04,15.579999923706055,15.579999923706055,15.481399536132812,15.489999771118164,11.558310508728027,25259
2017-08-07,15.5,15.600000381469727,15.5,15.600000381469727,11.640389442443848,39640
2017-08-08,15.579999923706055,15.600000381469727,15.529999732971191,15.539999961853027,11.595617294311523,39876
2017-08-09,15.489999771118164,15.491399765014648,15.40999984741211,15.449999809265137,11.528462409973145,24154
2017-08-10,15.399999618530273,15.459500312805176,15.029999732971191,15.100000381469727,11.26729965209961,56697
2017-08-11,15.100000381469727,15.229999542236328,14.920000076293945,15.119999885559082,11.2822265625,62450
2017-08-14,15.210000038146973,15.34000015258789,15.170000076293945,15.170000076293945,11.319533348083496,83866
2017-08-15,15.25,15.359999656677246,15.239999771118164,15.25,11.379229545593262,45721
2017-08-16,15.260000228881836,15.350000381469727,15.229999542236328,15.289999961853027,11.409074783325195,30024
2017-08-17,15.229999542236328,15.350000381469727,15.100000381469727,15.100000381469727,11.26729965209961,42356
2017-08-18,15.079999923706055,15.1899995803833,15.027000427246094,15.149999618530273,11.304609298706055,37440
2017-08-21,15.130000114440918,15.149999618530273,15.029999732971191,15.119999885559082,11.2822265625,31124
2017-08-22,15.180000305175781,15.34000015258789,15.180000305175781,15.279999732971191,11.401612281799316,44870
2017-08-23,15.279999732971191,15.34000015258789,15.279999732971191,15.300000190734863,11.416537284851074,62941
2017-08-24,15.300000190734863,15.329999923706055,15.262100219726562,15.279999732971191,11.401612281799316,22850
2017-08-25,15.329999923706055,15.350000381469727,15.260000228881836,15.260000228881836,11.386690139770508,33057
2017-08-28,15.34000015258789,15.359999656677246,15.279999732971191,15.289999961853027,11.409074783325195,28816
2017-08-29,15.25,15.59000015258789,15.25,15.350000381469727,11.453845977783203,53566
2017-08-30,15.350000381469727,15.4399995803833,15.319999694824219,15.34000015258789,11.446385383605957,54019
2017-08-31,15.369999885559082,15.40820026397705,15.350000381469727,15.359999656677246,11.46130657196045,20981
2017-09-01,15.430000305175781,15.510000228881836,15.426799774169922,15.489999771118164,11.558310508728027,26020
2017-09-05,15.520000457763672,15.520000457763672,15.369999885559082,15.390000343322754,11.483694076538086,15650
2017-09-06,15.4399995803833,15.5,15.399999618530273,15.399999618530273,11.491153717041016,24565
2017-09-07,15.430000305175781,15.489999771118164,15.402799606323242,15.4399995803833,11.521001815795898,21950
2017-09-08,15.430000305175781,15.484999656677246,15.390000343322754,15.390000343322754,11.483694076538086,23253
2017-09-11,15.529999732971191,15.539999961853027,15.390000343322754,15.390000343322754,11.483694076538086,20598
2017-09-12,15.470000267028809,15.539999961853027,15.470000267028809,15.489999771118164,11.558310508728027,22074
2017-09-13,15.470000267028809,15.520000457763672,15.399999618530273,15.481399536132812,11.551894187927246,33189
2017-09-14,15.260000228881836,15.260000228881836,15.180000305175781,15.1899995803833,11.522762298583984,21002
2017-09-15,15.199999809265137,15.270000457763672,15.1899995803833,15.270000457763672,11.58344841003418,23585
2017-09-18,15.369999885559082,15.369999885559082,15.25,15.34000015258789,11.636551856994629,59196
2017-09-19,15.319999694824219,15.399999618530273,15.260000228881836,15.390000343322754,11.674480438232422,33467
2017-09-20,15.390000343322754,15.489999771118164,15.348999977111816,15.470000267028809,11.7351655960083,35647
2017-09-21,15.460000038146973,15.489999771118164,15.399999618530273,15.399999618530273,11.682064056396484,33315
2017-09-22,15.399999618530273,15.498900413513184,15.399999618530273,15.399999618530273,11.682064056396484,27364
2017-09-25,15.4399995803833,15.520000457763672,15.436699867248535,15.449999809265137,11.719992637634277,17702
2017-09-26,15.479999542236328,15.520999908447266,15.4576997756958,15.5,11.75792121887207,35065
2017-09-27,15.489999771118164,15.5600004196167,15.470000267028809,15.470000267028809,11.7351655960083,31236
2017-09-28,15.40999984741211,15.670000076293945,15.40999984741211,15.550000190734863,11.795851707458496,46348
2017-09-29,15.640000343322754,15.649999618530273,15.550000190734863,15.640000343322754,11.86412239074707,33415
2017-10-02,15.720000267028809,15.720000267028809,15.539999961853027,15.539999961853027,11.788263320922852,57493
2017-10-03,15.529999732971191,15.630000114440918,15.529999732971191,15.59000015258789,11.826192855834961,31265
2017-10-04,15.510000228881836,15.630000114440918,15.510000228881836,15.569999694824219,11.811022758483887,33762
2017-10-05,15.649999618530273,15.7391996383667,15.600000381469727,15.6899995803833,11.902050971984863,54583
2017-10-06,15.65999984741211,15.720000267028809,15.630000114440918,15.65999984741211,11.879293441772461,17939
2017-10-09,15.6899995803833,15.779999732971191,15.682999610900879,15.699999809265137,11.909636497497559,33677
2017-10-10,15.699999809265137,15.869999885559082,15.65999984741211,15.65999984741211,11.879293441772461,39685
2017-10-11,15.6899995803833,15.781999588012695,15.65999984741211,15.770000457763672,11.962736129760742,24478
2017-10-12,15.75,15.84000015258789,15.75,15.760000228881836,11.955150604248047,52255
2017-10-13,15.75,15.859999656677246,15.708600044250488,15.829999923706055,12.008251190185547,23883
2017-10-16,15.8100004196167,16.100000381469727,15.8100004196167,16.0310001373291,12.160727500915527,107937
2017-10-17,16.0,16.190000534057617,15.990599632263184,16.110000610351562,12.22065258026123,44338
2017-10-18,16.1299991607666,16.399200439453125,16.1200008392334,16.31999969482422,12.37995433807373,41525
2017-10-19,16.239999771118164,16.760000228881836,16.219999313354492,16.59000015258789,12.584770202636719,51156
2017-10-20,16.59000015258789,17.639999389648438,16.570999145507812,16.709999084472656,12.675796508789062,59976
2017-10-23,16.700000762939453,17.229999542236328,16.649999618530273,16.885000228881836,12.808547973632812,87636
2017-10-24,16.940000534057617,16.969999313354492,16.31999969482422,16.420000076293945,12.455812454223633,116475
2017-10-25,16.479999542236328,16.610000610351562,16.100000381469727,16.100000381469727,12.213068008422852,75128
2017-10-26,16.1299991607666,16.3799991607666,16.1200008392334,16.139999389648438,12.243410110473633,54255
2017-10-27,16.18000030517578,16.350000381469727,16.18000030517578,16.280000686645508,12.34961223602295,40526
2017-10-30,16.34000015258789,16.46969985961914,16.079999923706055,16.219999313354492,12.304097175598145,54605
2017-10-31,16.219999313354492,16.350000381469727,16.09000015258789,16.239999771118164,12.319268226623535,54622
2017-11-01,16.299999237060547,16.40999984741211,16.139999389648438,16.299999237060547,12.364782333374023,71668
2017-11-02,16.280000686645508,16.309999465942383,16.139999389648438,16.219999313354492,12.304097175598145,90192
2017-11-03,16.18000030517578,16.280000686645508,16.139999389648438,16.219999313354492,12.304097175598145,45575
2017-11-06,16.25,16.299999237060547,16.1200008392334,16.170000076293945,12.266169548034668,42038
2017-11-07,16.1299991607666,16.280000686645508,16.1299991607666,16.1299991607666,12.235823631286621,49748
2017-11-08,16.1299991607666,16.229999542236328,16.049999237060547,16.059999465942383,12.182723999023438,52414
2017-11-09,16.0,16.100000381469727,15.901000022888184,16.049999237060547,12.175139427185059,37305
2017-11-10,15.989999771118164,16.099199295043945,15.930000305175781,15.930000305175781,12.084110260009766,37363
2017-11-13,15.930000305175781,16.059600830078125,15.930000305175781,15.960000038146973,12.106867790222168,52696
2017-11-14,15.9399995803833,16.030000686645508,15.880000114440918,15.890000343322754,12.053766250610352,55915
2017-11-15,15.829999923706055,15.92300033569336,15.821100234985352,15.84000015258789,12.015839576721191,47594
2017-11-16,15.869999885559082,16.089000701904297,15.869999885559082,16.079999923706055,12.197894096374512,34167
2017-11-17,16.06999969482422,16.25,16.06999969482422,16.110000610351562,12.22065258026123,25952
2017-11-20,16.149999618530273,16.299999237060547,16.100000381469727,16.110000610351562,12.22065258026123,34149
2017-11-21,16.139999389648438,16.386699676513672,16.139999389648438,16.190000534057617,12.281339645385742,29282
2017-11-22,16.200000762939453,16.350000381469727,16.170000076293945,16.299999237060547,12.364782333374023,35398
2017-11-24,16.280000686645508,16.584800720214844,16.250099182128906,16.510000228881836,12.524083137512207,36782
2017-11-27,16.559999465942383,16.575000762939453,16.299999237060547,16.34000015258789,12.395125389099121,29500
2017-11-28,16.34000015258789,16.610000610351562,16.31999969482422,16.420000076293945,12.455812454223633,19055
2017-11-29,16.459999084472656,16.459999084472656,16.25,16.336999893188477,12.392849922180176,37263
2017-11-30,16.3700008392334,16.559999465942383,16.3700008392334,16.445100784301758,12.474853515625,35737
2017-12-01,16.450000762939453,16.670000076293945,16.350000381469727,16.350000381469727,12.402711868286133,30127
2017-12-04,16.65999984741211,16.65999984741211,16.469999313354492,16.489999771118164,12.508912086486816,41196
2017-12-05,16.65999984741211,17.149999618530273,16.530000686645508,16.729999542236328,12.690969467163086,53025
2017-12-06,16.829999923706055,17.149999618530273,16.725000381469727,17.0,12.89578628540039,36920
2017-12-07,17.049999237060547,17.15999984741211,16.989999771118164,17.1299991607666,12.994399070739746,36160
2017-12-08,17.139999389648438,17.149999618530273,17.059999465942383,17.079999923706055,12.956472396850586,82557
2017-12-11,17.110000610351562,17.149999618530273,16.6200008392334,16.6200008392334,12.607528686523438,49057
2017-12-12,17.049999237060547,17.049999237060547,16.6200008392334,16.75,12.706141471862793,41974
2017-12-13,16.770000457763672,16.979900360107422,16.700000762939453,16.93000030517578,12.842684745788574,25818
2017-12-14,16.549999237060547,16.716800689697266,16.5,16.716800689697266,12.873336791992188,52359
2017-12-15,16.600000381469727,16.729000091552734,16.559999465942383,16.639999389648438,12.814192771911621,38771
2017-12-18,16.670000076293945,16.81679916381836,16.670000076293945,16.770000457763672,12.914304733276367,43372
2017-12-19,16.780000686645508,16.790000915527344,16.670000076293945,16.790000915527344,12.929706573486328,36536
2017-12-20,16.760000228881836,16.937999725341797,16.739999771118164,16.829999923706055,12.960508346557617,40629
2017-12-21,16.860000610351562,16.969999313354492,16.729000091552734,16.899999618530273,13.014412879943848,38737
2017-12-22,16.889999389648438,17.045000076293945,16.79840087890625,17.01099967956543,13.099894523620605,29637
2017-12-26,17.010000228881836,17.100000381469727,16.809999465942383,17.079999923706055,13.153030395507812,38358
2017-12-27,17.06999969482422,17.190000534057617,16.950000762939453,17.1299991607666,13.191532135009766,46514
2017-12-28,17.1299991607666,17.450000762939453,17.1299991607666,17.389999389648438,13.391756057739258,67608
2017-12-29,17.510000228881836,17.59000015258789,17.309999465942383,17.309999465942383,13.330146789550781,69992
2018-01-02,17.360000610351562,17.520000457763672,17.110000610351562,17.520000457763672,13.491866111755371,138444
2018-01-03,17.59000015258789,17.829999923706055,17.440000534057617,17.704999923706055,13.634331703186035,77971
2018-01-04,17.75,17.84000015258789,17.687999725341797,17.739999771118164,13.661286354064941,49767
2018-01-05,17.729999542236328,17.850000381469727,17.709999084472656,17.770000457763672,13.684385299682617,39966
2018-01-08,17.709999084472656,17.748699188232422,17.579999923706055,17.579999923706055,13.538069725036621,66038
2018-01-09,17.579999923706055,17.649999618530273,17.510000228881836,17.510000228881836,13.484167098999023,39878
2018-01-10,17.290000915527344,17.489999771118164,17.25,17.309999465942383,13.330146789550781,72609
2018-01-11,17.350000381469727,17.461999893188477,17.31999969482422,17.350000381469727,13.360953330993652,31928
2018-01-12,17.360000610351562,17.670000076293945,17.360000610351562,17.389999389648438,13.391756057739258,57394
2018-01-16,17.440000534057617,17.574399948120117,17.280000686645508,17.328899383544922,13.344700813293457,72647
2018-01-17,17.34000015258789,17.649999618530273,17.299999237060547,17.549999237060547,13.514971733093262,72392
2018-01-18,17.520000457763672,17.567699432373047,17.340099334716797,17.440000534057617,13.43026065826416,42699
2018-01-19,17.450000762939453,17.56999969482422,17.43000030517578,17.559999465942383,13.522669792175293,33122
2018-01-22,17.6200008392334,17.979999542236328,17.556299209594727,17.979999542236328,13.846099853515625,50326
2018-01-23,17.889999389648438,18.138999938964844,17.8700008392334,18.09000015258789,13.930811882019043,69070
2018-01-24,18.010000228881836,18.27989959716797,18.010000228881836,18.25,14.054028511047363,70136
2018-01-25,18.25,18.420000076293945,18.15999984741211,18.3799991607666,14.154138565063477,79026
2018-01-26,18.3799991607666,18.850000381469727,18.370100021362305,18.709999084472656,14.408266067504883,71107
2018-01-29,18.6200008392334,18.81999969482422,18.260000228881836,18.639999389648438,14.354358673095703,81032
2018-01-30,18.450000762939453,18.59000015258789,18.270000457763672,18.489999771118164,14.238848686218262,51033
2018-01-31,18.360000610351562,18.81730079650879,18.170000076293945,18.229999542236328,14.038622856140137,104900
2018-02-01,18.229999542236328,18.459999084472656,18.19059944152832,18.360000610351562,14.1387357711792,32389
2018-02-02,18.299999237060547,18.299999237060547,17.649999618530273,18.18000030517578,14.000123023986816,151851
2018-02-05,17.790000915527344,18.049999237060547,17.200000762939453,17.530000686645508,13.499567985534668,110604
2018-02-06,17.0,17.479999542236328,16.709999084472656,17.389999389648438,13.391756057739258,184049
2018-02-07,17.459999084472656,17.850000381469727,17.25,17.510000228881836,13.484167098999023,65918
2018-02-08,17.5,17.729999542236328,17.09000015258789,17.306800842285156,13.327683448791504,71875
2018-02-09,17.530000686645508,17.600000381469727,17.01099967956543,17.600000381469727,13.553475379943848,63711
2018-02-12,17.649999618530273,17.719999313354492,17.280000686645508,17.6200008392334,13.568875312805176,43549
2018-02-13,17.5,17.862499237060547,17.389999389648438,17.540000915527344,13.507267951965332,72342
2018-02-14,17.450000762939453,17.940000534057617,17.40999984741211,17.766700744628906,13.681844711303711,48445
2018-02-15,17.799999237060547,18.56599998474121,17.799999237060547,18.139999389648438,13.969314575195312,64692
2018-02-16,18.1200008392334,18.418800354003906,18.094999313354492,18.110000610351562,13.94621753692627,31622
2018-02-20,18.100000381469727,18.25,17.709999084472656,17.780000686645508,13.692086219787598,70754
2018-02-21,17.809999465942383,17.90999984741211,17.68589973449707,17.68589973449707,13.619624137878418,32299
2018-02-22,17.760000228881836,17.760000228881836,17.549999237060547,17.559999465942383,13.522669792175293,34050
2018-02-23,17.56999969482422,17.760000228881836,17.549999237060547,17.68000030517578,13.61507797241211,22916
2018-02-26,17.729999542236328,17.92650032043457,17.649999618530273,17.829999923706055,13.730589866638184,59587
2018-02-27,17.81999969482422,17.920000076293945,17.56999969482422,17.920000076293945,13.79990005493164,40670
2018-02-28,17.81999969482422,17.875,17.6299991607666,17.700000762939453,13.63047981262207,50264
2018-03-01,17.639999389648438,17.899999618530273,17.420000076293945,17.899999618530273,13.784497261047363,51357
2018-03-02,17.709999084472656,17.819400787353516,17.40999984741211,17.809999465942383,13.715188980102539,66198
2018-03-05,17.709999084472656,17.899999618530273,17.56999969482422,17.809999465942383,13.715188980102539,45780
2018-03-06,17.899999618530273,18.020000457763672,17.72450065612793,17.979999542236328,13.846099853515625,80347
2018-03-07,17.809999465942383,17.903400421142578,17.700000762939453,17.8799991607666,13.769094467163086,22048
2018-03-08,17.8700008392334,17.889999389648438,17.80500030517578,17.84000015258789,13.738293647766113,32921
2018-03-09,17.940000534057617,18.149999618530273,17.860000610351562,17.979999542236328,13.846099853515625,68034
2018-03-12,18.06999969482422,18.298999786376953,17.93000030517578,17.93000030517578,13.807598114013672,44939
2018-03-13,17.989999771118164,18.010000228881836,17.704999923706055,17.719999313354492,13.645882606506348,53014
2018-03-14,17.559999465942383,17.600000381469727,17.280000686645508,17.32990074157715,13.559737205505371,61242
2018-03-15,17.399999618530273,17.489900588989258,17.285999298095703,17.350000381469727,13.575465202331543,43944
2018-03-16,17.350000381469727,17.368999481201172,17.299999237060547,17.299999237060547,13.536340713500977,30828
2018-03-19,17.299999237060547,17.31999969482422,17.1476993560791,17.229999542236328,13.481569290161133,48101
2018-03-20,17.149999618530273,17.33989906311035,17.149999618530273,17.280000686645508,13.520692825317383,43784
2018-03-21,17.280000686645508,17.760000228881836,17.226999282836914,17.760000228881836,13.89626693725586,114268
2018-03-22,17.530000686645508,17.700000762939453,17.347999572753906,17.440000534057617,13.64588451385498,58264
2018-03-23,17.389999389648438,17.68000030517578,17.06999969482422,17.219999313354492,13.47374439239502,93224
2018-03-26,17.299999237060547,17.459999084472656,17.010099411010742,17.209999084472656,13.465919494628906,100924
2018-03-27,17.3700008392334,17.518999099731445,17.042699813842773,17.200000762939453,13.458096504211426,61938
2018-03-28,17.049999237060547,17.200000762939453,16.899999618530273,16.950000762939453,13.262483596801758,100087
2018-03-29,16.979999542236328,17.420000076293945,16.924999237060547,17.110000610351562,13.387676239013672,89448
2018-04-02,17.209999084472656,17.43000030517578,17.020000457763672,17.299999237060547,13.536340713500977,214007
2018-04-03,17.3700008392334,17.426000595092773,17.06999969482422,17.3700008392334,13.59111213684082,111654
2018-04-04,17.219999313354492,17.549999237060547,16.899999618530273,17.479999542236328,13.677180290222168,59561
2018-04-05,17.510000228881836,17.93000030517578,17.3700008392334,17.790000915527344,13.919739723205566,63290
2018-04-06,17.729999542236328,17.912500381469727,17.530000686645508,17.610000610351562,13.778900146484375,62125
2018-04-09,17.610000610351562,17.90999984741211,17.56999969482422,17.56999969482422,13.747600555419922,41105
2018-04-10,17.700000762939453,17.799999237060547,17.5,17.700000762939453,13.84931755065918,37499
2018-04-11,17.6299991607666,17.8799991607666,17.56999969482422,17.600000381469727,13.771077156066895,50648
2018-04-12,17.6200008392334,17.850000381469727,17.610000610351562,17.709999084472656,13.857142448425293,107507
2018-04-13,17.790000915527344,17.969999313354492,17.600000381469727,17.8700008392334,13.982336044311523,124174
2018-04-16,17.950000762939453,18.2549991607666,17.780000686645508,18.1299991607666,14.185770988464355,61793
2018-04-17,18.1299991607666,18.31999969482422,18.1299991607666,18.25,14.279666900634766,96693
2018-04-18,18.280000686645508,18.399999618530273,18.150100708007812,18.299999237060547,14.318790435791016,63250
2018-04-19,18.139999389648438,18.309999465942383,18.030000686645508,18.260000228881836,14.28748893737793,101288
2018-04-20,18.219999313354492,18.34000015258789,18.1200008392334,18.15999984741211,14.209244728088379,115790
2018-04-23,18.200000762939453,18.280000686645508,18.0,18.020000457763672,14.099701881408691,52105
2018-04-24,18.06999969482422,18.146699905395508,17.809999465942383,17.899999618530273,14.005807876586914,64601
2018-04-25,17.850000381469727,17.8700008392334,17.649999618530273,17.8700008392334,13.982336044311523,37995
2018-04-26,17.8700008392334,18.280000686645508,17.836999893188477,18.15999984741211,14.209244728088379,31891
2018-04-27,18.15999984741211,18.420000076293945,18.1117000579834,18.290000915527344,14.31096363067627,25573
2018-04-30,18.31999969482422,18.549999237060547,18.25,18.3799991607666,14.38138484954834,59373
2018-05-01,18.360000610351562,18.3700008392334,18.170000076293945,18.290000915527344,14.31096363067627,34733
2018-05-02,18.239999771118164,18.393299102783203,18.229999542236328,18.2549991607666,14.283575057983398,40980
2018-05-03,18.219999313354492,18.31999969482422,18.100000381469727,18.25,14.279666900634766,56960
2018-05-04,18.170000076293945,18.600000381469727,18.170000076293945,18.510000228881836,14.483104705810547,37240
2018-05-07,18.549999237060547,18.829999923706055,18.520000457763672,18.59000015258789,14.545696258544922,60929
2018-05-08,18.579999923706055,18.75,18.510000228881836,18.625,14.57308292388916,46467
2018-05-09,18.610000610351562,18.739999771118164,18.5,18.639999389648438,14.584818840026855,63686
2018-05-10,18.610000610351562,18.81999969482422,18.610000610351562,18.760000228881836,14.678711891174316,58492
2018-05-11,18.690000534057617,18.739999771118164,18.559999465942383,18.68000030517578,14.616116523742676,55768
2018-05-14,18.6200008392334,19.0,18.600000381469727,18.889999389648438,14.780428886413574,60397
2018-05-15,18.809999465942383,18.809999465942383,18.510000228881836,18.510000228881836,14.483104705810547,58405
2018-05-16,18.510000228881836,18.708200454711914,18.329999923706055,18.329999923706055,14.342260360717773,56423
2018-05-17,18.270000457763672,18.520000457763672,18.260000228881836,18.3700008392334,14.373560905456543,67056
2018-05-18,18.350000381469727,18.579999923706055,18.350000381469727,18.40999984741211,14.404857635498047,40941
2018-05-21,18.549999237060547,18.649999618530273,18.479999542236328,18.649999618530273,14.59264087677002,19538
2018-05-22,18.649999618530273,18.850000381469727,18.621000289916992,18.700000762939453,14.631766319274902,55586
2018-05-23,18.649999618530273,18.70989990234375,18.549999237060547,18.657800674438477,14.598747253417969,39163
2018-05-24,18.549999237060547,18.549999237060547,18.309999465942383,18.309999465942383,14.326613426208496,39592
2018-05-25,18.25,18.429000854492188,18.059999465942383,18.09000015258789,14.154472351074219,32448
2018-05-29,17.90999984741211,18.350000381469727,17.8799991607666,18.170000076293945,14.217070579528809,68165
2018-05-30,18.1200008392334,18.389999389648438,17.920000076293945,18.329999923706055,14.342260360717773,74172
2018-05-31,18.34000015258789,18.610000610351562,18.15999984741211,18.610000610351562,14.561345100402832,87171
2018-06-01,18.6200008392334,18.889999389648438,18.469999313354492,18.6200008392334,14.569172859191895,70259
2018-06-04,18.719999313354492,18.7549991607666,18.579999923706055,18.65999984741211,14.600468635559082,44181
2018-06-05,18.6200008392334,19.34000015258789,18.614999771118164,19.170000076293945,14.999518394470215,64373
2018-06-06,19.399999618530273,19.399999618530273,18.829999923706055,19.059999465942383,14.913447380065918,69175
2018-06-07,19.010000228881836,19.309999465942383,18.899999618530273,19.309999465942383,15.10905933380127,55413
2018-06-08,19.3700008392334,19.8799991607666,18.3799991607666,18.420000076293945,14.41268253326416,168085
2018-06-11,18.549999237060547,18.950000762939453,18.549999237060547,18.709999084472656,14.639591217041016,68248
2018-06-12,18.6200008392334,18.850000381469727,18.480100631713867,18.639999389648438,14.584818840026855,75075
2018-06-13,18.690000534057617,18.889999389648438,18.618000030517578,18.829999923706055,14.73348331451416,37246
2018-06-14,18.56999969482422,18.770000457763672,18.010000228881836,18.170000076293945,14.431670188903809,111806
2018-06-15,18.010000228881836,18.308399200439453,17.989999771118164,18.059999465942383,14.344298362731934,34089
2018-06-18,18.0,18.010000228881836,17.68000030517578,17.809999465942383,14.145733833312988,114047
2018-06-19,17.59000015258789,17.899999618530273,17.260000228881836,17.420000076293945,13.835973739624023,271132
2018-06-20,17.43000030517578,17.81100082397461,17.260000228881836,17.290000915527344,13.732721328735352,313072
2018-06-21,17.209999084472656,17.594999313354492,16.8799991607666,16.897499084472656,13.420973777770996,203940
2018-06-22,16.899999618530273,17.139999389648438,16.899999618530273,16.90999984741211,13.430900573730469,71721
2018-06-25,16.829999923706055,16.938899993896484,16.207300186157227,16.3799991607666,13.009943962097168,140492
2018-06-26,16.25,16.479999542236328,15.859999656677246,16.329999923706055,12.970232009887695,249714
2018-06-27,16.360000610351562,16.559999465942383,16.190000534057617,16.219999313354492,12.882862091064453,65014
2018-06-28,16.270000457763672,16.530000686645508,16.200000762939453,16.469999313354492,13.081426620483398,64345
2018-06-29,16.5,16.739999771118164,16.459999084472656,16.700000762939453,13.264106750488281,64171
2018-07-02,16.540000915527344,16.889999389648438,16.5,16.8700008392334,13.399134635925293,92688
2018-07-03,16.81999969482422,16.959999084472656,16.790000915527344,16.850000381469727,13.383245468139648,29355
2018-07-05,16.850000381469727,16.950000762939453,16.79010009765625,16.950000762939453,13.462671279907227,19145
2018-07-06,16.780000686645508,16.91990089416504,16.469999313354492,16.520000457763672,13.12114143371582,146626
2018-07-09,16.559999465942383,16.790000915527344,16.559999465942383,16.760000228881836,13.311760902404785,101999
2018-07-10,16.739999771118164,17.0,16.709999084472656,16.780000686645508,13.327648162841797,88865
2018-07-11,16.729999542236328,16.799999237060547,16.600000381469727,16.600000381469727,13.184682846069336,74228
2018-07-12,16.729999542236328,16.770000457763672,16.579999923706055,16.6200008392334,13.200567245483398,98676
2018-07-13,16.65999984741211,16.719999313354492,16.59000015258789,16.670000076293945,13.240280151367188,70363
2018-07-16,16.709999084472656,16.889999389648438,16.6200008392334,16.690000534057617,13.25616455078125,67733
2018-07-17,16.68000030517578,16.850000381469727,16.68000030517578,16.81999969482422,13.359418869018555,35435
2018-07-18,16.829999923706055,16.940000534057617,16.770000457763672,16.889999389648438,13.415016174316406,50430
2018-07-19,16.770000457763672,16.80030059814453,16.6299991607666,16.670000076293945,13.240280151367188,133832
2018-07-20,16.690000534057617,16.709999084472656,16.59000015258789,16.6299991607666,13.208508491516113,55846
2018-07-23,16.56999969482422,16.729999542236328,16.549999237060547,16.65999984741211,13.232337951660156,49248
2018-07-24,16.790000915527344,16.93000030517578,16.790000915527344,16.93000030517578,13.446785926818848,42531
2018-07-25,16.889999389648438,16.96929931640625,16.829999923706055,16.920000076293945,13.438844680786133,49975
2018-07-26,16.8799991607666,17.0,16.860000610351562,16.860000610351562,13.391188621520996,41020
2018-07-27,16.940000534057617,17.0,16.770000457763672,16.799999237060547,13.343531608581543,61721
2018-07-30,16.8799991607666,16.917999267578125,16.729999542236328,16.790000915527344,13.335591316223145,36946
2018-07-31,16.81999969482422,16.899999618530273,16.75,16.809999465942383,13.351473808288574,43171
2018-08-01,16.84000015258789,16.950000762939453,16.739999771118164,16.809999465942383,13.351473808288574,43322
2018-08-02,16.739999771118164,16.899999618530273,16.649999618530273,16.852500915527344,13.385231971740723,45478
2018-08-03,16.84000015258789,17.040000915527344,16.84000015258789,17.0,13.502385139465332,43674
2018-08-06,17.010000228881836,17.09000015258789,16.959999084472656,16.97760009765625,13.48459243774414,39853
2018-08-07,17.049999237060547,17.059999465942383,16.959999084472656,16.989999771118164,13.494441986083984,49183
2018-08-08,17.0,17.09000015258789,16.959999084472656,16.959999084472656,13.470614433288574,34437
2018-08-09,17.040000915527344,17.18000030517578,16.949199676513672,17.040000915527344,13.534153938293457,60820
2018-08-10,16.989999771118164,17.059999465942383,16.93000030517578,16.989999771118164,13.494441986083984,34875
2018-08-13,17.020000457763672,17.049999237060547,16.889999389648438,16.909900665283203,13.43082332611084,41954
2018-08-14,16.90999984741211,17.030000686645508,16.850000381469727,16.850000381469727,13.383245468139648,62298
2018-08-15,16.81999969482422,16.899999618530273,16.709999084472656,16.809999465942383,13.351473808288574,74733
2018-08-16,16.979999542236328,17.020000457763672,16.8799991607666,16.989999771118164,13.494441986083984,42987
2018-08-17,16.989999771118164,17.1200008392334,16.940000534057617,17.09000015258789,13.573868751525879,60013
2018-08-20,17.200000762939453,17.260000228881836,17.170000076293945,17.229999542236328,13.685064315795898,40075
2018-08-21,17.270000457763672,17.31049919128418,17.09000015258789,17.1200008392334,13.597696304321289,54895
2018-08-22,17.100000381469727,17.190000534057617,17.079999923706055,17.139999389648438,13.613580703735352,50192
2018-08-23,17.1299991607666,17.18000030517578,17.100000381469727,17.1200008392334,13.597696304321289,42427
2018-08-24,17.18000030517578,17.219999313354492,17.09000015258789,17.09000015258789,13.573868751525879,35171
2018-08-27,17.190000534057617,17.229999542236328,17.1200008392334,17.200000762939453,13.661238670349121,65827
2018-08-28,17.190000534057617,17.3700008392334,17.17329978942871,17.34000015258789,13.772433280944824,57993
2018-08-29,17.329999923706055,17.45989990234375,17.260000228881836,17.309999465942383,13.748604774475098,55611
2018-08-30,17.31999969482422,17.440000534057617,17.18000030517578,17.18000030517578,13.645352363586426,45037
2018-08-31,17.170000076293945,17.260000228881836,17.15999984741211,17.15999984741211,13.62946605682373,28832
2018-09-04,17.200000762939453,17.280000686645508,17.170000076293945,17.219999313354492,13.677120208740234,40544
2018-09-05,17.270000457763672,17.31999969482422,17.190000534057617,17.229999542236328,13.685064315795898,56018
2018-09-06,17.260000228881836,17.340200424194336,17.1299991607666,17.190000534057617,13.653294563293457,57368
2018-09-07,17.299999237060547,17.299999237060547,17.1200008392334,17.18000030517578,13.645352363586426,42099
2018-09-10,17.200000762939453,17.3700008392334,17.149999618530273,17.299999237060547,13.740663528442383,36782
2018-09-11,17.260000228881836,17.450000762939453,17.25,17.280000686645508,13.724777221679688,75469
2018-09-12,17.440000534057617,17.440000534057617,17.270000457763672,17.399999618530273,13.820090293884277,34127
2018-09-13,17.15999984741211,17.170000076293945,16.969999313354492,17.020000457763672,13.739361763000488,33255
2018-09-14,17.0,17.049999237060547,16.8799991607666,16.899999618530273,13.642491340637207,48205
2018-09-17,16.969999313354492,16.979999542236328,16.809999465942383,16.889999389648438,13.634419441223145,46271
2018-09-18,16.8700008392334,16.950000762939453,16.719999313354492,16.799999237060547,13.561767578125,182810
2018-09-19,16.90999984741211,16.90999984741211,16.6299991607666,16.729999542236328,13.505260467529297,139970
2018-09-20,16.729999542236328,16.899999618530273,16.700000762939453,16.8799991607666,13.626347541809082,64992
2018-09-21,16.899999618530273,16.940000534057617,16.8700008392334,16.920000076293945,13.658638000488281,58447
2018-09-24,16.889999389648438,16.889999389648438,16.770000457763672,16.81999969482422,13.577913284301758,47768
2018-09-25,16.829999923706055,16.8799991607666,16.709999084472656,16.809999465942383,13.569839477539062,46652
2018-09-26,16.8700008392334,16.90999984741211,16.809999465942383,16.850000381469727,13.602130889892578,53306
2018-09-27,16.899999618530273,16.920000076293945,16.6299991607666,16.850000381469727,13.602130889892578,97920
2018-09-28,16.860000610351562,16.90999984741211,16.770000457763672,16.90999984741211,13.650564193725586,47674
2018-10-01,17.040000915527344,17.040000915527344,16.940000534057617,17.010000228881836,13.731290817260742,91648
2018-10-02,17.020000457763672,17.020000457763672,16.940000534057617,17.020000457763672,13.739361763000488,48514
2018-10-03,17.020000457763672,17.079999923706055,16.920000076293945,16.989999771118164,13.7151460647583,50639
2018-10-04,16.969999313354492,16.989999771118164,16.68000030517578,16.770000457763672,13.537552833557129,54895
2018-10-05,16.799999237060547,16.799999237060547,16.440000534057617,16.479999542236328,13.303448677062988,56531
2018-10-08,16.579999923706055,16.719999313354492,16.469999313354492,16.5,13.319592475891113,43946
2018-10-09,16.770000457763672,16.799999237060547,16.360000610351562,16.43000030517578,13.26308822631836,72140
2018-10-10,16.420000076293945,16.420000076293945,15.710000038146973,15.760000228881836,12.722229957580566,123084
2018-10-11,15.9399995803833,15.9399995803833,15.420000076293945,15.5600004196167,12.560781478881836,127934
2018-10-12,15.699999809265137,16.201900482177734,15.619999885559082,15.800000190734863,12.754520416259766,152277
2018-10-15,15.760000228881836,15.99269962310791,15.694999694824219,15.8100004196167,12.762594223022461,36711
2018-10-16,15.9399995803833,16.219999313354492,15.875499725341797,16.06999969482422,12.9724760055542,37994
2018-10-17,16.1200008392334,16.260000228881836,15.880000114440918,16.139999389648438,13.028984069824219,34831
2018-10-18,16.100000381469727,16.216100692749023,15.789999961853027,15.930000305175781,12.859461784362793,110776
2018-10-19,15.949999809265137,16.209999084472656,15.925200462341309,16.020000457763672,12.932116508483887,64031
2018-10-22,16.040000915527344,16.040000915527344,15.860899925231934,15.909199714660645,12.842669486999512,31730
2018-10-23,15.819999694824219,15.84000015258789,15.550000190734863,15.710000038146973,12.681868553161621,78370
2018-10-24,15.800000190734863,15.800000190734863,15.000100135803223,15.34000015258789,12.383186340332031,58368
2018-10-25,15.34000015258789,15.529800415039062,15.229999542236328,15.420000076293945,12.447766304016113,49370
2018-10-26,15.399999618530273,15.399999618530273,15.0,15.149999618530273,12.229809761047363,60841
2018-10-29,15.25,15.422800064086914,14.880000114440918,15.010000228881836,12.11679458618164,55577
2018-10-30,15.119999885559082,15.119999885559082,14.899999618530273,15.079999923706055,12.173299789428711,30191
2018-10-31,15.199999809265137,15.399999618530273,15.180000305175781,15.289999961853027,12.34282398223877,65342
2018-11-01,15.369999885559082,15.694700241088867,15.329299926757812,15.670000076293945,12.649577140808105,69900
2018-11-02,15.829999923706055,15.859999656677246,15.470000267028809,15.649999618530273,12.63343334197998,119926
2018-11-05,15.729999542236328,15.789999961853027,15.65999984741211,15.789999961853027,12.74644947052002,40087
2018-11-06,15.75,15.930000305175781,15.75,15.8100004196167,12.762594223022461,56732
2018-11-07,15.960000038146973,16.190000534057617,15.953499794006348,16.1299991607666,13.020912170410156,65097
2018-11-08,16.100000381469727,16.290000915527344,16.046199798583984,16.270000457763672,13.133930206298828,42669
2018-11-09,16.270000457763672,16.329999923706055,16.1299991607666,16.260000228881836,13.1258544921875,50408
2018-11-12,16.200000762939453,16.209999084472656,16.010000228881836,16.079999923706055,12.980550765991211,73585
2018-11-13,16.030000686645508,16.101999282836914,15.850000381469727,15.880000114440918,12.819100379943848,91304
2018-11-14,15.960000038146973,16.040000915527344,15.520000457763672,15.520000457763672,12.528491020202637,98494
2018-11-15,15.510000228881836,15.649900436401367,15.449999809265137,15.569999694824219,12.568854331970215,48974
2018-11-16,15.539999961853027,15.800000190734863,15.539999961853027,15.550000190734863,12.55270767211914,51373
2018-11-19,15.630000114440918,15.649999618530273,15.449999809265137,15.5600004196167,12.560781478881836,40986
2018-11-20,15.420000076293945,15.449999809265137,15.3100004196167,15.449999809265137,12.4719820022583,66726
2018-11-21,15.449999809265137,15.5,15.386899948120117,15.399999618530273,12.431620597839355,25669
2018-11-23,15.369999885559082,15.569999694824219,15.34000015258789,15.449999809265137,12.4719820022583,13343
2018-11-26,15.520000457763672,15.600000381469727,15.449999809265137,15.569999694824219,12.568854331970215,51917
2018-11-27,15.619999885559082,15.760000228881836,15.588000297546387,15.760000228881836,12.722229957580566,32851
2018-11-28,15.899999618530273,15.949999809265137,15.65999984741211,15.949999809265137,12.87560749053955,78830
2018-11-29,16.0,16.229999542236328,15.899999618530273,16.229999542236328,13.101635932922363,42810
2018-11-30,16.15999984741211,16.239999771118164,16.049999237060547,16.1299991607666,13.020912170410156,30171
2018-12-03,16.360000610351562,16.38909912109375,16.190000534057617,16.219999313354492,13.0935640335083,58643
2018-12-04,16.1200008392334,16.290000915527344,15.949999809265137,15.970000267028809,12.891752243041992,65697
2018-12-06,15.539999961853027,15.869999885559082,15.510000228881836,15.770000457763672,12.730302810668945,63955
2018-12-07,15.789999961853027,15.949999809265137,15.649999618530273,15.770000457763672,12.730302810668945,37720
2018-12-10,15.680000305175781,15.787300109863281,15.1899995803833,15.430000305175781,12.455839157104492,64274
2018-12-11,15.529999732971191,15.70199966430664,15.430000305175781,15.430000305175781,12.455839157104492,20028
2018-12-12,15.779999732971191,15.779999732971191,15.520000457763672,15.579999923706055,12.576926231384277,33871
2018-12-13,15.699999809265137,15.699999809265137,15.170000076293945,15.170000076293945,12.470062255859375,55915
2018-12-14,15.119999885559082,15.197500228881836,14.862000465393066,14.920000076293945,12.264556884765625,32305
2018-12-17,14.890000343322754,14.890000343322754,14.301799774169922,14.430000305175781,11.861767768859863,44122
2018-12-18,14.5,14.729999542236328,14.380000114440918,14.399999618530273,11.837106704711914,62760
2018-12-19,14.40999984741211,14.545000076293945,14.079999923706055,14.130000114440918,11.615161895751953,45361
2018-12-20,14.210000038146973,14.210000038146973,13.029999732971191,13.369999885559082,10.990425109863281,230243
2018-12-21,13.460000038146973,13.520000457763672,13.0600004196167,13.119999885559082,10.784918785095215,124546
2018-12-24,13.199999809265137,13.199999809265137,12.8100004196167,12.899999618530273,10.60407543182373,69868
2018-12-26,12.90999984741211,13.460000038146973,12.90999984741211,13.45740032196045,11.06226921081543,99248
2018-12-27,13.40999984741211,13.753899574279785,13.229999542236328,13.510000228881836,11.105508804321289,140269
2018-12-28,13.649999618530273,13.859999656677246,13.59000015258789,13.800000190734863,11.343893051147461,125096
2018-12-31,14.079999923706055,14.199999809265137,13.880200386047363,14.039999961853027,11.541179656982422,130274
2019-01-02,14.039999961853027,14.25,13.899999618530273,14.25,11.7138032913208,92289
2019-01-03,14.25,14.33810043334961,13.930000305175781,14.0,11.508296966552734,42993
2019-01-04,14.029999732971191,14.3100004196167,14.029999732971191,14.300000190734863,11.754904747009277,63095
2019-01-07,14.420000076293945,14.579999923706055,14.279999732971191,14.569999694824219,11.976849555969238,63573
2019-01-08,14.739999771118164,14.760000228881836,14.485899925231934,14.739999771118164,12.116595268249512,65259
2019-01-09,14.789999961853027,14.789999961853027,14.670000076293945,14.789999961853027,12.157695770263672,49601
2019-01-10,14.640000343322754,14.84000015258789,14.640000343322754,14.84000015258789,12.198798179626465,36995
2019-01-11,14.75,14.829999923706055,14.720000267028809,14.829999923706055,12.190574645996094,39883
2019-01-14,14.739999771118164,14.789999961853027,14.680999755859375,14.789999961853027,12.157695770263672,20404
2019-01-15,14.859999656677246,14.970000267028809,14.75,14.970000267028809,12.305658340454102,35846
2019-01-16,14.899999618530273,14.899999618530273,14.84000015258789,14.84000015258789,12.198798179626465,38896
2019-01-17,14.819999694824219,14.930000305175781,14.819999694824219,14.869999885559082,12.223456382751465,50962
2019-01-18,14.970000267028809,15.109999656677246,14.880000114440918,14.989999771118164,12.322099685668945,126077
2019-01-22,14.920000076293945,15.010000228881836,14.75,14.789999961853027,12.157695770263672,64531
2019-01-23,14.859999656677246,14.890000343322754,14.649999618530273,14.779999732971191,12.149474143981934,113890
2019-01-24,14.779999732971191,14.779999732971191,14.699999809265137,14.720000267028809,12.100152969360352,54329
2019-01-25,14.800000190734863,14.880000114440918,14.774999618530273,14.829999923706055,12.190574645996094,46009
2019-01-28,14.779999732971191,14.779999732971191,14.649999618530273,14.710000038146973,12.09193229675293,37046
2019-01-29,14.720000267028809,14.75,14.65999984741211,14.699999809265137,12.08371353149414,22080
2019-01-30,14.770000457763672,14.970000267028809,14.739999771118164,14.970000267028809,12.305658340454102,42569
2019-01-31,14.979999542236328,15.109999656677246,14.930000305175781,15.100000381469727,12.412521362304688,72359
2019-02-01,14.829999923706055,15.126199722290039,14.802900314331055,15.039999961853027,12.363199234008789,47289
2019-02-04,15.069999694824219,15.130000114440918,15.039999961853027,15.09000015258789,12.404301643371582,54026
2019-02-05,15.149999618530273,15.180000305175781,15.104999542236328,15.130000114440918,12.437182426452637,26431
2019-02-06,15.170000076293945,15.180000305175781,15.101400375366211,15.149999618530273,12.453622817993164,37425
2019-02-07,15.100000381469727,15.120800018310547,14.9399995803833,14.9399995803833,12.280997276306152,94410
2019-02-08,14.9399995803833,15.020000457763672,14.9399995803833,14.979999542236328,12.31387710571289,20118
2019-02-11,15.050000190734863,15.100000381469727,15.020000457763672,15.069999694824219,12.387860298156738,38833
2019-02-12,15.170000076293945,15.210000038146973,15.094799995422363,15.170000076293945,12.470062255859375,42765
2019-02-13,15.210000038146973,15.25,15.180000305175781,15.1899995803833,12.486502647399902,72532
2019-02-14,15.15999984741211,15.25,15.15999984741211,15.180000305175781,12.47828197479248,36530
2019-02-15,15.319999694824219,15.350000381469727,15.260000228881836,15.350000381469727,12.61802864074707,52077
2019-02-19,15.359999656677246,15.479999542236328,15.347000122070312,15.470000267028809,12.716670036315918,70424
2019-02-20,15.550000190734863,15.550000190734863,15.434900283813477,15.489999771118164,12.733108520507812,88413
2019-02-21,15.460000038146973,15.489999771118164,15.350000381469727,15.40999984741211,12.66734790802002,26237
2019-02-22,15.40999984741211,15.5600004196167,15.390000343322754,15.510000228881836,12.749549865722656,47466
2019-02-25,15.550000190734863,15.779999732971191,15.501799583435059,15.739999771118164,12.938615798950195,73005
2019-02-26,15.699999809265137,15.800000190734863,15.5,15.687000274658203,12.895048141479492,39745
2019-02-27,15.739999771118164,15.739999771118164,15.520000457763672,15.550000190734863,12.782431602478027,46849
2019-02-28,15.5600004196167,15.630000114440918,15.45989990234375,15.460000038146973,12.708451271057129,25967
2019-03-01,15.550000190734863,15.649999618530273,15.550000190734863,15.640000343322754,12.856412887573242,28266
2019-03-04,15.75,15.75,15.454999923706055,15.489999771118164,12.733108520507812,54667
2019-03-05,15.550000190734863,15.558899879455566,15.460000038146973,15.460000038146973,12.708451271057129,50997
2019-03-06,15.489999771118164,15.550000190734863,15.34000015258789,15.369999885559082,12.634465217590332,40980
2019-03-07,15.3100004196167,15.34000015258789,15.220000267028809,15.229999542236328,12.519384384155273,38947
2019-03-08,15.350000381469727,15.4399995803833,15.095000267028809,15.140000343322754,12.445401191711426,98569
2019-03-11,15.100000381469727,15.393899917602539,15.100000381469727,15.350000381469727,12.61802864074707,51444
2019-03-12,15.449999809265137,15.489999771118164,15.3100004196167,15.470000267028809,12.716670036315918,100790
2019-03-13,15.5,15.720000267028809,15.456199645996094,15.680000305175781,12.889293670654297,79745
2019-03-14,15.59000015258789,15.59000015258789,15.420000076293945,15.510000228881836,12.968729019165039,64932
2019-03-15,15.539999961853027,15.604000091552734,15.489999771118164,15.529999732971191,12.985450744628906,59382
2019-03-18,15.569999694824219,15.640000343322754,15.390000343322754,15.449999809265137,12.918560028076172,71899
2019-03-19,15.470000267028809,15.569999694824219,15.4399995803833,15.4399995803833,12.910197257995605,35992
2019-03-20,15.489999771118164,15.619000434875488,15.399999618530273,15.420000076293945,12.893475532531738,49781
2019-03-21,15.449999809265137,15.5600004196167,15.400099754333496,15.430000305175781,12.901838302612305,42180
2019-03-22,15.380000114440918,15.4399995803833,15.199999809265137,15.260000228881836,12.75969123840332,52307
2019-03-25,15.260000228881836,15.260000228881836,15.109999656677246,15.15999984741211,12.676074981689453,39577
2019-03-26,15.260000228881836,15.295000076293945,15.140000343322754,15.1899995803833,12.70115852355957,40483
2019-03-27,15.109999656677246,15.25,15.109999656677246,15.210000038146973,12.71788215637207,30403
2019-03-28,15.260000228881836,15.369999885559082,15.212499618530273,15.369999885559082,12.851665496826172,40210
2019-03-29,15.479999542236328,15.479999542236328,15.369500160217285,15.479999542236328,12.943644523620605,43356
2019-04-01,15.619999885559082,15.8100004196167,15.5600004196167,15.59000015258789,13.03562068939209,54590
2019-04-02,15.680000305175781,15.729900360107422,15.5600004196167,15.640000343322754,13.077428817749023,40595
2019-04-03,15.710000038146973,15.710000038146973,15.579999923706055,15.619999885559082,13.060705184936523,26421
2019-04-04,15.579999923706055,15.800000190734863,15.510000228881836,15.720000267028809,13.144320487976074,38812
2019-04-05,15.779999732971191,15.890000343322754,15.779999732971191,15.869999885559082,13.269744873046875,58911
2019-04-08,15.819999694824219,15.869999885559082,15.8100004196167,15.869999885559082,13.269744873046875,17565
2019-04-09,15.779999732971191,15.781000137329102,15.600000381469727,15.600000381469727,13.043981552124023,44714
2019-04-10,15.739999771118164,15.739999771118164,15.539999961853027,15.670000076293945,13.10251235961914,70947
2019-04-11,15.680000305175781,15.691900253295898,15.579999923706055,15.595000267028809,13.039800643920898,38336
2019-04-12,15.710000038146973,15.739500045776367,15.609999656677246,15.6899995803833,13.11923599243164,50923
2019-04-15,15.680000305175781,15.760000228881836,15.640000343322754,15.760000228881836,13.177766799926758,33738
2019-04-16,15.760000228881836,15.779999732971191,15.710000038146973,15.779999732971191,13.194490432739258,17616
2019-04-17,15.789999961853027,15.850000381469727,15.699999809265137,15.720000267028809,13.144320487976074,28280
2019-04-18,15.779999732971191,15.823399543762207,15.720100402832031,15.779999732971191,13.194490432739258,32239
2019-04-22,15.75,15.8100004196167,15.720000267028809,15.760000228881836,13.177766799926758,23820
2019-04-23,15.75,15.869999885559082,15.75,15.869999885559082,13.269744873046875,37153
2019-04-24,15.850000381469727,15.890000343322754,15.800000190734863,15.859999656677246,13.261382102966309,29335
2019-04-25,15.800000190734863,15.829999923706055,15.739999771118164,15.829999923706055,13.236297607421875,20478
2019-04-26,15.760000228881836,15.869999885559082,15.760000228881836,15.850000381469727,13.253021240234375,27740
2019-04-29,15.760000228881836,15.819999694824219,15.729999542236328,15.819999694824219,13.227935791015625,59644
2019-04-30,15.75,15.819999694824219,15.729999542236328,15.779999732971191,13.194490432739258,47530
2019-05-01,15.720000267028809,15.856599807739258,15.720000267028809,15.800000190734863,13.211213111877441,56770
2019-05-02,15.720000267028809,15.805399894714355,15.649999618530273,15.6899995803833,13.11923599243164,44745
2019-05-03,15.720000267028809,15.816499710083008,15.720000267028809,15.800000190734863,13.211213111877441,34560
2019-05-06,15.579999923706055,15.805000305175781,15.579999923706055,15.770000457763672,13.186127662658691,48909
2019-05-07,15.680000305175781,15.720000267028809,15.600000381469727,15.65999984741211,13.09415054321289,38445
2019-05-08,15.65999984741211,15.871100425720215,15.621500015258789,15.710000038146973,13.135958671569824,25180
2019-05-09,15.5600004196167,15.645000457763672,15.542799949645996,15.579999923706055,13.027259826660156,47146
2019-05-10,15.5,15.640000343322754,15.430000305175781,15.569999694824219,13.018898010253906,34931
2019-05-13,15.479999542236328,15.49899959564209,15.319999694824219,15.390000343322754,12.868391990661621,47075
2019-05-14,15.369999885559082,15.559900283813477,15.369999885559082,15.470000267028809,12.935283660888672,48338
2019-05-15,15.5,15.84000015258789,15.470000267028809,15.5600004196167,13.010538101196289,128117
2019-05-16,15.65999984741211,15.760000228881836,15.597100257873535,15.619999885559082,13.060705184936523,86951
2019-05-17,15.680000305175781,15.720000267028809,15.550000190734863,15.640000343322754,13.077428817749023,57749
2019-05-20,15.6899995803833,15.6899995803833,15.600000381469727,15.630000114440918,13.069066047668457,44784
2019-05-21,15.75,15.84000015258789,15.660099983215332,15.6899995803833,13.11923599243164,71573
2019-05-22,15.6899995803833,15.819999694824219,15.680000305175781,15.680000305175781,13.11087417602539,13839
2019-05-23,15.699999809265137,15.699999809265137,15.520000457763672,15.65999984741211,13.09415054321289,43968
2019-05-24,15.760000228881836,15.84000015258789,15.555999755859375,15.609999656677246,13.052343368530273,37239
2019-05-28,15.619999885559082,15.720000267028809,15.529999732971191,15.569999694824219,13.018898010253906,25284
2019-05-29,15.569999694824219,15.607600212097168,15.350000381469727,15.510000228881836,12.968729019165039,46672
2019-05-30,15.5,15.659199714660645,15.359999656677246,15.430000305175781,12.901838302612305,32558
2019-05-31,15.229999542236328,15.38010025024414,15.0,15.0,12.542291641235352,72951
2019-06-03,15.149999618530273,15.149999618530273,14.949999809265137,14.979999542236328,12.525566101074219,23016
2019-06-04,15.109999656677246,15.229999542236328,15.029999732971191,15.229999542236328,12.734606742858887,26638
2019-06-05,15.3100004196167,15.34000015258789,15.222399711608887,15.329999923706055,12.818221092224121,26645
2019-06-06,15.300000190734863,15.470000267028809,15.281000137329102,15.380000114440918,12.860029220581055,18322
2019-06-07,15.460000038146973,15.619999885559082,15.460000038146973,15.5600004196167,13.010538101196289,14898
2019-06-10,15.699999809265137,15.829999923706055,15.670000076293945,15.819999694824219,13.227935791015625,24360
2019-06-11,15.850000381469727,15.9399995803833,15.800000190734863,15.819999694824219,13.227935791015625,23771
2019-06-12,15.850000381469727,15.859199523925781,15.69729995727539,15.739999771118164,13.161044120788574,21707
2019-06-13,15.510000228881836,15.65999984741211,15.510000228881836,15.579999923706055,13.250343322753906,18910
2019-06-14,15.600000381469727,15.640000343322754,15.420000076293945,15.579999923706055,13.250343322753906,22400
2019-06-17,15.65999984741211,15.779999732971191,15.609999656677246,15.779999732971191,13.42043685913086,49374
2019-06-18,15.779999732971191,15.829999923706055,15.670000076293945,15.670000076293945,13.326886177062988,65006
2019-06-19,15.6899995803833,15.75,15.670000076293945,15.670000076293945,13.326886177062988,20875
2019-06-20,15.770000457763672,15.880000114440918,15.739999771118164,15.779999732971191,13.42043685913086,35081
2019-06-21,15.739999771118164,15.949899673461914,15.734999656677246,15.779999732971191,13.42043685913086,29617
2019-06-24,15.789999961853027,15.805700302124023,15.720000267028809,15.739999771118164,13.386420249938965,15829
2019-06-25,15.739999771118164,15.819999694824219,15.600000381469727,15.65999984741211,13.318380355834961,27470
2019-06-26,15.699999809265137,15.730400085449219,15.609999656677246,15.609999656677246,13.275857925415039,29921
2019-06-27,15.710000038146973,15.800000190734863,15.6899995803833,15.800000190734863,13.437447547912598,38540
2019-06-28,15.739999771118164,15.880000114440918,15.710000038146973,15.800000190734863,13.437447547912598,75595
2019-07-01,16.040000915527344,16.040000915527344,15.800000190734863,15.800000190734863,13.437447547912598,68292
2019-07-02,15.84000015258789,15.970000267028809,15.829999923706055,15.829999923706055,13.462961196899414,31826
2019-07-03,15.930000305175781,15.960000038146973,15.880000114440918,15.949999809265137,13.565018653869629,18774
2019-07-05,15.84000015258789,15.949999809265137,15.84000015258789,15.899999618530273,13.522494316101074,16106
2019-07-08,15.9399995803833,15.9399995803833,15.760000228881836,15.880000114440918,13.505484580993652,20771
2019-07-09,15.739999771118164,15.869999885559082,15.739999771118164,15.779999732971191,13.42043685913086,46915
2019-07-10,15.850000381469727,15.960000038146973,15.850000381469727,15.859999656677246,13.488476753234863,43658
2019-07-11,15.90999984741211,16.030000686645508,15.861000061035156,15.970000267028809,13.582027435302734,57023
2019-07-12,16.0,16.079999923706055,15.979999542236328,16.020000457763672,13.624550819396973,33727
2019-07-15,16.06999969482422,16.31999969482422,16.051000595092773,16.299999237060547,13.862682342529297,91318
2019-07-16,16.299999237060547,16.520000457763672,16.260000228881836,16.520000457763672,14.049789428710938,36870
2019-07-17,16.540000915527344,16.549999237060547,16.42099952697754,16.549999237060547,14.075300216674805,49219
2019-07-18,16.600000381469727,16.610000610351562,16.5,16.600000381469727,14.117825508117676,36808
2019-07-19,16.639999389648438,16.65999984741211,16.559999465942383,16.610000610351562,14.126330375671387,64204
2019-07-22,16.639999389648438,16.790000915527344,16.56999969482422,16.719999313354492,14.219880104064941,50835
2019-07-23,16.799999237060547,16.799999237060547,16.610000610351562,16.75,14.245393753051758,39652
2019-07-24,16.690000534057617,16.770000457763672,16.610000610351562,16.719999313354492,14.219880104064941,46913
2019-07-25,16.709999084472656,16.739999771118164,16.540000915527344,16.639999389648438,14.151843070983887,48039
2019-07-26,16.700000762939453,16.75,16.5,16.549999237060547,14.075300216674805,36109
2019-07-29,16.540000915527344,16.729999542236328,16.489999771118164,16.600000381469727,14.117825508117676,40212
2019-07-30,16.510000228881836,16.760000228881836,16.510000228881836,16.709999084472656,14.211374282836914,38093
2019-07-31,16.770000457763672,16.809999465942383,16.603200912475586,16.809999465942383,14.296422004699707,70679
2019-08-01,16.850000381469727,16.8700008392334,16.489999771118164,16.489999771118164,14.024271965026855,51818
2019-08-02,16.469999313354492,16.56049919128418,16.309999465942383,16.399999618530273,13.947729110717773,21540
2019-08-05,16.239999771118164,16.239999771118164,15.8100004196167,15.890000343322754,13.513991355895996,69097
2019-08-06,15.989999771118164,16.030000686645508,15.770000457763672,15.949999809265137,13.565018653869629,47222
2019-08-07,15.880000114440918,16.079999923706055,15.779999732971191,15.989999771118164,13.59903621673584,51791
2019-08-08,16.049999237060547,16.350000381469727,16.049999237060547,16.34000015258789,13.896700859069824,20332
2019-08-09,16.389999389648438,16.389999389648438,16.246400833129883,16.270000457763672,13.837169647216797,29089
2019-08-12,16.31999969482422,16.350000381469727,16.190000534057617,16.350000381469727,13.905206680297852,13506
2019-08-13,16.329999923706055,16.520000457763672,16.17329978942871,16.3799991607666,13.9307222366333,24517
2019-08-14,16.290000915527344,16.40999984741211,16.1200008392334,16.239999771118164,13.811653137207031,50771
2019-08-15,16.31999969482422,16.530000686645508,16.278799057006836,16.530000686645508,14.058293342590332,40242
2019-08-16,16.5,16.629199981689453,16.4330997467041,16.520000457763672,14.049789428710938,19166
2019-08-19,16.690000534057617,16.728099822998047,16.531700134277344,16.59000015258789,14.109319686889648,26568
2019-08-20,16.59000015258789,16.647499084472656,16.540000915527344,16.639999389648438,14.151843070983887,24000
2019-08-21,16.729999542236328,16.729999542236328,16.600000381469727,16.600000381469727,14.117825508117676,35095
2019-08-22,16.649999618530273,16.687400817871094,16.530000686645508,16.65999984741211,14.168852806091309,32601
2019-08-23,16.600000381469727,16.688100814819336,16.299999237060547,16.299999237060547,13.862682342529297,39628
2019-08-26,16.40999984741211,16.677000045776367,16.239999771118164,16.34000015258789,13.896700859069824,27710
2019-08-27,16.3700008392334,16.42180061340332,16.139999389648438,16.139999389648438,13.726606369018555,43366
2019-08-28,16.09000015258789,16.23590087890625,16.072099685668945,16.15999984741211,13.743617057800293,29069
2019-08-29,16.260000228881836,16.43000030517578,16.260000228881836,16.350000381469727,13.905206680297852,21780
2019-08-30,16.399999618530273,16.440000534057617,16.329999923706055,16.350000381469727,13.905206680297852,12848
2019-09-03,16.280000686645508,16.329999923706055,16.200000762939453,16.299999237060547,13.862682342529297,21074
2019-09-04,16.329999923706055,16.3799991607666,16.161500930786133,16.290000915527344,13.854179382324219,38199
2019-09-05,16.3700008392334,16.520000457763672,16.34000015258789,16.389999389648438,13.939226150512695,31101
2019-09-06,16.40999984741211,16.526100158691406,16.40999984741211,16.510000228881836,14.041281700134277,17869
2019-09-09,16.540000915527344,16.579700469970703,16.450000762939453,16.450000762939453,13.990253448486328,11496
2019-09-10,16.399999618530273,16.569000244140625,16.399999618530273,16.459999084472656,13.998757362365723,29800
2019-09-11,16.459999084472656,16.600000381469727,16.459999084472656,16.56999969482422,14.092309951782227,35763
2019-09-12,16.329999923706055,16.366500854492188,16.290000915527344,16.299999237060547,14.087987899780273,27061
2019-09-13,16.229999542236328,16.29400062561035,16.190000534057617,16.190000534057617,13.992916107177734,38761
2019-09-16,16.100000381469727,16.280000686645508,16.100000381469727,16.1200008392334,13.932415008544922,16382
2019-09-17,16.149999618530273,16.22599983215332,16.110000610351562,16.1200008392334,13.932415008544922,23454
2019-09-18,16.100000381469727,16.200000762939453,16.040000915527344,16.100000381469727,13.915130615234375,13992
2019-09-19,16.110000610351562,16.34000015258789,16.110000610351562,16.15999984741211,13.966987609863281,35717
2019-09-20,16.149999618530273,16.18000030517578,16.010000228881836,16.059999465942383,13.8805570602417,18298
2019-09-23,15.960000038146973,16.009000778198242,15.899999618530273,15.90999984741211,13.750913619995117,34851
2019-09-24,15.890000343322754,16.010000228881836,15.649999618530273,15.649999618530273,13.52619743347168,63285
2019-09-25,15.699999809265137,15.757699966430664,15.5600004196167,15.640000343322754,13.51755428314209,41336
2019-09-26,15.569999694824219,15.800000190734863,15.550000190734863,15.789999961853027,13.647199630737305,23114
2019-09-27,15.829999923706055,15.829999923706055,15.5,15.550000190734863,13.439767837524414,57438
2019-09-30,15.6899995803833,15.76200008392334,15.399999618530273,15.399999618530273,13.310124397277832,70310
2019-10-01,15.75,15.789999961853027,15.270000457763672,15.34000015258789,13.258267402648926,70233
2019-10-02,15.279999732971191,15.289999961853027,15.0,15.130000114440918,13.076765060424805,62656
2019-10-03,15.0600004196167,15.239999771118164,14.880000114440918,15.220000267028809,13.154550552368164,69035
2019-10-04,15.300000190734863,15.36929988861084,15.1899995803833,15.300000190734863,13.2236967086792,29221
2019-10-07,15.260000228881836,15.399999618530273,15.239999771118164,15.350000381469727,13.266910552978516,28110
2019-10-08,15.220000267028809,15.279999732971191,15.109999656677246,15.199999809265137,13.1372652053833,45973
2019-10-09,15.380000114440918,15.380000114440918,15.199999809265137,15.260000228881836,13.189123153686523,61612
2019-10-10,15.270000457763672,15.449999809265137,15.180000305175781,15.3100004196167,13.232337951660156,37243
2019-10-11,15.40999984741211,15.529999732971191,15.399999618530273,15.399999618530273,13.310124397277832,62183
2019-10-14,15.369999885559082,15.430000305175781,15.289999961853027,15.34000015258789,13.258267402648926,49800
2019-10-15,15.369999885559082,15.5,15.369999885559082,15.380000114440918,13.292838096618652,27253
2019-10-16,15.380000114440918,15.430800437927246,15.3100004196167,15.380000114440918,13.292838096618652,37517
2019-10-17,15.420000076293945,15.479999542236328,15.319999694824219,15.34000015258789,13.258267402648926,24151
2019-10-18,15.3100004196167,15.383600234985352,15.243499755859375,15.289999961853027,13.215052604675293,43344
2019-10-21,15.369999885559082,15.489999771118164,15.300000190734863,15.470000267028809,13.370624542236328,50232
2019-10-22,15.479999542236328,15.621700286865234,15.399999618530273,15.59000015258789,13.474340438842773,59049
2019-10-23,15.569999694824219,15.59000015258789,15.489999771118164,15.579999923706055,13.465697288513184,17602
2019-10-24,15.600000381469727,15.670000076293945,15.600000381469727,15.630000114440918,13.5089111328125,23682
2019-10-25,15.609999656677246,15.65999984741211,15.565799713134766,15.640000343322754,13.51755428314209,21510
2019-10-28,15.65999984741211,15.720000267028809,15.619999885559082,15.65999984741211,13.53484058380127,20417
2019-10-29,15.649999618530273,15.75,15.649999618530273,15.720000267028809,13.586698532104492,18833
2019-10-30,15.710000038146973,15.770000457763672,15.600199699401855,15.770000457763672,13.629912376403809,26003
2019-10-31,15.800000190734863,15.800000190734863,15.630000114440918,15.770000457763672,13.629912376403809,23257
2019-11-01,15.850000381469727,15.850000381469727,15.780099868774414,15.840100288391113,13.69050121307373,22580
2019-11-04,15.970000267028809,15.970000267028809,15.8100004196167,15.859999656677246,13.7076997756958,32159
2019-11-05,15.8100004196167,15.850000381469727,15.789999961853027,15.819999694824219,13.673126220703125,17564
2019-11-06,15.819999694824219,15.869999885559082,15.770000457763672,15.869999885559082,13.716341972351074,31365
2019-11-07,16.0,16.0,15.850000381469727,15.920000076293945,13.759556770324707,30722
2019-11-08,15.949999809265137,15.979999542236328,15.84000015258789,15.90999984741211,13.750913619995117,41202
2019-11-11,15.760000228881836,16.079999923706055,15.760000228881836,16.010000228881836,13.8373441696167,43466
2019-11-12,16.1200008392334,16.1200008392334,15.979999542236328,16.010000228881836,13.8373441696167,27623
2019-11-13,15.949999809265137,16.059999465942383,15.949999809265137,16.010000228881836,13.8373441696167,17779
2019-11-14,15.9399995803833,16.06879997253418,15.9399995803833,15.960000038146973,13.794129371643066,30661
2019-11-15,15.979999542236328,16.079999923706055,15.949999809265137,16.0,13.82870101928711,22727
2019-11-18,15.949999809265137,16.059999465942383,15.920000076293945,16.0,13.82870101928711,30677
2019-11-19,15.970000267028809,16.059999465942383,15.949999809265137,15.989999771118164,13.820055961608887,32033
2019-11-20,15.960000038146973,16.02869987487793,15.879199981689453,15.890000343322754,13.73362922668457,38871
2019-11-21,15.949999809265137,16.09000015258789,15.930000305175781,16.079999923706055,13.897843360900879,31751
2019-11-22,16.09000015258789,16.15999984741211,16.0674991607666,16.149999618530273,13.958345413208008,17392
2019-11-25,16.139999389648438,16.200000762939453,16.030000686645508,16.200000762939453,14.001562118530273,24186
2019-11-26,16.15999984741211,16.239999771118164,16.100000381469727,16.142000198364258,13.951430320739746,29252
2019-11-27,16.139999389648438,16.200000762939453,16.114999771118164,16.190000534057617,13.992916107177734,28937
2019-11-29,16.1299991607666,16.25,16.1299991607666,16.170000076293945,13.975629806518555,14667
2019-12-02,16.190000534057617,16.190000534057617,16.09000015258789,16.100000381469727,13.915130615234375,22910
2019-12-03,16.09000015258789,16.09000015258789,15.899999618530273,16.0,13.82870101928711,24497
2019-12-04,16.010000228881836,16.190000534057617,15.989999771118164,16.15999984741211,13.966987609863281,30203
2019-12-05,16.15999984741211,16.17690086364746,16.049999237060547,16.139999389648438,13.949700355529785,31896
2019-12-06,16.209999084472656,16.299999237060547,16.209999084472656,16.219999313354492,14.018843650817871,36166
2019-12-09,16.219999313354492,16.420000076293945,16.218700408935547,16.309999465942383,14.096631050109863,44612
2019-12-10,16.270000457763672,16.43000030517578,16.219999313354492,16.25,14.04477310180664,39724
2019-12-11,16.350000381469727,16.459999084472656,16.299999237060547,16.40999984741211,14.183061599731445,31106
2019-12-12,16.229999542236328,16.266399383544922,16.079999923706055,16.260000228881836,14.284086227416992,40791
2019-12-13,16.280000686645508,16.3700008392334,16.139999389648438,16.25,14.275300979614258,65008
2019-12-16,16.290000915527344,16.402299880981445,16.266799926757812,16.270000457763672,14.292872428894043,35113
2019-12-17,16.229999542236328,16.316699981689453,16.21619987487793,16.290000915527344,14.310441017150879,34650
2019-12-18,16.280000686645508,16.3799991607666,16.19070053100586,16.270000457763672,14.292872428894043,26787
2019-12-19,16.229999542236328,16.399999618530273,16.229999542236328,16.350000381469727,14.36314868927002,43278
2019-12-20,16.399999618530273,16.399999618530273,16.270000457763672,16.299999237060547,14.31922435760498,29620
2019-12-23,16.309999465942383,16.34000015258789,16.25,16.280000686645508,14.301657676696777,29813
2019-12-24,16.299999237060547,16.299999237060547,16.209999084472656,16.299999237060547,14.31922435760498,22870
2019-12-26,16.329999923706055,16.3799991607666,16.231399536132812,16.3799991607666,14.38950252532959,13904
2019-12-27,16.3799991607666,16.479999542236328,16.350000381469727,16.43000030517578,14.433428764343262,43677
2019-12-30,16.479999542236328,16.479999542236328,16.329999923706055,16.459999084472656,14.459781646728516,27250
2019-12-31,16.610000610351562,16.610000610351562,16.309999465942383,16.469999313354492,14.468565940856934,99529
2020-01-02,16.600000381469727,16.600000381469727,16.190000534057617,16.329999923706055,14.3455810546875,93631
2020-01-03,16.270000457763672,16.280000686645508,16.15999984741211,16.209999084472656,14.240160942077637,41208
2020-01-06,16.209999084472656,16.209999084472656,16.020000457763672,16.170000076293945,14.205024719238281,96715
2020-01-07,16.200000762939453,16.209999084472656,16.149999618530273,16.209999084472656,14.240160942077637,25723
2020-01-08,16.34000015258789,16.459999084472656,16.250699996948242,16.43000030517578,14.433428764343262,37743
2020-01-09,16.5,16.520000457763672,16.3700008392334,16.3700008392334,14.380720138549805,47313
2020-01-10,16.450000762939453,16.510000228881836,16.34000015258789,16.3700008392334,14.380720138549805,31375
2020-01-13,16.43000030517578,16.43000030517578,16.290000915527344,16.360000610351562,14.371935844421387,60021
2020-01-14,16.360000610351562,16.475000381469727,16.360000610351562,16.450000762939453,14.450997352600098,29275
2020-01-15,16.469999313354492,16.558900833129883,16.442800521850586,16.5,14.49492073059082,40278
2020-01-16,16.59000015258789,16.6200008392334,16.561100006103516,16.600000381469727,14.582770347595215,41193
2020-01-17,16.690000534057617,16.719999313354492,16.6200008392334,16.670000076293945,14.644262313842773,30980
2020-01-21,16.739999771118164,16.739999771118164,16.654199600219727,16.65999984741211,14.635478019714355,63854
2020-01-22,16.690000534057617,16.729999542236328,16.610000610351562,16.700000762939453,14.67061710357666,37446
2020-01-23,16.760000228881836,16.760000228881836,16.654399871826172,16.700000762939453,14.67061710357666,38608
2020-01-24,16.739999771118164,16.739999771118164,16.440000534057617,16.440000534057617,14.44221305847168,44660
2020-01-27,16.350000381469727,16.389999389648438,16.299999237060547,16.34000015258789,14.354365348815918,48128
2020-01-28,16.40999984741211,16.449499130249023,16.336000442504883,16.34000015258789,14.354365348815918,40662
2020-01-29,16.479999542236328,16.549999237060547,16.3700008392334,16.3700008392334,14.380720138549805,28850
2020-01-30,16.43000030517578,16.440000534057617,16.340099334716797,16.405000686645508,14.411467552185059,36568
2020-01-31,16.489999771118164,16.489999771118164,16.259700775146484,16.290000915527344,14.310441017150879,29884
2020-02-03,16.479999542236328,16.479999542236328,16.290000915527344,16.329999923706055,14.3455810546875,40408
2020-02-04,16.479999542236328,16.479999542236328,16.3700008392334,16.43000030517578,14.433428764343262,35630
2020-02-05,16.610000610351562,16.610000610351562,16.5,16.559999465942383,14.547629356384277,46055
2020-02-06,16.610000610351562,16.610000610351562,16.559999465942383,16.579999923706055,14.565200805664062,39036
2020-02-07,16.600000381469727,16.719999313354492,16.575000762939453,16.719999313354492,14.688185691833496,22430
2020-02-10,16.700000762939453,16.75,16.649999618530273,16.75,14.714539527893066,30160
2020-02-11,16.75,16.829999923706055,16.56999969482422,16.6200008392334,14.600340843200684,77200
2020-02-12,16.700000762939453,16.780000686645508,16.67620086669922,16.760000228881836,14.723325729370117,45548
2020-02-13,16.770000457763672,16.83799934387207,16.665700912475586,16.809999465942383,14.76724910736084,34142
2020-02-14,16.84000015258789,16.889999389648438,16.750099182128906,16.889999389648438,14.837528228759766,36480
2020-02-18,16.8700008392334,16.8799991607666,16.799999237060547,16.8700008392334,14.819960594177246,29572
2020-02-19,16.90999984741211,16.969999313354492,16.780000686645508,16.829999923706055,14.784819602966309,37745
2020-02-20,16.8799991607666,16.881999969482422,16.799999237060547,16.8799991607666,14.828742980957031,26871
2020-02-21,16.8799991607666,16.93000030517578,16.790000915527344,16.850000381469727,14.802388191223145,35858
2020-02-24,16.709999084472656,16.709999084472656,16.3799991607666,16.40999984741211,14.41585922241211,60751
2020-02-25,16.540000915527344,16.540000915527344,15.739999771118164,15.8100004196167,13.888771057128906,64463
2020-02-26,15.789999961853027,15.850000381469727,15.585000038146973,15.630000114440918,13.730643272399902,70361
2020-02-27,15.399999618530273,15.470000267028809,14.5,14.9399995803833,13.124491691589355,120257
2020-02-28,14.600000381469727,14.6899995803833,14.0,14.456999778747559,12.700187683105469,127418
2020-03-02,15.050000190734863,15.130000114440918,14.550000190734863,14.989999771118164,13.168416023254395,194549
2020-03-03,15.199999809265137,15.5,14.845199584960938,15.140000343322754,13.300189018249512,66628
2020-03-04,15.1899995803833,15.470000267028809,15.130000114440918,15.390000343322754,13.519808769226074,103246
2020-03-05,15.270000457763672,15.270000457763672,14.979999542236328,15.039999961853027,13.212339401245117,87987
2020-03-06,14.800000190734863,14.890000343322754,14.59000015258789,14.869999885559082,13.06299877166748,54670
2020-03-09,14.369999885559082,14.425000190734863,13.880000114440918,14.020000457763672,12.316291809082031,120032
2020-03-10,14.239999771118164,14.380000114440918,13.850000381469727,14.100000381469727,12.38656997680664,105055
2020-03-11,14.0600004196167,14.0600004196167,13.15999984741211,13.210000038146973,11.604722023010254,133090
2020-03-12,12.5,12.520000457763672,11.069999694824219,11.210000038146973,10.049356460571289,335535
2020-03-13,11.649999618530273,12.270000457763672,11.081000328063965,11.989999771118164,10.7485990524292,170531
2020-03-16,10.720000267028809,11.369999885559082,10.699999809265137,10.949999809265137,9.816276550292969,176699
2020-03-17,10.960000038146973,11.390000343322754,10.670000076293945,11.260000228881836,10.0941801071167,157829
2020-03-18,10.529999732971191,10.848799705505371,8.640000343322754,9.739999771118164,8.731555938720703,177902
2020-03-19,9.25,10.720000267028809,9.25,10.630000114440918,9.529409408569336,170864
2020-03-20,10.520000457763672,11.050000190734863,10.109999656677246,10.149999618530273,9.099104881286621,123770
2020-03-23,9.65999984741211,9.989999771118164,9.170000076293945,9.4399995803833,8.462615013122559,254943
2020-03-24,9.539999961853027,10.569999694824219,9.539999961853027,10.479999542236328,9.394938468933105,279127
2020-03-25,10.430000305175781,11.789999961853027,10.430000305175781,11.170000076293945,10.01349925994873,169286
2020-03-26,11.0,11.920000076293945,11.0,11.819999694824219,10.596199989318848,151705
2020-03-27,11.350000381469727,11.869999885559082,11.0600004196167,11.5600004196167,10.363120079040527,186996
2020-03-30,11.600000381469727,11.859999656677246,11.545000076293945,11.699999809265137,10.48862361907959,144232
2020-03-31,11.789999961853027,11.960000038146973,11.569999694824219,11.579999923706055,10.381048202514648,124153
2020-04-01,11.5,11.587200164794922,11.039999961853027,11.25,10.08521556854248,131916
2020-04-02,11.25,11.609999656677246,11.180000305175781,11.40999984741211,10.228649139404297,75774
2020-04-03,11.420000076293945,11.449799537658691,11.109999656677246,11.260000228881836,10.0941801071167,52012
2020-04-06,11.930000305175781,12.069999694824219,11.579999923706055,11.880000114440918,10.64998722076416,147233
2020-04-07,12.369999885559082,12.479999542236328,12.159000396728516,12.220000267028809,10.95478630065918,140449
2020-04-08,12.5,12.670000076293945,12.231599807739258,12.670000076293945,11.358194351196289,89939
2020-04-09,12.800000190734863,12.933300018310547,12.581600189208984,12.699999809265137,11.385087966918945,121795
2020-04-13,12.699999809265137,12.779999732971191,12.30049991607666,12.579999923706055,11.277512550354004,78056
2020-04-14,12.649999618530273,12.800000190734863,12.619999885559082,12.770000457763672,11.447840690612793,111854
2020-04-15,12.380000114440918,12.59000015258789,12.380000114440918,12.479999542236328,11.1878662109375,61303
2020-04-16,12.40999984741211,12.59000015258789,12.329999923706055,12.4399995803833,11.152007102966309,123727
2020-04-17,12.510000228881836,12.6899995803833,12.449999809265137,12.6899995803833,11.37612247467041,168150
2020-04-20,12.489999771118164,12.657999992370605,12.40999984741211,12.4399995803833,11.152007102966309,95197
2020-04-21,12.289999961853027,12.289999961853027,11.90999984741211,12.109999656677246,10.85617446899414,112593
2020-04-22,12.170000076293945,12.309900283813477,12.170000076293945,12.279999732971191,11.008572578430176,97700
2020-04-23,12.329999923706055,12.470000267028809,12.25,12.25,10.98167896270752,76383
2020-04-24,12.359999656677246,12.369999885559082,12.281499862670898,12.34000015258789,11.062361717224121,50933
2020-04-27,12.420000076293945,12.59000015258789,12.420000076293945,12.510000228881836,11.214759826660156,56208
2020-04-28,12.670000076293945,12.69950008392334,12.520000457763672,12.520000457763672,11.223725318908691,73494
2020-04-29,12.729999542236328,12.8100004196167,12.656700134277344,12.78600025177002,11.462183952331543,89697
2020-04-30,12.649999618530273,12.800000190734863,12.649999618530273,12.670000076293945,11.358194351196289,102287
2020-05-01,12.489999771118164,12.510000228881836,12.350000381469727,12.359999656677246,11.080289840698242,61889
2020-05-04,12.180000305175781,12.34000015258789,12.16469955444336,12.319999694824219,11.044432640075684,58423
2020-05-05,12.420000076293945,12.56980037689209,12.40999984741211,12.40999984741211,11.125113487243652,74243
2020-05-06,12.489999771118164,12.5,12.329999923706055,12.329999923706055,11.053396224975586,52580
2020-05-07,12.430000305175781,12.494999885559082,12.40999984741211,12.430000305175781,11.143043518066406,36758
2020-05-08,12.479999542236328,12.59000015258789,12.470000267028809,12.569999694824219,11.268548011779785,33117
2020-05-11,12.449999809265137,12.59000015258789,12.449999809265137,12.5600004196167,11.259583473205566,36074
2020-05-12,12.600000381469727,12.699999809265137,12.399999618530273,12.420000076293945,11.134079933166504,48386
2020-05-13,12.329999923706055,12.406000137329102,12.093999862670898,12.130000114440918,10.874104499816895,73329
2020-05-14,12.050000190734863,12.210000038146973,11.869999885559082,12.210000038146973,10.945819854736328,52380
2020-05-15,12.229999542236328,12.25,12.180000305175781,12.220000267028809,10.95478630065918,42025
2020-05-18,12.489999771118164,12.670000076293945,12.46500015258789,12.640000343322754,11.331299781799316,80702
2020-05-19,12.6899995803833,12.710000038146973,12.579999923706055,12.579999923706055,11.277512550354004,29080
2020-05-20,12.710000038146973,12.777400016784668,12.59000015258789,12.739999771118164,11.42094612121582,51936
2020-05-21,12.770000457763672,12.779999732971191,12.619999885559082,12.65999984741211,11.34922981262207,38776
2020-05-22,12.720000267028809,12.819999694824219,12.630000114440918,12.819999694824219,11.49266242980957,71649
2020-05-26,13.010000228881836,13.108400344848633,12.890000343322754,12.960000038146973,11.618169784545898,69127
2020-05-27,13.100000381469727,13.100000381469727,12.823599815368652,13.0,11.654026985168457,53514
2020-05-28,13.0600004196167,13.079999923706055,12.979999542236328,13.01990032196045,11.671866416931152,70876
2020-05-29,12.819999694824219,13.020000457763672,12.819999694824219,13.020000457763672,11.671957969665527,77269
2020-06-01,13.0,13.069999694824219,13.0,13.039999961853027,11.689886093139648,52038
2020-06-02,13.130000114440918,13.1899995803833,13.060600280761719,13.149999618530273,11.788495063781738,61361
2020-06-03,13.220000267028809,13.300000190734863,13.1899995803833,13.279999732971191,11.905035972595215,59642
2020-06-04,13.300000190734863,13.3100004196167,13.1899995803833,13.260000228881836,11.88710880279541,54722
2020-06-05,13.460000038146973,13.510000228881836,13.359999656677246,13.479999542236328,12.084328651428223,91397
2020-06-08,13.569999694824219,13.680000305175781,13.529999732971191,13.630000114440918,12.218798637390137,118654
2020-06-09,13.4399995803833,13.65999984741211,13.4399995803833,13.59000015258789,12.182941436767578,50550
2020-06-10,13.59000015258789,13.670000076293945,13.5600004196167,13.630000114440918,12.218798637390137,35474
2020-06-11,13.479999542236328,13.479999542236328,12.960000038146973,12.989999771118164,11.645062446594238,163729
2020-06-12,13.039999961853027,13.09000015258789,12.8100004196167,12.899999618530273,11.786685943603516,65888
2020-06-15,12.739999771118164,13.0,12.699999809265137,12.970000267028809,11.850645065307617,68703
2020-06-16,13.180000305175781,13.278800010681152,13.119999885559082,13.149999618530273,12.015108108520508,36165
2020-06-17,13.170000076293945,13.199000358581543,13.029999732971191,13.039999961853027,11.914603233337402,32288
2020-06-18,13.039999961853027,13.119999885559082,12.960000038146973,13.0,11.87805461883545,51639
2020-06-19,13.100000381469727,13.145000457763672,12.899999618530273,12.920000076293945,11.804959297180176,31741
2020-06-22,12.829999923706055,12.890000343322754,12.800000190734863,12.871700286865234,11.760828018188477,64794
2020-06-23,12.9399995803833,13.020000457763672,12.850000381469727,12.90999984741211,11.795822143554688,101778
2020-06-24,12.869999885559082,12.869999885559082,12.579999923706055,12.619999885559082,11.530850410461426,73465
2020-06-25,12.550000190734863,12.675000190734863,12.550000190734863,12.630000114440918,11.539986610412598,37635
2020-06-26,12.65999984741211,12.65999984741211,12.420000076293945,12.449999809265137,11.37552261352539,39003
2020-06-29,12.510000228881836,12.553000450134277,12.399999618530273,12.520000457763672,11.439480781555176,69324
2020-06-30,12.510000228881836,12.84000015258789,12.510000228881836,12.84000015258789,11.731863975524902,153165
2020-07-01,13.029999732971191,13.050000190734863,12.888799667358398,12.989999771118164,11.868917465209961,82462
2020-07-02,13.020000457763672,13.069999694824219,12.920000076293945,13.0,11.87805461883545,66881
2020-07-06,13.130000114440918,13.130000114440918,13.029999732971191,13.109999656677246,11.978561401367188,102327
2020-07-07,13.109999656677246,13.198599815368652,13.069999694824219,13.119999885559082,11.98769760131836,74117
2020-07-08,13.1899995803833,13.199999809265137,13.041199684143066,13.170000076293945,12.033382415771484,47039
2020-07-09,13.199999809265137,13.199999809265137,12.989999771118164,13.0600004196167,11.932877540588379,45816
2020-07-10,13.100000381469727,13.119999885559082,13.029999732971191,13.119999885559082,11.98769760131836,73152
2020-07-13,13.210000038146973,13.239999771118164,12.989999771118164,12.989999771118164,11.868917465209961,66440
2020-07-14,12.949999809265137,13.109999656677246,12.899999618530273,13.109999656677246,11.978561401367188,42605
2020-07-15,13.220000267028809,13.279999732971191,13.150099754333496,13.220000267028809,12.079068183898926,41055
2020-07-16,13.100000381469727,13.210000038146973,13.0600004196167,13.1899995803833,12.051656723022461,32427
2020-07-17,13.25,13.25,13.170000076293945,13.229999542236328,12.088204383850098,57385
2020-07-20,13.15999984741211,13.274999618530273,13.119999885559082,13.239999771118164,12.097341537475586,64101
2020-07-21,13.210000038146973,13.319999694824219,13.140000343322754,13.1899995803833,12.051656723022461,114411
2020-07-22,13.239999771118164,13.25,13.150099754333496,13.229999542236328,12.088204383850098,61358
2020-07-23,13.229999542236328,13.260000228881836,13.039999961853027,13.170000076293945,12.033382415771484,73882
2020-07-24,13.199999809265137,13.199999809265137,13.069999694824219,13.119999885559082,11.98769760131836,76120
2020-07-27,13.210000038146973,13.219900131225586,13.140000343322754,13.170000076293945,12.033382415771484,30348
2020-07-28,13.130000114440918,13.1899995803833,13.100000381469727,13.130000114440918,11.996835708618164,30214
2020-07-29,13.220000267028809,13.25,13.164999961853027,13.25,12.106478691101074,30796
2020-07-30,13.039999961853027,13.210000038146973,13.029999732971191,13.119999885559082,11.98769760131836,110682
2020-07-31,13.170000076293945,13.216400146484375,13.100000381469727,13.146400451660156,12.011819839477539,129149
2020-08-03,13.380000114440918,13.489999771118164,13.310999870300293,13.489999771118164,12.325767517089844,214282
2020-08-04,13.380000114440918,13.489999771118164,13.380000114440918,13.479999542236328,12.316628456115723,89905
2020-08-05,13.59000015258789,13.619999885559082,13.524999618530273,13.539999961853027,12.371451377868652,127205
2020-08-06,13.59000015258789,13.59000015258789,13.470000267028809,13.539999961853027,12.371451377868652,78813
2020-08-07,13.489999771118164,13.569899559020996,13.479999542236328,13.510000228881836,12.344039916992188,56650
2020-08-10,13.569999694824219,13.659600257873535,13.520000457763672,13.579999923706055,12.407998085021973,59805
2020-08-11,13.640000343322754,13.72089958190918,13.539999961853027,13.579999923706055,12.407998085021973,58620
2020-08-12,13.649999618530273,13.720000267028809,13.620100021362305,13.670000076293945,12.490232467651367,69720
2020-08-13,13.680000305175781,13.749899864196777,13.619999885559082,13.619999885559082,12.444547653198242,42969
2020-08-14,13.600000381469727,13.619999885559082,13.550100326538086,13.609700202941895,12.435135841369629,37443
2020-08-17,13.65999984741211,13.699999809265137,13.65999984741211,13.6899995803833,12.508503913879395,36560
2020-08-18,13.710000038146973,13.729999542236328,13.649999618530273,13.710000038146973,12.526779174804688,68146
2020-08-19,13.739999771118164,13.739999771118164,13.65999984741211,13.6899995803833,12.508503913879395,43821
2020-08-20,13.680000305175781,13.739999771118164,13.649999618530273,13.739999771118164,12.554190635681152,24715
2020-08-21,13.819999694824219,13.829999923706055,13.680000305175781,13.710000038146973,12.526779174804688,53125
2020-08-24,13.869999885559082,13.869999885559082,13.779999732971191,13.859999656677246,12.663833618164062,83048
2020-08-25,13.960000038146973,13.960000038146973,13.86050033569336,13.90999984741211,12.709519386291504,89112
2020-08-26,14.0600004196167,14.069999694824219,13.929900169372559,14.020000457763672,12.810026168823242,191613
2020-08-27,14.15999984741211,14.15999984741211,14.006600379943848,14.09000015258789,12.873983383178711,110028
2020-08-28,14.140000343322754,14.170000076293945,14.09000015258789,14.170000076293945,12.9470796585083,88393
2020-08-31,14.220000267028809,14.220000267028809,14.130000114440918,14.170000076293945,12.9470796585083,81088
2020-09-01,14.130000114440918,14.279999732971191,14.109999656677246,14.279999732971191,13.047586441040039,50756
2020-09-02,14.430000305175781,14.4399995803833,14.279999732971191,14.430000305175781,13.184640884399414,131875
2020-09-03,14.430000305175781,14.539999961853027,13.960000038146973,14.020000457763672,12.810026168823242,125414
2020-09-04,14.069999694824219,14.109999656677246,13.579999923706055,13.869999885559082,12.672971725463867,138301
2020-09-08,13.850000381469727,13.850000381469727,13.40999984741211,13.489999771118164,12.325767517089844,139565
2020-09-09,13.65999984741211,13.890000343322754,13.65999984741211,13.779999732971191,12.590737342834473,52111
2020-09-10,13.850000381469727,13.899999618530273,13.510000228881836,13.510000228881836,12.344039916992188,74119
2020-09-11,13.550000190734863,13.670100212097168,13.520000457763672,13.569999694824219,12.3988618850708,78799
2020-09-14,13.479999542236328,13.539999961853027,13.369999885559082,13.449999809265137,12.51517391204834,116972
2020-09-15,13.609999656677246,13.670000076293945,13.559000015258789,13.600000381469727,12.65474796295166,61901
2020-09-16,13.649999618530273,13.67300033569336,13.569999694824219,13.649999618530273,12.701272964477539,51743
2020-09-17,13.520000457763672,13.529999732971191,13.359999656677246,13.529999732971191,12.58961296081543,51689
2020-09-18,13.479999542236328,13.609999656677246,13.310199737548828,13.359999656677246,12.431429862976074,93159
2020-09-21,13.010000228881836,13.145000457763672,12.9399995803833,13.109999656677246,12.19880485534668,136369
2020-09-22,13.069999694824219,13.210000038146973,12.920000076293945,13.180000305175781,12.263938903808594,87441
2020-09-23,13.239999771118164,13.239999771118164,12.899999618530273,12.90999984741211,12.01270580291748,63143
2020-09-24,12.880000114440918,12.979999542236328,12.789999961853027,12.90999984741211,12.01270580291748,89025
2020-09-25,12.819999694824219,13.069999694824219,12.819999694824219,13.0600004196167,12.152281761169434,91898
2020-09-28,13.220000267028809,13.289999961853027,13.199999809265137,13.25,12.32907485961914,85871
2020-09-29,13.289999961853027,13.289999961853027,13.174400329589844,13.260000228881836,12.338380813598633,37941
2020-09-30,13.289999961853027,13.380000114440918,13.270000457763672,13.319999694824219,12.394209861755371,55989
2020-10-01,13.479999542236328,13.5,13.369999885559082,13.4399995803833,12.50586986541748,73669
2020-10-02,13.319999694824219,13.350000381469727,13.260000228881836,13.34000015258789,12.412819862365723,41092
2020-10-05,13.399999618530273,13.5,13.380000114440918,13.449999809265137,12.51517391204834,60340
2020-10-06,13.470000267028809,13.609999656677246,13.329999923706055,13.359999656677246,12.431429862976074,59516
2020-10-07,13.369999885559082,13.550000190734863,13.369999885559082,13.470000267028809,12.533783912658691,102476
2020-10-08,13.550000190734863,13.555800437927246,13.479999542236328,13.510000228881836,12.571003913879395,23227
2020-10-09,13.550000190734863,13.600000381469727,13.529999732971191,13.569999694824219,12.62683391571045,35386
2020-10-12,13.649999618530273,13.779999732971191,13.609999656677246,13.75,12.794323921203613,64730
2020-10-13,13.699999809265137,13.739999771118164,13.653900146484375,13.6899995803833,12.738492012023926,59943
2020-10-14,13.6899995803833,13.739999771118164,13.59939956665039,13.670000076293945,12.719883918762207,39222
2020-10-15,13.510000228881836,13.601699829101562,13.510000228881836,13.579999923706055,12.636137962341309,49532
2020-10-16,13.600000381469727,13.649999618530273,13.569999694824219,13.569999694824219,12.62683391571045,20199
2020-10-19,13.609999656677246,13.65999984741211,13.449999809265137,13.470000267028809,12.533783912658691,31259
2020-10-20,13.449999809265137,13.550000190734863,13.430000305175781,13.4399995803833,12.50586986541748,71326
2020-10-21,13.489999771118164,13.489999771118164,13.390000343322754,13.420000076293945,12.487259864807129,36016
2020-10-22,13.430000305175781,13.479999542236328,13.350000381469727,13.479999542236328,12.54308795928955,68251
2020-10-23,13.479999542236328,13.520000457763672,13.45199966430664,13.5,12.561698913574219,25655
2020-10-26,13.449999809265137,13.449999809265137,13.15999984741211,13.210000038146973,12.291854858398438,47619
2020-10-27,13.239999771118164,13.3100004196167,13.119999885559082,13.149999618530273,12.236023902893066,52829
2020-10-28,13.0,13.007200241088867,12.75,12.779999732971191,11.891741752624512,55238
2020-10-29,12.779999732971191,12.930000305175781,12.739999771118164,12.90999984741211,12.01270580291748,44708
2020-10-30,12.850000381469727,12.850000381469727,12.619999885559082,12.770000457763672,11.882436752319336,81144
2020-11-02,12.84000015258789,12.979999542236328,12.800000190734863,12.8100004196167,11.919656753540039,41746
2020-11-03,12.9399995803833,13.11989974975586,12.9350004196167,13.050000190734863,12.142975807189941,41494
2020-11-04,13.239999771118164,13.40999984741211,13.180000305175781,13.329999923706055,12.403514862060547,46947
2020-11-05,13.510000228881836,13.829999923706055,13.470000267028809,13.770000457763672,12.812932968139648,97938
2020-11-06,13.710000038146973,13.75,13.579999923706055,13.649999618530273,12.701272964477539,66948
2020-11-09,14.100000381469727,14.135000228881836,13.84000015258789,13.859999656677246,12.896677017211914,88234
2020-11-10,13.789999961853027,13.890000343322754,13.710000038146973,13.850000381469727,12.887372970581055,61156
2020-11-11,13.890000343322754,14.0,13.890000343322754,13.920000076293945,12.952507019042969,68350
2020-11-12,13.989999771118164,13.989999771118164,13.822199821472168,13.90999984741211,12.94320297241211,82755
2020-11-13,14.100000381469727,14.100000381469727,13.96500015258789,14.100000381469727,13.119997024536133,81700
2020-11-16,14.329999923706055,14.600000381469727,14.260000228881836,14.600000381469727,13.585244178771973,267071
2020-11-17,14.59000015258789,14.59000015258789,14.390000343322754,14.5600004196167,13.548026084899902,86867
2020-11-18,14.510000228881836,14.569999694824219,14.467399597167969,14.479999542236328,13.473584175109863,65580
2020-11-19,14.489999771118164,14.489999771118164,14.375,14.460000038146973,13.454976081848145,102404
2020-11-20,14.449999809265137,14.479999542236328,14.390000343322754,14.460000038146973,13.454976081848145,40488
2020-11-23,14.460000038146973,14.510000228881836,14.380000114440918,14.5,13.492195129394531,79090
2020-11-24,14.609999656677246,14.6899995803833,14.54740047454834,14.680000305175781,13.659685134887695,56585
2020-11-25,14.6899995803833,14.725000381469727,14.609999656677246,14.720000267028809,13.696904182434082,61279
2020-11-27,14.770000457763672,14.8100004196167,14.720000267028809,14.75,13.72481918334961,36385
2020-11-30,14.720000267028809,14.75,14.59000015258789,14.75,13.72481918334961,75894
2020-12-01,14.829999923706055,14.869999885559082,14.699999809265137,14.819999694824219,13.78995418548584,88149
2020-12-02,14.739999771118164,14.880000114440918,14.739999771118164,14.859999656677246,13.827173233032227,68916
2020-12-03,14.920000076293945,14.9399995803833,14.75,14.84000015258789,13.808564186096191,42004
2020-12-04,14.850000381469727,15.010000228881836,14.829999923706055,15.010000228881836,13.966748237609863,41647
2020-12-07,14.989999771118164,15.020000457763672,14.960000038146973,15.020000457763672,13.976053237915039,64666
2020-12-08,15.0,15.149999618530273,14.890000343322754,15.149999618530273,14.097017288208008,63626
2020-12-09,15.180000305175781,15.180000305175781,15.039999961853027,15.100000381469727,14.050493240356445,71961
2020-12-10,15.0600004196167,15.100000381469727,15.0,15.079999923706055,14.031882286071777,34977
2020-12-11,15.050000190734863,15.100000381469727,14.949999809265137,15.0600004196167,14.013272285461426,65822
2020-12-14,14.859999656677246,14.9399995803833,14.851499557495117,14.859999656677246,14.055837631225586,48873
2020-12-15,14.8100004196167,14.920000076293945,14.8100004196167,14.920000076293945,14.112591743469238,75506
2020-12-16,14.9399995803833,15.020000457763672,14.850000381469727,14.949999809265137,14.14096736907959,72499
2020-12-17,15.029999732971191,15.050000190734863,14.9350004196167,14.970000267028809,14.15988540649414,55589
2020-12-18,14.989999771118164,14.989999771118164,14.850000381469727,14.869999885559082,14.065296173095703,29784
2020-12-21,14.779999732971191,14.850000381469727,14.640000343322754,14.850000381469727,14.046380043029785,51578
2020-12-22,14.890000343322754,14.892999649047852,14.819999694824219,14.84000015258789,14.036921501159668,38708
2020-12-23,14.8100004196167,14.9399995803833,14.8100004196167,14.8100004196167,14.008543968200684,38268
2020-12-24,14.8100004196167,14.899999618530273,14.8100004196167,14.899999618530273,14.093672752380371,20519
2020-12-28,14.979999542236328,14.989999771118164,14.869999885559082,14.890000343322754,14.084214210510254,46589
2020-12-29,15.0,15.020000457763672,14.899999618530273,14.9399995803833,14.131507873535156,48259
2020-12-30,15.0,15.0,14.910099983215332,15.0,14.188261985778809,36428
2020-12-31,15.100000381469727,15.239999771118164,15.020000457763672,15.239999771118164,14.41527271270752,100017
2021-01-04,15.199999809265137,15.239999771118164,14.899999618530273,15.0,14.188261985778809,74703
2021-01-05,15.0,15.039999961853027,14.899999618530273,15.0,14.188261985778809,38109
2021-01-06,14.859999656677246,15.069999694824219,14.800000190734863,14.84000015258789,14.036921501159668,115468
2021-01-07,14.920000076293945,15.039899826049805,14.829999923706055,15.010000228881836,14.197720527648926,122447
2021-01-08,15.100000381469727,15.100000381469727,14.859999656677246,15.029999732971191,14.21663761138916,133173
2021-01-11,15.0600004196167,15.140000343322754,14.899999618530273,15.029999732971191,14.21663761138916,149612
2021-01-12,15.09000015258789,15.109999656677246,14.989999771118164,14.989999771118164,14.178801536560059,107738
2021-01-13,15.020000457763672,15.069999694824219,15.0,15.020000457763672,14.20718002319336,48336
2021-01-14,15.109999656677246,15.109999656677246,14.979999542236328,15.020000457763672,14.20718002319336,43700
2021-01-15,15.039999961853027,15.039999961853027,14.859999656677246,14.970000267028809,14.15988540649414,80213
2021-01-19,15.039999961853027,15.109999656677246,14.949999809265137,14.979999542236328,14.169342994689941,98773
2021-01-20,15.010000228881836,15.180000305175781,15.0,15.140000343322754,14.320684432983398,41495
2021-01-21,15.149999618530273,15.479999542236328,15.050000190734863,15.270000457763672,14.443650245666504,102677
2021-01-22,15.25,15.322500228881836,15.230500221252441,15.289999961853027,14.462568283081055,66092
2021-01-25,15.489999771118164,15.545999526977539,15.140000343322754,15.319999694824219,14.490943908691406,126741
2021-01-26,15.460000038146973,15.619999885559082,15.380999565124512,15.529999732971191,14.689579963684082,213529
2021-01-27,15.40999984741211,15.40999984741211,15.109999656677246,15.130000114440918,14.311227798461914,86298
2021-01-28,15.1899995803833,15.449999809265137,15.1899995803833,15.260000228881836,14.43419075012207,60386
2021-01-29,15.220000267028809,15.25,15.020000457763672,15.109999656677246,14.292308807373047,99619
2021-02-01,15.279999732971191,15.279999732971191,15.149999618530273,15.239999771118164,14.41527271270752,45432
2021-02-02,15.34000015258789,15.479999542236328,15.34000015258789,15.430000305175781,14.594991683959961,58103
2021-02-03,15.470000267028809,15.510000228881836,15.350000381469727,15.430000305175781,14.594991683959961,54763
2021-02-04,15.489999771118164,15.629599571228027,15.451299667358398,15.600000381469727,14.755791664123535,52414
2021-02-05,15.720000267028809,15.720000267028809,15.621700286865234,15.699999809265137,14.85037899017334,66168
2021-02-08,15.75,15.754199981689453,15.479999542236328,15.649999618530273,14.803086280822754,124513
2021-02-09,15.649999618530273,15.670000076293945,15.529999732971191,15.600000381469727,14.755791664123535,64064
2021-02-10,15.710000038146973,15.710000038146973,15.539999961853027,15.640000343322754,14.793627738952637,48582
2021-02-11,15.710000038146973,15.710000038146973,15.479999542236328,15.579999923706055,14.7368745803833,58205
2021-02-12,15.5,15.670000076293945,15.5,15.65999984741211,14.812544822692871,64912
2021-02-16,15.770000457763672,15.819999694824219,15.65999984741211,15.819999694824219,14.963886260986328,47853
2021-02-17,15.829999923706055,15.90999984741211,15.760000228881836,15.869999885559082,15.01117992401123,38763
2021-02-18,15.869999885559082,15.869999885559082,15.75,15.8100004196167,14.954428672790527,89198
2021-02-19,15.9399995803833,15.9399995803833,15.779999732971191,15.800000190734863,14.944969177246094,78429
2021-02-22,15.649999618530273,15.800000190734863,15.632499694824219,15.6899995803833,14.840921401977539,45991
2021-02-23,15.670000076293945,15.8100004196167,15.510000228881836,15.739999771118164,14.888215065002441,58597
2021-02-24,15.649999618530273,15.890000343322754,15.649999618530273,15.779999732971191,14.92604923248291,41628
2021-02-25,15.8100004196167,15.859999656677246,15.550000190734863,15.569999694824219,14.727416038513184,32630
2021-02-26,15.720000267028809,15.720000267028809,15.5,15.579999923706055,14.7368745803833,47112
2021-03-01,15.75,15.970000267028809,15.75,15.949999809265137,15.086851119995117,49228
2021-03-02,15.970000267028809,16.010000228881836,15.899999618530273,15.989999771118164,15.124686241149902,46806
2021-03-03,15.989999771118164,15.999500274658203,15.880000114440918,15.90999984741211,15.049015045166016,52017
2021-03-04,15.899999618530273,16.0,15.593099594116211,15.65999984741211,14.812544822692871,89860
2021-03-05,15.75,15.779999732971191,15.399999618530273,15.739999771118164,14.888215065002441,30239
2021-03-08,15.75,15.960000038146973,15.75,15.869999885559082,15.01117992401123,47245
2021-03-09,16.0,16.139999389648438,15.926199913024902,16.079999923706055,15.209815979003906,39204
2021-03-10,16.149999618530273,16.25,16.100000381469727,16.190000534057617,15.313863754272461,47344
2021-03-11,16.260000228881836,16.350000381469727,16.25,16.299999237060547,15.4179105758667,44044
2021-03-12,16.06999969482422,16.101999282836914,16.030000686645508,16.049999237060547,15.413108825683594,46328
2021-03-15,16.09000015258789,16.15999984741211,16.09000015258789,16.1299991607666,15.489933967590332,39013
2021-03-16,16.18000030517578,16.209999084472656,16.15999984741211,16.190000534057617,15.547554016113281,30942
2021-03-17,16.15999984741211,16.203699111938477,16.111299514770508,16.18000030517578,15.537951469421387,29729
2021-03-18,16.18000030517578,16.18000030517578,16.0,16.020000457763672,15.384300231933594,48884
2021-03-19,16.0,16.079999923706055,15.960000038146973,16.065000534057617,15.42751407623291,21977
2021-03-22,16.049999237060547,16.138599395751953,16.049999237060547,16.110000610351562,15.470728874206543,39580
2021-03-23,16.030000686645508,16.149999618530273,16.030000686645508,16.06999969482422,15.4323148727417,32135
2021-03-24,16.149999618530273,16.280000686645508,16.110000610351562,16.1200008392334,15.480332374572754,55880
2021-03-25,16.1299991607666,16.149999618530273,16.031999588012695,16.1299991607666,15.489933967590332,35568
2021-03-26,16.18000030517578,16.280000686645508,16.139999389648438,16.260000228881836,15.614776611328125,23980
2021-03-29,16.299999237060547,16.350000381469727,16.219999313354492,16.290000915527344,15.643586158752441,36787
2021-03-30,16.34000015258789,16.34000015258789,16.290000915527344,16.309999465942383,15.66279125213623,37435
2021-03-31,16.350000381469727,16.56999969482422,16.350000381469727,16.530000686645508,15.874062538146973,65338
2021-04-01,16.65999984741211,16.670000076293945,16.420000076293945,16.56999969482422,15.9124755859375,104079
2021-04-05,16.479999542236328,16.670000076293945,16.479999542236328,16.610000610351562,15.950887680053711,95034
2021-04-06,16.75,16.760000228881836,16.65999984741211,16.65999984741211,15.99890422821045,84132
2021-04-07,16.75,16.950000762939453,16.709999084472656,16.790000915527344,16.12374496459961,184943
2021-04-08,16.920000076293945,17.0,16.899999618530273,16.940000534057617,16.267793655395508,49741
2021-04-09,17.020000457763672,17.09000015258789,16.967500686645508,17.09000015258789,16.41183853149414,60173
2021-04-12,17.09000015258789,17.209999084472656,17.049999237060547,17.184999465942383,16.503070831298828,79786
2021-04-13,17.18000030517578,17.299999237060547,17.139999389648438,17.299999237060547,16.613506317138672,51440
2021-04-14,17.360000610351562,17.384700775146484,17.09000015258789,17.09000015258789,16.41183853149414,68013
2021-04-15,17.209999084472656,17.299999237060547,17.170000076293945,17.219999313354492,16.536680221557617,38395
2021-04-16,17.309999465942383,17.350000381469727,17.260000228881836,17.290000915527344,16.603904724121094,38803
2021-04-19,17.350000381469727,17.350000381469727,17.25040054321289,17.290000915527344,16.603904724121094,24953
2021-04-20,17.329999923706055,17.329999923706055,17.135000228881836,17.280000686645508,16.594301223754883,39958
2021-04-21,17.170000076293945,17.299999237060547,17.06999969482422,17.219999313354492,16.536680221557617,130295
2021-04-22,17.25,17.257099151611328,17.09000015258789,17.1299991607666,16.450252532958984,40019
2021-04-23,17.139999389648438,17.15999984741211,17.1200008392334,17.149200439453125,16.468690872192383,60947
2021-04-26,17.200000762939453,17.200000762939453,17.100000381469727,17.1299991607666,16.450252532958984,45525
2021-04-27,17.1299991607666,17.15999984741211,17.049999237060547,17.139999389648438,16.459857940673828,58224
2021-04-28,17.170000076293945,17.209999084472656,17.1200008392334,17.1200008392334,16.440650939941406,53391
2021-04-29,17.270000457763672,17.299999237060547,17.110000610351562,17.200000762939453,16.51747703552246,37948
2021-04-30,17.200000762939453,17.209999084472656,17.160400390625,17.200000762939453,16.51747703552246,24590
2021-05-03,17.25,17.290000915527344,17.200000762939453,17.219999313354492,16.536680221557617,70784
2021-05-04,17.18000030517578,17.212400436401367,17.030000686645508,17.09000015258789,16.41183853149414,89370
2021-05-05,17.139999389648438,17.239999771118164,17.172000885009766,17.200000762939453,16.51747703552246,13624
2021-05-06,17.190000534057617,17.229999542236328,17.1299991607666,17.209999084472656,16.527076721191406,40100
2021-05-07,17.270000457763672,17.350000381469727,17.216400146484375,17.349700927734375,16.661235809326172,31252
2021-05-10,17.3700008392334,17.399999618530273,17.139999389648438,17.18000030517578,16.498268127441406,60083
2021-05-11,17.06999969482422,17.06999969482422,16.809999465942383,16.940000534057617,16.267793655395508,54487
2021-05-12,16.799999237060547,16.920000076293945,16.549999237060547,16.56999969482422,15.9124755859375,74969
2021-05-13,16.59000015258789,16.760000228881836,16.59000015258789,16.649999618530273,15.989300727844238,42681
2021-05-14,16.729999542236328,16.91990089416504,16.729999542236328,16.8700008392334,16.200571060180664,42241
2021-05-17,16.8700008392334,17.0,16.86549949645996,17.0,16.32541275024414,29029
2021-05-18,17.059999465942383,17.299999237060547,17.000999450683594,17.1200008392334,16.440650939941406,89921
2021-05-19,17.0,17.68000030517578,16.899999618530273,17.170000076293945,16.488664627075195,45472
2021-05-20,17.18000030517578,17.3700008392334,17.18000030517578,17.350000381469727,16.661523818969727,55962
2021-05-21,17.5,17.530000686645508,17.350000381469727,17.360000610351562,16.671127319335938,26548
2021-05-24,17.549999237060547,17.799999237060547,17.469999313354492,17.520000457763672,16.824777603149414,198953
2021-05-25,17.65999984741211,17.65999984741211,17.5,17.530000686645508,16.834381103515625,58370
2021-05-26,17.600000381469727,17.729999542236328,17.549999237060547,17.670000076293945,16.96882438659668,63307
2021-05-27,17.729999542236328,17.81999969482422,17.649999618530273,17.719999313354492,17.016841888427734,47163
2021-05-28,17.899999618530273,17.899999618530273,17.729999542236328,17.780000686645508,17.074460983276367,45943
2021-06-01,17.899999618530273,17.899999618530273,17.739999771118164,17.84000015258789,17.132078170776367,29457
2021-06-02,17.959999084472656,18.209999084472656,17.860000610351562,18.059999465942383,17.343347549438477,61834
2021-06-03,18.0,18.049999237060547,17.899999618530273,17.979999542236328,17.266523361206055,22643
2021-06-04,18.030000686645508,18.15999984741211,18.030000686645508,18.1200008392334,17.400968551635742,24708
2021-06-07,18.239999771118164,18.239999771118164,18.031999588012695,18.06999969482422,17.352951049804688,34547
2021-06-08,18.5,18.5,18.06999969482422,18.079999923706055,17.3625545501709,59454
2021-06-09,18.079999923706055,18.420000076293945,18.079999923706055,18.170000076293945,17.448984146118164,29320
2021-06-10,18.280000686645508,18.489999771118164,18.280000686645508,18.440000534057617,17.708271026611328,36987
2021-06-11,18.610000610351562,18.93000030517578,18.45599937438965,18.700000762939453,17.95795249938965,51651
2021-06-14,18.5,18.90999984741211,18.350000381469727,18.90999984741211,18.400697708129883,36434
2021-06-15,18.90999984741211,19.34000015258789,18.90999984741211,19.06999969482422,18.55638885498047,80257
2021-06-16,18.93000030517578,18.989999771118164,18.299999237060547,18.329999923706055,17.836318969726562,84256
2021-06-17,18.350000381469727,18.406600952148438,18.06999969482422,18.110000610351562,17.62224578857422,35835
2021-06-18,17.920000076293945,18.027000427246094,17.770000457763672,17.799999237060547,17.320592880249023,42343
2021-06-21,17.93000030517578,18.014999389648438,17.8700008392334,17.950000762939453,17.466554641723633,35364
2021-06-22,17.979999542236328,18.17530059814453,17.940000534057617,18.149999618530273,17.661165237426758,46572
2021-06-23,18.149999618530273,18.149999618530273,17.989999771118164,18.030000686645508,17.54439926147461,46628
2021-06-24,18.1200008392334,18.350000381469727,18.040000915527344,18.309999465942383,17.816856384277344,42691
2021-06-25,18.440000534057617,18.440000534057617,18.06999969482422,18.31999969482422,17.826587677001953,34488
2021-06-28,18.40999984741211,18.415000915527344,18.24799919128418,18.289899826049805,17.797298431396484,30791
2021-06-29,18.350000381469727,18.350000381469727,18.190000534057617,18.219999313354492,17.729280471801758,39559
2021-06-30,18.309999465942383,18.389999389648438,18.110000610351562,18.110000610351562,17.62224578857422,99221
2021-07-01,18.280000686645508,18.350000381469727,18.190000534057617,18.209999084472656,17.71955108642578,63318
2021-07-02,18.309999465942383,18.318500518798828,18.209999084472656,18.25,17.758474349975586,33674
2021-07-06,18.270000457763672,18.295000076293945,18.065000534057617,18.1200008392334,17.631977081298828,52598
2021-07-07,18.149999618530273,18.218900680541992,18.038700103759766,18.100000381469727,17.61251449584961,39420
2021-07-08,18.079999923706055,18.079999923706055,17.8799991607666,18.040000915527344,17.55413055419922,46988
2021-07-09,18.1299991607666,18.260000228881836,18.1200008392334,18.190000534057617,17.700090408325195,33966
2021-07-12,18.139999389648438,18.219999313354492,18.06999969482422,18.1200008392334,17.631977081298828,50706
2021-07-13,18.190000534057617,18.25,18.1299991607666,18.190000534057617,17.700090408325195,42795
2021-07-14,18.239999771118164,18.420000076293945,18.239999771118164,18.420000076293945,17.92389488220215,43806
2021-07-15,18.459999084472656,18.459999084472656,18.299999237060547,18.360000610351562,17.86551284790039,30379
2021-07-16,18.399999618530273,18.399999618530273,18.209999084472656,18.270000457763672,17.777935028076172,33951
2021-07-19,18.260000228881836,18.280000686645508,17.860000610351562,18.049999237060547,17.563859939575195,42884
2021-07-20,18.06999969482422,18.34000015258789,18.049999237060547,18.31999969482422,17.826587677001953,30389
2021-07-21,18.239999771118164,18.420000076293945,18.21500015258789,18.260000228881836,17.768205642700195,60265
2021-07-22,18.15999984741211,18.28420066833496,18.15999984741211,18.190000534057617,17.700090408325195,39684
2021-07-23,18.260000228881836,18.3799991607666,18.260000228881836,18.3799991607666,17.884971618652344,30526
2021-07-26,18.389999389648438,18.389999389648438,18.219999313354492,18.31999969482422,17.826587677001953,34660
2021-07-27,18.31999969482422,18.31999969482422,18.110000610351562,18.18000030517578,17.690359115600586,20999
2021-07-28,18.170000076293945,18.270000457763672,18.170000076293945,18.229999542236328,17.739011764526367,24133
2021-07-29,18.209999084472656,18.299999237060547,18.170000076293945,18.209999084472656,17.71955108642578,42347
2021-07-30,18.110000610351562,18.189899444580078,18.110000610351562,18.15999984741211,17.670896530151367,10025
2021-08-02,18.15999984741211,18.18000030517578,18.09000015258789,18.09000015258789,17.602783203125,25721
2021-08-03,18.09000015258789,18.110000610351562,18.020000457763672,18.100000381469727,17.61251449584961,25379
2021-08-04,18.040000915527344,18.100000381469727,18.010000228881836,18.059999465942383,17.573589324951172,23346
2021-08-05,18.100000381469727,18.149999618530273,18.06999969482422,18.100000381469727,17.61251449584961,21624
2021-08-06,18.100000381469727,18.200000762939453,18.100000381469727,18.1200008392334,17.631977081298828,21602
2021-08-09,18.15999984741211,18.20709991455078,18.139999389648438,18.200000762939453,17.709821701049805,17998
2021-08-10,18.219999313354492,18.259599685668945,18.170000076293945,18.190000534057617,17.700090408325195,24407
2021-08-11,18.270000457763672,18.329999923706055,18.260000228881836,18.270000457763672,17.777935028076172,14958
2021-08-12,18.25,18.280000686645508,18.240800857543945,18.280000686645508,17.78766632080078,59100
2021-08-13,18.280000686645508,18.309999465942383,18.219999313354492,18.260000228881836,17.768205642700195,21304
2021-08-16,18.260000228881836,18.260000228881836,18.209999084472656,18.260000228881836,17.768205642700195,46306
2021-08-17,18.1299991607666,18.260000228881836,18.1299991607666,18.229999542236328,17.739011764526367,29748
2021-08-18,18.139999389648438,18.329999923706055,18.139999389648438,18.190000534057617,17.700090408325195,33028
2021-08-19,18.100000381469727,18.18000030517578,18.06999969482422,18.110000610351562,17.62224578857422,19425
2021-08-20,18.1200008392334,18.219999313354492,18.070899963378906,18.18000030517578,17.690359115600586,86885
2021-08-23,18.290000915527344,18.34000015258789,18.221599578857422,18.299999237060547,17.807125091552734,48902
2021-08-24,18.229999542236328,18.299999237060547,18.229999542236328,18.280000686645508,17.78766632080078,37514
2021-08-25,18.280000686645508,18.299999237060547,18.239999771118164,18.239999771118164,17.748743057250977,31375
2021-08-26,18.209999084472656,18.249000549316406,18.1200008392334,18.139999389648438,17.65143585205078,33187
2021-08-27,18.170000076293945,18.229999542236328,18.15999984741211,18.200000762939453,17.709821701049805,41268
2021-08-30,18.209999084472656,18.270000457763672,18.100000381469727,18.200000762939453,17.709821701049805,59946
2021-08-31,18.149999618530273,18.229999542236328,18.149999618530273,18.190000534057617,17.700090408325195,35544
2021-09-01,18.299999237060547,18.299999237060547,18.149999618530273,18.15999984741211,17.670896530151367,27433
2021-09-02,18.229999542236328,18.239999771118164,18.139999389648438,18.200000762939453,17.709821701049805,38970
2021-09-03,18.190000534057617,18.226999282836914,18.139999389648438,18.200000762939453,17.709821701049805,20118
2021-09-07,18.200000762939453,18.260000228881836,18.149999618530273,18.209999084472656,17.71955108642578,20530
2021-09-08,18.200000762939453,18.239999771118164,18.150100708007812,18.200000762939453,17.709821701049805,34656
2021-09-09,18.200000762939453,18.260000228881836,18.100000381469727,18.110000610351562,17.62224578857422,39690
2021-09-10,18.280000686645508,18.280000686645508,18.09000015258789,18.139999389648438,17.65143585205078,28442
2021-09-13,18.239999771118164,18.239999771118164,18.059999465942383,18.059999465942383,17.573589324951172,28458
2021-09-14,17.959999084472656,17.9606990814209,17.760000228881836,17.809999465942383,17.56865882873535,24585
2021-09-15,17.809999465942383,17.860000610351562,17.719999313354492,17.860000610351562,17.617982864379883,31655
2021-09-16,17.809999465942383,17.825000762939453,17.72010040283203,17.770000457763672,17.52920150756836,32083
2021-09-17,17.770000457763672,17.790000915527344,17.579999923706055,17.6200008392334,17.381235122680664,34698
2021-09-20,17.440000534057617,17.469999313354492,17.0,17.209999084472656,16.976787567138672,75952
2021-09-21,17.190000534057617,17.350000381469727,17.13010025024414,17.170000076293945,16.937332153320312,53625
2021-09-22,17.239999771118164,17.350000381469727,17.239999771118164,17.34000015258789,17.10502815246582,36237
2021-09-23,17.329999923706055,17.559999465942383,17.329999923706055,17.469999313354492,17.233264923095703,30920
2021-09-24,17.459999084472656,17.510000228881836,17.439199447631836,17.459999084472656,17.223400115966797,22759
2021-09-27,17.479999542236328,17.530000686645508,17.34000015258789,17.350000381469727,17.114892959594727,31787
2021-09-28,17.299999237060547,17.329999923706055,17.040000915527344,17.079999923706055,16.84855079650879,50722
2021-09-29,17.15999984741211,17.329999923706055,17.040000915527344,17.1200008392334,16.888010025024414,86121
2021-09-30,17.1200008392334,17.200000762939453,17.040000915527344,17.09000015258789,16.858415603637695,45944
2021-10-01,17.18000030517578,17.219999313354492,16.989299774169922,17.190000534057617,16.957061767578125,55839
2021-10-04,17.200000762939453,17.209999084472656,16.889999389648438,16.979999542236328,16.749906539916992,45001
2021-10-05,16.989999771118164,17.170000076293945,16.989999771118164,17.100000381469727,16.8682804107666,48664
2021-10-06,17.079999923706055,17.125,16.8799991607666,17.100000381469727,16.8682804107666,25158
2021-10-07,17.229999542236328,17.469999313354492,17.18000030517578,17.3799991607666,17.144485473632812,25532
2021-10-08,17.420000076293945,17.440000534057617,17.31999969482422,17.360000610351562,17.124757766723633,10867
2021-10-11,17.40999984741211,17.469999313354492,17.343799591064453,17.389999389648438,17.15435028076172,58370
2021-10-12,17.469999313354492,17.469999313354492,17.25,17.260000228881836,17.026111602783203,22099
2021-10-13,17.309999465942383,17.341899871826172,17.209999084472656,17.260000228881836,17.026111602783203,23913
2021-10-14,17.43000030517578,17.579999923706055,17.43000030517578,17.559999465942383,17.322046279907227,18305
2021-10-15,17.6299991607666,17.729999542236328,17.6200008392334,17.649999618530273,17.410825729370117,20353
2021-10-18,17.6200008392334,17.699800491333008,17.59000015258789,17.649999618530273,17.410825729370117,37784
2021-10-19,17.729999542236328,17.899999618530273,17.680400848388672,17.8700008392334,17.627845764160156,62302
2021-10-20,17.8799991607666,17.959999084472656,17.760000228881836,17.780000686645508,17.539066314697266,60497
2021-10-21,17.81999969482422,17.81999969482422,17.684999465942383,17.760000228881836,17.519336700439453,26677
2021-10-22,17.799999237060547,17.959999084472656,17.780000686645508,17.940000534057617,17.696897506713867,55399
2021-10-25,17.989999771118164,18.0,17.860000610351562,17.979999542236328,17.73635482788086,13406
2021-10-26,18.0,18.079999923706055,17.979999542236328,18.049999237060547,17.80540657043457,47172
2021-10-27,18.040000915527344,18.079999923706055,17.969999313354492,17.969999313354492,17.726490020751953,26650
2021-10-28,18.010000228881836,18.049999237060547,17.98940086364746,18.030000686645508,17.78567886352539,23530
2021-10-29,17.899999618530273,18.079999923706055,17.889999389648438,18.079999923706055,17.83500099182129,34267
2021-11-01,18.059999465942383,18.084999084472656,17.947900772094727,18.010000228881836,17.765949249267578,44954
2021-11-02,18.059999465942383,18.149999618530273,18.03499984741211,18.079999923706055,17.83500099182129,33903
2021-11-03,18.100000381469727,18.1200008392334,18.010000228881836,18.11989974975586,17.874359130859375,39364
2021-11-04,18.1200008392334,18.18899917602539,18.049299240112305,18.1200008392334,17.87445831298828,32733
2021-11-05,18.1299991607666,18.280000686645508,18.1200008392334,18.200000762939453,17.9533748626709,31846
2021-11-08,18.200000762939453,18.235000610351562,18.110000610351562,18.190000534057617,17.943510055541992,66280
2021-11-09,18.149999618530273,18.209999084472656,18.049999237060547,18.139699935913086,17.893890380859375,61533
2021-11-10,18.1299991607666,18.270000457763672,18.049400329589844,18.059999465942383,17.815271377563477,57653
2021-11-11,18.1299991607666,18.25,18.1200008392334,18.1299991607666,17.884321212768555,22082
2021-11-12,18.15999984741211,18.270000457763672,18.15999984741211,18.229999542236328,17.982967376708984,25236
2021-11-15,18.350000381469727,18.350000381469727,18.15999984741211,18.170000076293945,17.92378044128418,26849
2021-11-16,18.229999542236328,18.309999465942383,18.191299438476562,18.260000228881836,18.012561798095703,32269
2021-11-17,18.190000534057617,18.229999542236328,18.1299991607666,18.1299991607666,17.884321212768555,29044
2021-11-18,18.209999084472656,18.290000915527344,18.149999618530273,18.170000076293945,17.92378044128418,45984
2021-11-19,18.170000076293945,18.190000534057617,18.1200008392334,18.139999389648438,17.89418601989746,24715
2021-11-22,18.25,18.309999465942383,18.1200008392334,18.1299991607666,17.884321212768555,29381
2021-11-23,18.06999969482422,18.171100616455078,17.959999084472656,18.1299991607666,17.884321212768555,28920
2021-11-24,18.110000610351562,18.15999984741211,17.959999084472656,18.149999618530273,17.904050827026367,22346
2021-11-26,17.8799991607666,17.8799991607666,17.649999618530273,17.799999237060547,17.558794021606445,39403
2021-11-29,17.850000381469727,18.059999465942383,17.780000686645508,17.93000030517578,17.68703269958496,48757
2021-11-30,17.889999389648438,17.949899673461914,17.65999984741211,17.729999542236328,17.489742279052734,28493
2021-12-01,17.809999465942383,17.959400177001953,17.6299991607666,17.6299991607666,17.391098022460938,51672
2021-12-02,17.6200008392334,17.709999084472656,17.5,17.610000610351562,17.371370315551758,52159
2021-12-03,17.649999618530273,17.719999313354492,17.31999969482422,17.43000030517578,17.19380760192871,59065
2021-12-06,17.559999465942383,17.75,17.43000030517578,17.600000381469727,17.36150550842285,55337
2021-12-07,18.030000686645508,18.1299991607666,17.80900001525879,17.950000762939453,17.706762313842773,26956
2021-12-08,18.200000762939453,18.200000762939453,17.959999084472656,18.040000915527344,17.795543670654297,38218
2021-12-09,18.200000762939453,18.209999084472656,17.950000762939453,18.149999618530273,17.904050827026367,98895
2021-12-10,18.149999618530273,18.231399536132812,18.030000686645508,18.06999969482422,17.825136184692383,40313
2021-12-13,18.139999389648438,18.190000534057617,18.030000686645508,18.079999923706055,17.83500099182129,46535
2021-12-14,17.739999771118164,17.809999465942383,17.729999542236328,17.809999465942383,17.809999465942383,54924
2021-12-15,17.989999771118164,17.989999771118164,17.705400466918945,17.899999618530273,17.899999618530273,29721
2021-12-16,18.049999237060547,18.09000015258789,17.820199966430664,17.8799991607666,17.8799991607666,38485
2021-12-17,17.969999313354492,17.969999313354492,17.6968994140625,17.860000610351562,17.860000610351562,30188
2021-12-20,17.610000610351562,17.729999542236328,17.350000381469727,17.40999984741211,17.40999984741211,69814
2021-12-21,17.59000015258789,17.700000762939453,17.5,17.65999984741211,17.65999984741211,43252
2021-12-22,17.729999542236328,17.84000015258789,17.725000381469727,17.770000457763672,17.770000457763672,34728
2021-12-23,17.84000015258789,18.049999237060547,17.84000015258789,18.020000457763672,18.020000457763672,18973
2021-12-27,18.06999969482422,18.28499984741211,18.059999465942383,18.239999771118164,18.239999771118164,46992
2021-12-28,18.290000915527344,18.329999923706055,18.170000076293945,18.219999313354492,18.219999313354492,20916
2021-12-29,18.299999237060547,18.479999542236328,18.24410057067871,18.479999542236328,18.479999542236328,50033
2021-12-30,18.5,18.579999923706055,18.44379997253418,18.56999969482422,18.56999969482422,37092
2021-12-31,18.6200008392334,18.690000534057617,18.389999389648438,18.600000381469727,18.600000381469727,95277
2022-01-03,18.670000076293945,18.670000076293945,18.5,18.649999618530273,18.649999618530273,48288
2022-01-04,18.84000015258789,18.860000610351562,18.531400680541992,18.549999237060547,18.549999237060547,43853
2022-01-05,18.530000686645508,18.540000915527344,18.260000228881836,18.34000015258789,18.34000015258789,46467
2022-01-06,18.34000015258789,18.440000534057617,18.290000915527344,18.440000534057617,18.440000534057617,55829
2022-01-07,18.549999237060547,18.549999237060547,18.3700008392334,18.440000534057617,18.440000534057617,44596
2022-01-10,18.479999542236328,18.479999542236328,18.260000228881836,18.440000534057617,18.440000534057617,235719
2022-01-11,18.479999542236328,18.649999618530273,18.421600341796875,18.649999618530273,18.649999618530273,44733
2022-01-12,18.780000686645508,18.850000381469727,18.65999984741211,18.81999969482422,18.81999969482422,85671
2022-01-13,18.920000076293945,18.920000076293945,18.549999237060547,18.600000381469727,18.600000381469727,43084
2022-01-14,18.56999969482422,18.65999984741211,18.270000457763672,18.420000076293945,18.420000076293945,58931
2022-01-18,18.31999969482422,18.329999923706055,18.174999237060547,18.209999084472656,18.209999084472656,61980
2022-01-19,18.309999465942383,18.36199951171875,18.190000534057617,18.209999084472656,18.209999084472656,58194
2022-01-20,18.31999969482422,18.41510009765625,18.110000610351562,18.1200008392334,18.1200008392334,21939
2022-01-21,18.100000381469727,18.1299991607666,17.134000778198242,17.260000228881836,17.260000228881836,210413
2022-01-24,16.979999542236328,17.020000457763672,15.920000076293945,16.899999618530273,16.899999618530273,263659
2022-01-25,16.729999542236328,16.96500015258789,16.540000915527344,16.84000015258789,16.84000015258789,72204
2022-01-26,17.020000457763672,17.18000030517578,16.700000762939453,16.90999984741211,16.90999984741211,69781
2022-01-27,17.010000228881836,17.222999572753906,16.75,16.829999923706055,16.829999923706055,105109
2022-01-28,16.8700008392334,17.18000030517578,16.579999923706055,17.15999984741211,17.15999984741211,116834
2022-01-31,17.149999618530273,17.520000457763672,17.149999618530273,17.520000457763672,17.520000457763672,36320
2022-02-01,17.540000915527344,17.65999984741211,17.520000457763672,17.600000381469727,17.600000381469727,36755
2022-02-02,17.639999389648438,17.799999237060547,17.639999389648438,17.760000228881836,17.760000228881836,34456
2022-02-03,17.610000610351562,17.700000762939453,17.479999542236328,17.540000915527344,17.540000915527344,61453
2022-02-04,17.469999313354492,17.670000076293945,17.440000534057617,17.6299991607666,17.6299991607666,53895
2022-02-07,17.700000762939453,17.700000762939453,17.561399459838867,17.610000610351562,17.610000610351562,33452
2022-02-08,17.579999923706055,17.68000030517578,17.53499984741211,17.649999618530273,17.649999618530273,24643
2022-02-09,17.829999923706055,17.934200286865234,17.719999313354492,17.8799991607666,17.8799991607666,34361
2022-02-10,17.75,17.889999389648438,17.524999618530273,17.56999969482422,17.56999969482422,31912
2022-02-11,17.6200008392334,17.719999313354492,17.219999313354492,17.280000686645508,17.280000686645508,28903
2022-02-14,17.280000686645508,17.329999923706055,17.06999969482422,17.139999389648438,17.139999389648438,37548
2022-02-15,17.3700008392334,17.449499130249023,17.299999237060547,17.350000381469727,17.350000381469727,27961
2022-02-16,17.350000381469727,17.579999923706055,17.25,17.5,17.5,28798
2022-02-17,17.5,17.5,17.209999084472656,17.209999084472656,17.209999084472656,37665
2022-02-18,17.229999542236328,17.260000228881836,17.0,17.1299991607666,17.1299991607666,24760
2022-02-22,17.09000015258789,17.1200008392334,16.709999084472656,16.780000686645508,16.780000686645508,57702
2022-02-23,16.8700008392334,16.950000762939453,16.459999084472656,16.479999542236328,16.479999542236328,36117
2022-02-24,16.290000915527344,16.790000915527344,16.149999618530273,16.729999542236328,16.729999542236328,76369
2022-02-25,16.81999969482422,17.18000030517578,16.75,17.079999923706055,17.079999923706055,44907
2022-02-28,16.90999984741211,17.174999237060547,16.889999389648438,17.049999237060547,17.049999237060547,29784
2022-03-01,17.059999465942383,17.184999465942383,16.829999923706055,16.90999984741211,16.90999984741211,34639
2022-03-02,17.0,17.34000015258789,17.0,17.309999465942383,17.309999465942383,39939
2022-03-03,17.420000076293945,17.420000076293945,17.128799438476562,17.260000228881836,17.260000228881836,12372
2022-03-04,17.110000610351562,17.1299991607666,16.93000030517578,17.110000610351562,17.110000610351562,30975
2022-03-07,17.149999618530273,17.68709945678711,16.649999618530273,16.719999313354492,16.719999313354492,31470
2022-03-08,16.790000915527344,16.979999542236328,16.576499938964844,16.719999313354492,16.719999313354492,54110
2022-03-09,17.309999465942383,17.309999465942383,16.899999618530273,17.040000915527344,17.040000915527344,24863
2022-03-10,16.989999771118164,17.030000686645508,16.780000686645508,17.010000228881836,17.010000228881836,23844
2022-03-11,17.3700008392334,17.3700008392334,17.016700744628906,17.079999923706055,17.079999923706055,28090
2022-03-14,16.799999237060547,17.5,16.5,16.5,16.5,47031
2022-03-15,16.559999465942383,17.026399612426758,16.559999465942383,16.700000762939453,16.700000762939453,33170
2022-03-16,16.809999465942383,17.11989974975586,16.709999084472656,16.93000030517578,16.93000030517578,22981
2022-03-17,16.889999389648438,17.299999237060547,16.889999389648438,17.229999542236328,17.229999542236328,31325
2022-03-18,17.209999084472656,17.56999969482422,17.209999084472656,17.469999313354492,17.469999313354492,13234
2022-03-21,17.600000381469727,17.690000534057617,17.450000762939453,17.6200008392334,17.6200008392334,35268
2022-03-22,17.6299991607666,17.889999389648438,17.6299991607666,17.84000015258789,17.84000015258789,28861
2022-03-23,17.790000915527344,17.940000534057617,17.670000076293945,17.670000076293945,17.670000076293945,31018
2022-03-24,17.829999923706055,17.948999404907227,17.730100631713867,17.8700008392334,17.8700008392334,34371
2022-03-25,17.969999313354492,18.0,17.594999313354492,17.68000030517578,17.68000030517578,37655
2022-03-28,17.729999542236328,17.729999542236328,17.5,17.709999084472656,17.709999084472656,121923
2022-03-29,17.93000030517578,17.93000030517578,17.7450008392334,17.90999984741211,17.90999984741211,51167
2022-03-30,17.920000076293945,18.09000015258789,17.799999237060547,18.09000015258789,18.09000015258789,64373
2022-03-31,18.18000030517578,18.18000030517578,17.90999984741211,17.969999313354492,17.969999313354492,98598
2022-04-01,18.06999969482422,18.190000534057617,18.053800582885742,18.18000030517578,18.18000030517578,56687
2022-04-04,18.010000228881836,18.235000610351562,18.010000228881836,18.139999389648438,18.139999389648438,51247
2022-04-05,18.079999923706055,18.229999542236328,17.760000228881836,17.809999465942383,17.809999465942383,52986
2022-04-06,17.719999313354492,17.809999465942383,17.600000381469727,17.770000457763672,17.770000457763672,27133
2022-04-07,17.829999923706055,17.979999542236328,17.770000457763672,17.8700008392334,17.8700008392334,44255
2022-04-08,17.940000534057617,17.969999313354492,17.670000076293945,17.670000076293945,17.670000076293945,27301
2022-04-11,17.6200008392334,17.969999313354492,17.450000762939453,17.5,17.5,47137
2022-04-12,17.6200008392334,17.670000076293945,17.3799991607666,17.389999389648438,17.389999389648438,39073
2022-04-13,17.520000457763672,17.719999313354492,17.443099975585938,17.639999389648438,17.639999389648438,42998
2022-04-14,17.68000030517578,17.789600372314453,17.40999984741211,17.40999984741211,17.40999984741211,30974
2022-04-18,17.3799991607666,17.510000228881836,17.31999969482422,17.34000015258789,17.34000015258789,11744
2022-04-19,17.350000381469727,17.68000030517578,17.350000381469727,17.6299991607666,17.6299991607666,12065
2022-04-20,17.649999618530273,17.766700744628906,17.59000015258789,17.600000381469727,17.600000381469727,34640
2022-04-21,17.700000762939453,17.760000228881836,17.40999984741211,17.525299072265625,17.525299072265625,29808
2022-04-22,17.489999771118164,17.670000076293945,17.1299991607666,17.139999389648438,17.139999389648438,55864
2022-04-25,17.06999969482422,17.200000762939453,16.90999984741211,17.18000030517578,17.18000030517578,65842
2022-04-26,17.149999618530273,17.197900772094727,16.84000015258789,16.84000015258789,16.84000015258789,30437
2022-04-27,16.829999923706055,17.0,16.81060028076172,16.81999969482422,16.81999969482422,16892
2022-04-28,16.969999313354492,17.260000228881836,16.920000076293945,17.219999313354492,17.219999313354492,19329
2022-04-29,17.1299991607666,17.274999618530273,16.83009910583496,16.8700008392334,16.8700008392334,36874
2022-05-02,16.780000686645508,16.948400497436523,16.510000228881836,16.790000915527344,16.790000915527344,49248
2022-05-03,16.790000915527344,16.8700008392334,16.77910041809082,16.809999465942383,16.809999465942383,47720
2022-05-04,16.93000030517578,17.269899368286133,16.67060089111328,17.200000762939453,17.200000762939453,21581
2022-05-05,17.09000015258789,17.093000411987305,16.65999984741211,16.719999313354492,16.719999313354492,39703
2022-05-06,16.690000534057617,16.729999542236328,16.5,16.6200008392334,16.6200008392334,38451
2022-05-09,16.440000534057617,16.530000686645508,15.899999618530273,15.960000038146973,15.960000038146973,74521
2022-05-10,16.309999465942383,16.309999465942383,15.875,15.880000114440918,15.880000114440918,41587
2022-05-11,15.90999984741211,16.469999313354492,15.569999694824219,15.569999694824219,15.569999694824219,55782
2022-05-12,15.520000457763672,15.649999618530273,14.880000114440918,15.180000305175781,15.180000305175781,163878
2022-05-13,15.25,15.600899696350098,15.25,15.5600004196167,15.5600004196167,70123
2022-05-16,15.65999984741211,15.789999961853027,15.460000038146973,15.65999984741211,15.65999984741211,68795
2022-05-17,15.90999984741211,16.200000762939453,15.810999870300293,16.18000030517578,16.18000030517578,56283
2022-05-18,16.1200008392334,16.1200008392334,15.756199836730957,15.859999656677246,15.859999656677246,91063
2022-05-19,15.850000381469727,15.859999656677246,15.699999809265137,15.779999732971191,15.779999732971191,55204
2022-05-20,15.880000114440918,15.930000305175781,15.359999656677246,15.619999885559082,15.619999885559082,85703
2022-05-23,15.720000267028809,15.979999542236328,15.720000267028809,15.869999885559082,15.869999885559082,77780
2022-05-24,15.819999694824219,15.850000381469727,15.550000190734863,15.789999961853027,15.789999961853027,75948
2022-05-25,15.850000381469727,16.09000015258789,15.805899620056152,16.040000915527344,16.040000915527344,117302
2022-05-26,16.1200008392334,16.374900817871094,16.095199584960938,16.360000610351562,16.360000610351562,125324
2022-05-27,16.450000762939453,16.579999923706055,16.3799991607666,16.549999237060547,16.549999237060547,73657
2022-05-31,16.6299991607666,16.68000030517578,16.420000076293945,16.559999465942383,16.559999465942383,90275
2022-06-01,16.719999313354492,16.760000228881836,16.459999084472656,16.549999237060547,16.549999237060547,70014
2022-06-02,16.520000457763672,16.759899139404297,16.520000457763672,16.68000030517578,16.68000030517578,76130
2022-06-03,16.459999084472656,16.649999618530273,16.3799991607666,16.40999984741211,16.40999984741211,82179
2022-06-06,16.59000015258789,16.7012996673584,16.54789924621582,16.68000030517578,16.68000030517578,30692
2022-06-07,16.649999618530273,16.899999618530273,16.649999618530273,16.81999969482422,16.81999969482422,50895
2022-06-08,16.770000457763672,16.920000076293945,16.70669937133789,16.81999969482422,16.81999969482422,46730
2022-06-09,16.739999771118164,16.84000015258789,16.690000534057617,16.719999313354492,16.719999313354492,31357
2022-06-10,16.540000915527344,16.540000915527344,16.34000015258789,16.510000228881836,16.510000228881836,36741
2022-06-13,16.0,16.1737003326416,15.859999656677246,15.90999984741211,15.90999984741211,54122
2022-06-14,15.670000076293945,16.34000015258789,15.390000343322754,15.5,15.5,45296
2022-06-15,15.520000457763672,15.75,15.449999809265137,15.550000190734863,15.550000190734863,51975
2022-06-16,15.399999618530273,15.6048002243042,14.829999923706055,14.880000114440918,14.880000114440918,71958
2022-06-17,14.9399995803833,15.128299713134766,14.820899963378906,14.869999885559082,14.869999885559082,61241
2022-06-21,15.0,15.210000038146973,14.920000076293945,14.970000267028809,14.970000267028809,59497
2022-06-22,14.829999923706055,15.0600004196167,14.75,15.010000228881836,15.010000228881836,31776
2022-06-23,15.039999961853027,15.1899995803833,15.0,15.119999885559082,15.119999885559082,95654
2022-06-24,15.420000076293945,15.529899597167969,15.333800315856934,15.470000267028809,15.470000267028809,68397
2022-06-27,15.649999618530273,15.708499908447266,15.420100212097168,15.460000038146973,15.460000038146973,91218
2022-06-28,15.550000190734863,15.8100004196167,15.460000038146973,15.550000190734863,15.550000190734863,98804
2022-06-29,15.600000381469727,15.640000343322754,15.399999618530273,15.569999694824219,15.569999694824219,71090
2022-06-30,15.5,15.710000038146973,15.449999809265137,15.65999984741211,15.65999984741211,151724
2022-07-01,15.739999771118164,16.170000076293945,15.600000381469727,16.1200008392334,16.1200008392334,143133
2022-07-05,15.890000343322754,16.242399215698242,15.75,16.200000762939453,16.200000762939453,66393
2022-07-06,16.190000534057617,16.350000381469727,16.059499740600586,16.15999984741211,16.15999984741211,41563
2022-07-07,16.1200008392334,16.299299240112305,15.869999885559082,16.040000915527344,16.040000915527344,77887
2022-07-08,15.930000305175781,16.100000381469727,15.78499984741211,15.859999656677246,15.859999656677246,36826
2022-07-11,15.75,15.859999656677246,15.699999809265137,15.800000190734863,15.800000190734863,36435
2022-07-12,15.84000015258789,15.979999542236328,15.630000114440918,15.670000076293945,15.670000076293945,78510
2022-07-13,15.5600004196167,15.71500015258789,15.530099868774414,15.65999984741211,15.65999984741211,57297
2022-07-14,15.5,15.645000457763672,15.5,15.569999694824219,15.569999694824219,63588
2022-07-15,15.710000038146973,15.819999694824219,15.65999984741211,15.760000228881836,15.760000228881836,85454
2022-07-18,15.859999656677246,16.040000915527344,15.699999809265137,15.710000038146973,15.710000038146973,42362
2022-07-19,15.770000457763672,16.010000228881836,15.699999809265137,16.010000228881836,16.010000228881836,60686
2022-07-20,16.020000457763672,16.109899520874023,15.90999984741211,16.06999969482422,16.06999969482422,69233
2022-07-21,16.030000686645508,16.239999771118164,15.960000038146973,16.200000762939453,16.200000762939453,46047
2022-07-22,16.329999923706055,16.329999923706055,15.90999984741211,16.059999465942383,16.059999465942383,19670
2022-07-25,16.139999389648438,16.224899291992188,16.0,16.09000015258789,16.09000015258789,62196
2022-07-26,16.06999969482422,16.06999969482422,15.859999656677246,15.869999885559082,15.869999885559082,49716
2022-07-27,15.960000038146973,16.479900360107422,15.960000038146973,16.200000762939453,16.200000762939453,82342
2022-07-28,16.229999542236328,16.40999984741211,16.030000686645508,16.299999237060547,16.299999237060547,80421
2022-07-29,16.3700008392334,16.44409942626953,16.299999237060547,16.40999984741211,16.40999984741211,83966
2022-08-01,16.399999618530273,16.579999923706055,16.399999618530273,16.450000762939453,16.450000762939453,58828
2022-08-02,16.420000076293945,16.558000564575195,16.350000381469727,16.459999084472656,16.459999084472656,26679
2022-08-03,16.40999984741211,16.61050033569336,16.40999984741211,16.559999465942383,16.559999465942383,72491
2022-08-04,16.559999465942383,16.6299991607666,16.440000534057617,16.440000534057617,16.440000534057617,44554
2022-08-05,16.31999969482422,16.520000457763672,16.31999969482422,16.520000457763672,16.520000457763672,40265
2022-08-08,16.549999237060547,16.594999313354492,16.459999084472656,16.5,16.5,25479
2022-08-09,16.450000762939453,16.559999465942383,16.433000564575195,16.514999389648438,16.514999389648438,24617
2022-08-10,16.670000076293945,16.809999465942383,16.579999923706055,16.780000686645508,16.780000686645508,38161
2022-08-11,16.8700008392334,16.8700008392334,16.649999618530273,16.649999618530273,16.649999618530273,58238
2022-08-12,16.729999542236328,16.780000686645508,16.559999465942383,16.649999618530273,16.649999618530273,72061
2022-08-15,16.600000381469727,16.71500015258789,16.510000228881836,16.68000030517578,16.68000030517578,137899
2022-08-16,16.65999984741211,16.773700714111328,16.559999465942383,16.709999084472656,16.709999084472656,43018
2022-08-17,16.540000915527344,16.649999618530273,16.420000076293945,16.559999465942383,16.559999465942383,60737
2022-08-18,16.579999923706055,16.65999984741211,16.400100708007812,16.59000015258789,16.59000015258789,58911
2022-08-19,16.31999969482422,16.5,16.290000915527344,16.31999969482422,16.31999969482422,55575
2022-08-22,16.200000762939453,16.225000381469727,16.100000381469727,16.190000534057617,16.190000534057617,54800
2022-08-23,16.170000076293945,16.290000915527344,16.110000610351562,16.209999084472656,16.209999084472656,53906
2022-08-24,16.149999618530273,16.350000381469727,16.139999389648438,16.280000686645508,16.280000686645508,37101
2022-08-25,16.43000030517578,16.45989990234375,16.299999237060547,16.3700008392334,16.3700008392334,81576
2022-08-26,16.40999984741211,16.422399520874023,15.960000038146973,15.960000038146973,15.960000038146973,30249
2022-08-29,15.899999618530273,15.998000144958496,15.850299835205078,15.869999885559082,15.869999885559082,27196
2022-08-30,15.789999961853027,15.949999809265137,15.66409969329834,15.739999771118164,15.739999771118164,31912
2022-08-31,15.770000457763672,15.850000381469727,15.729999542236328,15.800000190734863,15.800000190734863,64438
2022-09-01,15.649999618530273,15.789999961853027,15.609999656677246,15.729999542236328,15.729999542236328,49370
2022-09-02,15.869999885559082,15.999899864196777,15.609999656677246,15.670000076293945,15.670000076293945,38751
2022-09-06,15.630000114440918,15.720000267028809,15.5600004196167,15.609999656677246,15.609999656677246,73939
2022-09-07,15.529999732971191,15.819999694824219,15.529999732971191,15.760000228881836,15.760000228881836,54123
2022-09-08,15.720000267028809,16.0,15.720000267028809,15.90999984741211,15.90999984741211,95601
2022-09-09,16.010000228881836,16.209999084472656,16.010000228881836,16.200000762939453,16.200000762939453,47932
2022-09-12,16.440000534057617,16.65999984741211,16.350000381469727,16.649999618530273,16.649999618530273,177030
2022-09-13,16.3700008392334,16.450000762939453,16.100000381469727,16.190000534057617,16.190000534057617,123790
2022-09-14,15.930000305175781,16.170000076293945,15.850000381469727,16.170000076293945,16.170000076293945,98308
2022-09-15,16.079999923706055,16.3799991607666,15.930000305175781,16.209999084472656,16.209999084472656,107581
2022-09-16,16.020000457763672,16.09000015258789,15.829999923706055,15.920000076293945,15.920000076293945,55050
2022-09-19,15.779999732971191,16.092899322509766,15.779999732971191,15.920000076293945,15.920000076293945,41191
2022-09-20,15.8100004196167,15.955699920654297,15.75,15.800000190734863,15.800000190734863,62478
2022-09-21,15.859999656677246,15.999099731445312,15.600000381469727,15.600000381469727,15.600000381469727,45684
2022-09-22,15.600000381469727,15.680000305175781,15.5,15.579999923706055,15.579999923706055,57671
2022-09-23,15.449999809265137,15.449999809265137,15.140000343322754,15.239999771118164,15.239999771118164,63683
2022-09-26,15.109999656677246,15.319999694824219,14.979999542236328,15.039999961853027,15.039999961853027,63027
2022-09-27,15.100000381469727,15.260000228881836,15.010000228881836,15.1899995803833,15.1899995803833,73508
2022-09-28,15.279999732971191,15.569999694824219,15.170000076293945,15.390000343322754,15.390000343322754,61106
2022-09-29,15.34000015258789,15.350000381469727,15.069999694824219,15.130000114440918,15.130000114440918,81105
2022-09-30,15.100000381469727,15.199999809265137,14.680000305175781,15.010000228881836,15.010000228881836,55917
2022-10-03,15.1899995803833,15.550000190734863,15.050000190734863,15.529999732971191,15.529999732971191,66106
2022-10-04,15.6899995803833,16.040000915527344,15.577300071716309,16.0,16.0,70504
2022-10-05,15.819999694824219,16.06999969482422,15.539999961853027,15.979999542236328,15.979999542236328,75664
2022-10-06,15.850000381469727,15.9399995803833,15.800000190734863,15.880000114440918,15.880000114440918,22602
2022-10-07,15.649999618530273,15.706899642944336,15.380000114440918,15.470000267028809,15.470000267028809,40918
2022-10-10,15.420000076293945,15.675000190734863,15.25,15.430000305175781,15.430000305175781,23787
2022-10-11,15.270000457763672,15.539999961853027,15.210000038146973,15.329999923706055,15.329999923706055,48046
2022-10-12,15.25,15.529999732971191,15.25,15.40999984741211,15.40999984741211,40529
2022-10-13,15.1899995803833,15.930000305175781,15.09000015258789,15.850000381469727,15.850000381469727,88343
2022-10-14,16.0,16.09670066833496,15.5600004196167,15.59000015258789,15.59000015258789,31488
2022-10-17,15.789999961853027,16.200000762939453,15.789999961853027,16.059999465942383,16.059999465942383,58998
2022-10-18,16.360000610351562,16.479999542236328,16.049999237060547,16.18000030517578,16.18000030517578,66178
2022-10-19,16.110000610351562,16.225000381469727,15.970000267028809,16.110000610351562,16.110000610351562,32941
2022-10-20,16.049999237060547,16.299999237060547,16.0,16.1299991607666,16.1299991607666,51969
2022-10-21,16.1200008392334,16.239999771118164,15.920000076293945,16.139999389648438,16.139999389648438,73666
2022-10-24,16.270000457763672,16.440000534057617,16.170000076293945,16.40999984741211,16.40999984741211,83299
2022-10-25,16.399999618530273,16.790000915527344,16.34000015258789,16.709999084472656,16.709999084472656,69262
2022-10-26,16.649999618530273,16.81999969482422,16.329999923706055,16.3700008392334,16.3700008392334,86440
2022-10-27,16.420000076293945,16.510000228881836,16.219999313354492,16.329999923706055,16.329999923706055,61288
2022-10-28,16.389999389648438,16.53420066833496,16.34000015258789,16.469999313354492,16.469999313354492,40160
2022-10-31,16.5,16.6299991607666,16.3700008392334,16.610000610351562,16.610000610351562,37713
2022-11-01,16.729999542236328,16.729999542236328,16.520000457763672,16.611499786376953,16.611499786376953,39127
2022-11-02,16.600000381469727,16.700000762939453,16.247299194335938,16.270000457763672,16.270000457763672,52283
2022-11-03,16.100000381469727,16.3700008392334,16.0625,16.260000228881836,16.260000228881836,38951
2022-11-04,16.40999984741211,16.469999313354492,16.237699508666992,16.309999465942383,16.309999465942383,35451
2022-11-07,16.3700008392334,16.549999237060547,16.335599899291992,16.479999542236328,16.479999542236328,33717
2022-11-08,16.56999969482422,16.647499084472656,16.31999969482422,16.559999465942383,16.559999465942383,56209
2022-11-09,16.520000457763672,16.656400680541992,16.29010009765625,16.31999969482422,16.31999969482422,31571
2022-11-10,16.770000457763672,17.190000534057617,16.590099334716797,17.190000534057617,17.190000534057617,73351
2022-11-11,17.15999984741211,17.329999923706055,17.014999389648438,17.200000762939453,17.200000762939453,33783
2022-11-14,17.170000076293945,17.3799991607666,17.010000228881836,17.010000228881836,17.010000228881836,36630
2022-11-15,17.110000610351562,17.190000534057617,16.899999618530273,17.15999984741211,17.15999984741211,83041
2022-11-16,16.979999542236328,17.229999542236328,16.979999542236328,17.139999389648438,17.139999389648438,20787
2022-11-17,17.100000381469727,17.350000381469727,17.059999465942383,17.219999313354492,17.219999313354492,44609
2022-11-18,17.34000015258789,17.359800338745117,17.18000030517578,17.31999969482422,17.31999969482422,37911
2022-11-21,17.270000457763672,17.43000030517578,17.229999542236328,17.43000030517578,17.43000030517578,30239
2022-11-22,17.34000015258789,17.600000381469727,17.290000915527344,17.549999237060547,17.549999237060547,39909
2022-11-23,17.549999237060547,17.73349952697754,17.420000076293945,17.649999618530273,17.649999618530273,27001
2022-11-25,17.6299991607666,17.68000030517578,17.609800338745117,17.665000915527344,17.665000915527344,11953
2022-11-28,17.420000076293945,17.610000610351562,17.420000076293945,17.479999542236328,17.479999542236328,38127
2022-11-29,17.530000686645508,17.6299991607666,17.451499938964844,17.56999969482422,17.56999969482422,33018
2022-11-30,17.469999313354492,17.93000030517578,17.399999618530273,17.790000915527344,17.790000915527344,53626
2022-12-01,17.850000381469727,18.020000457763672,17.75,17.8700008392334,17.8700008392334,31418
2022-12-02,17.739999771118164,17.920000076293945,17.65999984741211,17.860000610351562,17.860000610351562,26412
2022-12-05,17.84000015258789,17.8799991607666,17.600000381469727,17.68000030517578,17.68000030517578,38574
2022-12-06,17.670000076293945,17.700000762939453,17.510000228881836,17.610000610351562,17.610000610351562,29595
2022-12-07,17.530000686645508,17.799999237060547,17.530000686645508,17.719999313354492,17.719999313354492,19938
2022-12-08,17.860000610351562,18.0,17.739999771118164,17.81999969482422,17.81999969482422,40010
2022-12-09,17.770000457763672,17.815000534057617,17.540000915527344,17.540000915527344,17.540000915527344,29448
2022-12-12,17.56999969482422,17.79599952697754,17.3700008392334,17.389999389648438,17.389999389648438,85972
2022-12-13,17.729999542236328,17.924699783325195,17.3700008392334,17.3700008392334,17.3700008392334,75847
2022-12-14,17.100000381469727,17.18429946899414,16.840099334716797,16.90999984741211,16.90999984741211,41287
2022-12-15,16.739999771118164,16.799999237060547,16.5,16.549999237060547,16.549999237060547,38577
2022-12-16,16.3799991607666,16.676000595092773,16.290000915527344,16.399999618530273,16.399999618530273,33046
2022-12-19,16.280000686645508,16.419599533081055,16.06999969482422,16.100000381469727,16.100000381469727,44602
2022-12-20,16.030000686645508,16.420000076293945,16.0,16.219999313354492,16.219999313354492,52807
2022-12-21,16.25,16.440000534057617,16.25,16.389999389648438,16.389999389648438,40866
2022-12-22,16.239999771118164,16.280000686645508,16.040000915527344,16.18000030517578,16.18000030517578,41935
2022-12-23,16.1299991607666,16.291900634765625,16.023099899291992,16.18000030517578,16.18000030517578,46946
2022-12-27,16.15999984741211,16.270000457763672,16.020000457763672,16.059999465942383,16.059999465942383,42703
2022-12-28,16.09000015258789,16.09000015258789,15.850000381469727,15.869999885559082,15.869999885559082,47231
2022-12-29,15.880000114440918,16.190000534057617,15.875,16.09000015258789,16.09000015258789,65087
2022-12-30,15.979999542236328,16.200000762939453,15.914999961853027,16.1200008392334,16.1200008392334,106553
2023-01-03,16.149999618530273,16.260499954223633,15.864999771118164,15.970000267028809,15.970000267028809,58022
2023-01-04,15.970000267028809,16.059999465942383,15.920000076293945,15.960000038146973,15.960000038146973,34744
2023-01-05,15.859999656677246,15.946000099182129,15.65999984741211,15.789999961853027,15.789999961853027,68480
2023-01-06,15.850000381469727,16.020000457763672,15.850000381469727,15.979999542236328,15.979999542236328,87948
2023-01-09,16.020000457763672,16.415199279785156,16.0,16.010000228881836,16.010000228881836,35876
2023-01-10,16.020000457763672,16.09000015258789,15.850000381469727,15.960000038146973,15.960000038146973,63828
2023-01-11,15.949999809265137,16.028799057006836,15.899999618530273,15.930000305175781,15.930000305175781,39156
2023-01-12,15.930000305175781,16.058900833129883,15.84000015258789,15.920000076293945,15.920000076293945,78896
2023-01-13,15.770000457763672,15.9350004196167,15.739999771118164,15.90999984741211,15.90999984741211,49823
2023-01-17,15.84000015258789,15.950799942016602,15.8100004196167,15.850000381469727,15.850000381469727,69272
2023-01-18,15.90999984741211,16.02519989013672,15.630000114440918,15.640000343322754,15.640000343322754,59181
2023-01-19,15.600000381469727,15.760000228881836,15.449999809265137,15.470000267028809,15.470000267028809,38784
2023-01-20,15.510000228881836,15.550000190734863,15.319999694824219,15.4399995803833,15.4399995803833,79960
2023-01-23,15.420000076293945,15.680000305175781,15.420000076293945,15.59000015258789,15.59000015258789,84151
2023-01-24,15.649999618530273,15.675000190734863,15.489999771118164,15.529999732971191,15.529999732971191,64541
2023-01-25,15.40999984741211,15.539999961853027,15.40999984741211,15.510000228881836,15.510000228881836,29413
2023-01-26,15.569999694824219,15.609999656677246,15.430000305175781,15.585000038146973,15.585000038146973,84123
2023-01-27,15.5600004196167,15.670000076293945,15.5600004196167,15.630000114440918,15.630000114440918,51316
2023-01-30,15.619999885559082,15.630000114440918,15.529999732971191,15.539999961853027,15.539999961853027,36408
2023-01-31,15.550000190734863,15.779999732971191,15.550000190734863,15.770000457763672,15.770000457763672,45883
2023-02-01,15.75,16.06999969482422,15.75,15.989999771118164,15.989999771118164,43366
2023-02-02,15.979999542236328,16.209999084472656,15.979999542236328,16.15999984741211,16.15999984741211,68163
2023-02-03,16.030000686645508,16.1299991607666,15.984700202941895,16.040000915527344,16.040000915527344,34280
2023-02-06,16.040000915527344,16.040000915527344,15.880000114440918,15.90999984741211,15.90999984741211,43359
2023-02-07,15.8100004196167,16.149999618530273,15.8100004196167,16.110000610351562,16.110000610351562,31540
2023-02-08,15.970000267028809,16.110000610351562,15.970000267028809,16.06999969482422,16.06999969482422,40608
2023-02-09,16.100000381469727,16.159299850463867,16.024999618530273,16.030000686645508,16.030000686645508,73154
2023-02-10,16.020000457763672,16.149999618530273,15.96500015258789,16.040000915527344,16.040000915527344,26505
2023-02-13,16.110000610351562,16.389999389648438,16.100000381469727,16.360000610351562,16.360000610351562,79614
2023-02-14,16.270000457763672,16.360000610351562,16.18280029296875,16.309999465942383,16.309999465942383,34744
2023-02-15,16.299999237060547,16.440000534057617,16.239999771118164,16.350000381469727,16.350000381469727,52619
2023-02-16,16.299999237060547,16.3700008392334,16.170000076293945,16.219999313354492,16.219999313354492,94546
2023-02-17,16.239999771118164,16.239999771118164,16.155000686645508,16.219999313354492,16.219999313354492,28879
2023-02-21,16.149999618530273,16.24970054626465,16.079999923706055,16.079999923706055,16.079999923706055,39006
2023-02-22,16.079999923706055,16.079999923706055,15.960000038146973,15.979999542236328,15.979999542236328,24420
2023-02-23,16.0,16.084699630737305,15.930100440979004,16.030000686645508,16.030000686645508,33109
2023-02-24,15.9399995803833,16.019899368286133,15.739999771118164,15.770000457763672,15.770000457763672,38684
2023-02-27,15.8100004196167,16.049999237060547,15.8100004196167,15.90999984741211,15.90999984741211,50819
2023-02-28,15.890000343322754,15.979999542236328,15.770000457763672,15.779999732971191,15.779999732971191,38525
2023-03-01,15.829999923706055,15.850000381469727,15.699999809265137,15.699999809265137,15.699999809265137,34448
2023-03-02,15.649999618530273,15.755000114440918,15.640000343322754,15.739999771118164,15.739999771118164,20410
2023-03-03,15.760000228881836,15.949999809265137,15.760000228881836,15.899999618530273,15.899999618530273,42968
2023-03-06,15.9399995803833,15.960000038146973,15.789999961853027,15.800000190734863,15.800000190734863,49713
2023-03-07,15.729999542236328,15.8149995803833,15.59000015258789,15.59000015258789,15.59000015258789,49925
2023-03-08,15.649999618530273,15.664999961853027,15.5649995803833,15.619999885559082,15.619999885559082,43372
2023-03-09,15.640000343322754,15.720000267028809,15.319999694824219,15.369999885559082,15.369999885559082,70706
2023-03-10,15.279999732971191,15.419899940490723,15.140000343322754,15.15999984741211,15.15999984741211,45729
2023-03-13,15.010000228881836,15.210000038146973,15.010000228881836,15.109999656677246,15.109999656677246,56534
2023-03-14,14.960000038146973,15.140000343322754,14.960000038146973,15.020000457763672,15.020000457763672,41342
2023-03-15,14.890000343322754,14.909899711608887,14.735199928283691,14.8100004196167,14.8100004196167,43483
2023-03-16,14.710000038146973,15.119999885559082,14.710000038146973,15.069999694824219,15.069999694824219,65214
2023-03-17,14.960000038146973,15.069999694824219,14.869999885559082,14.869999885559082,14.869999885559082,35730
2023-03-20,14.859999656677246,15.020000457763672,14.859999656677246,14.949999809265137,14.949999809265137,25650
2023-03-21,15.029999732971191,15.119999885559082,15.029999732971191,15.079999923706055,15.079999923706055,24003
2023-03-22,15.100000381469727,15.239999771118164,15.020000457763672,15.029999732971191,15.029999732971191,48595
2023-03-23,15.079999923706055,15.239999771118164,14.974300384521484,15.100000381469727,15.100000381469727,24627
2023-03-24,15.079999923706055,15.135000228881836,14.920000076293945,15.0600004196167,15.0600004196167,43813
2023-03-27,15.010000228881836,15.179699897766113,14.930000305175781,14.930000305175781,14.930000305175781,66720
2023-03-28,14.9399995803833,14.966699600219727,14.869999885559082,14.90999984741211,14.90999984741211,39748
2023-03-29,14.979999542236328,15.069999694824219,14.949999809265137,15.0600004196167,15.0600004196167,44779
2023-03-30,15.100000381469727,15.270000457763672,15.100000381469727,15.239999771118164,15.239999771118164,54547
2023-03-31,15.319999694824219,15.579999923706055,15.292900085449219,15.579999923706055,15.579999923706055,60495
2023-04-03,15.670000076293945,15.739999771118164,15.54010009765625,15.670000076293945,15.670000076293945,72932
2023-04-04,15.710000038146973,15.710000038146973,15.460000038146973,15.489999771118164,15.489999771118164,49156
2023-04-05,15.470000267028809,15.533300399780273,15.350000381469727,15.404999732971191,15.404999732971191,34937
2023-04-06,15.449999809265137,15.645000457763672,15.342100143432617,15.59000015258789,15.59000015258789,59371
2023-04-10,15.569999694824219,15.680000305175781,15.539999961853027,15.630000114440918,15.630000114440918,61526
2023-04-11,15.649999618530273,15.717499732971191,15.579999923706055,15.619999885559082,15.619999885559082,34261
2023-04-12,15.6899995803833,15.739999771118164,15.5600004196167,15.569999694824219,15.569999694824219,25307
2023-04-13,15.630000114440918,15.75,15.600000381469727,15.739999771118164,15.739999771118164,14726
2023-04-14,15.739999771118164,15.739999771118164,15.550000190734863,15.579999923706055,15.579999923706055,38467
2023-04-17,15.470000267028809,15.59000015258789,15.470000267028809,15.529999732971191,15.529999732971191,24345
2023-04-18,15.600000381469727,15.600000381469727,15.5,15.520000457763672,15.520000457763672,17976
2023-04-19,15.5,15.554499626159668,15.449999809265137,15.529999732971191,15.529999732971191,15155
2023-04-20,15.510000228881836,15.569999694824219,15.359999656677246,15.489999771118164,15.489999771118164,24557
2023-04-21,15.550000190734863,15.550000190734863,15.470000267028809,15.5,15.5,10085
2023-04-24,15.449999809265137,15.600000381469727,15.449999809265137,15.529999732971191,15.529999732971191,38591
2023-04-25,15.4399995803833,15.550000190734863,15.34000015258789,15.380000114440918,15.380000114440918,25087
2023-04-26,15.390000343322754,15.469799995422363,15.279999732971191,15.359999656677246,15.359999656677246,14868
2023-04-27,15.420000076293945,15.513199806213379,15.34000015258789,15.510000228881836,15.510000228881836,42323
2023-04-28,15.510000228881836,15.600000381469727,15.449999809265137,15.569999694824219,15.569999694824219,30953
2023-05-01,15.529999732971191,15.680000305175781,15.529999732971191,15.569999694824219,15.569999694824219,32833
2023-05-02,15.579999923706055,15.588399887084961,15.279999732971191,15.380000114440918,15.380000114440918,26753
2023-05-03,15.390000343322754,15.449899673461914,15.250399589538574,15.289999961853027,15.289999961853027,38868
2023-05-04,15.25,15.25,15.079999923706055,15.140000343322754,15.140000343322754,32686
2023-05-05,15.25,15.428999900817871,15.210000038146973,15.369999885559082,15.369999885559082,29310
2023-05-08,15.390000343322754,15.460000038146973,15.229999542236328,15.319999694824219,15.319999694824219,34497
2023-05-09,15.270000457763672,15.354999542236328,15.220000267028809,15.239999771118164,15.239999771118164,25065
2023-05-10,15.369999885559082,15.369999885559082,15.21500015258789,15.300000190734863,15.300000190734863,18030
2023-05-11,15.229999542236328,15.34000015258789,15.229999542236328,15.34000015258789,15.34000015258789,25461
2023-05-12,15.399999618530273,15.425000190734863,15.199999809265137,15.3100004196167,15.3100004196167,22575
2023-05-15,15.289999961853027,15.390000343322754,15.210000038146973,15.380000114440918,15.380000114440918,20644
2023-05-16,15.479999542236328,15.489999771118164,15.279999732971191,15.289999961853027,15.289999961853027,30663
2023-05-17,15.380000114440918,15.5,15.289999961853027,15.470000267028809,15.470000267028809,30170
2023-05-18,15.529999732971191,15.558799743652344,15.40999984741211,15.539999961853027,15.539999961853027,17464
2023-05-19,15.510000228881836,15.570099830627441,15.359999656677246,15.4399995803833,15.4399995803833,48445
2023-05-22,15.350000381469727,15.460000038146973,15.270000457763672,15.270000457763672,15.270000457763672,56119
2023-05-23,15.180000305175781,15.254199981689453,15.050000190734863,15.069999694824219,15.069999694824219,51710
2023-05-24,15.079999923706055,15.079999923706055,14.800000190734863,14.829999923706055,14.829999923706055,75858
2023-05-25,14.970000267028809,14.984999656677246,14.800000190734863,14.920000076293945,14.920000076293945,73166
2023-05-26,15.029999732971191,15.300000190734863,14.949999809265137,15.270000457763672,15.270000457763672,61377
2023-05-30,15.359999656677246,15.403800010681152,15.210000038146973,15.25,15.25,49304
2023-05-31,15.25,15.290399551391602,15.109999656677246,15.199999809265137,15.199999809265137,56468
2023-06-01,15.140000343322754,15.390000343322754,15.140000343322754,15.319999694824219,15.319999694824219,42734
2023-06-02,15.40999984741211,15.569999694824219,15.40999984741211,15.5,15.5,51446
2023-06-05,15.550000190734863,15.5600004196167,15.479999542236328,15.489999771118164,15.489999771118164,17360
2023-06-06,15.520000457763672,15.6899995803833,15.470399856567383,15.670000076293945,15.670000076293945,37809
2023-06-07,15.699999809265137,15.779999732971191,15.5600004196167,15.5600004196167,15.5600004196167,40611
2023-06-08,15.630000114440918,15.699999809265137,15.600000381469727,15.640000343322754,15.640000343322754,31992
2023-06-09,15.699999809265137,15.8100004196167,15.675000190734863,15.8100004196167,15.8100004196167,53898
2023-06-12,15.829999923706055,15.869999885559082,15.760000228881836,15.8100004196167,15.8100004196167,31057
2023-06-13,15.869999885559082,15.9399995803833,15.779999732971191,15.829999923706055,15.829999923706055,41592
2023-06-14,15.600000381469727,15.649999618530273,15.460000038146973,15.489999771118164,15.489999771118164,27706
2023-06-15,15.4399995803833,15.670000076293945,15.425000190734863,15.579999923706055,15.579999923706055,50076
2023-06-16,15.649999618530273,15.679499626159668,15.550000190734863,15.569999694824219,15.569999694824219,25848
2023-06-20,15.479999542236328,15.541000366210938,15.420100212097168,15.460000038146973,15.460000038146973,25751
2023-06-21,15.449999809265137,15.470000267028809,15.380000114440918,15.390000343322754,15.390000343322754,13570
2023-06-22,15.34000015258789,15.4399995803833,15.34000015258789,15.420000076293945,15.420000076293945,20903
2023-06-23,15.399999618530273,15.460000038146973,15.300000190734863,15.300000190734863,15.300000190734863,28468
2023-06-26,15.130000114440918,15.354999542236328,15.050000190734863,15.210000038146973,15.210000038146973,39692
2023-06-27,15.25,15.390000343322754,15.210000038146973,15.380000114440918,15.380000114440918,31226
2023-06-28,15.399999618530273,15.459699630737305,15.319899559020996,15.390000343322754,15.390000343322754,40067
2023-06-29,15.430000305175781,15.489999771118164,15.350000381469727,15.470000267028809,15.470000267028809,35448
2023-06-30,15.739999771118164,15.739999771118164,15.5600004196167,15.680000305175781,15.680000305175781,87375
2023-07-03,15.819999694824219,15.819999694824219,15.576000213623047,15.75,15.75,48583
2023-07-05,15.550000190734863,15.779999732971191,15.550000190734863,15.720000267028809,15.720000267028809,36090
2023-07-06,15.59000015258789,15.640000343322754,15.470000267028809,15.539999961853027,15.539999961853027,37015
2023-07-07,15.529999732971191,15.649900436401367,15.500100135803223,15.569999694824219,15.569999694824219,19207
2023-07-10,15.569999694824219,15.60990047454834,15.529999732971191,15.5600004196167,15.5600004196167,24854
2023-07-11,15.65999984741211,15.680000305175781,15.5600004196167,15.630000114440918,15.630000114440918,18283
2023-07-12,15.699999809265137,15.8100004196167,15.680000305175781,15.739999771118164,15.739999771118164,29267
2023-07-13,15.739999771118164,15.797800064086914,15.71500015258789,15.779999732971191,15.779999732971191,61902
2023-07-14,15.869999885559082,15.869999885559082,15.710000038146973,15.720000267028809,15.720000267028809,37438
2023-07-17,15.699999809265137,15.819999694824219,15.649999618530273,15.800000190734863,15.800000190734863,21480
2023-07-18,15.65999984741211,15.905699729919434,15.65999984741211,15.890000343322754,15.890000343322754,32647
2023-07-19,15.960000038146973,15.970000267028809,15.729999542236328,15.899999618530273,15.899999618530273,43397
2023-07-20,15.920000076293945,15.920000076293945,15.8100004196167,15.84000015258789,15.84000015258789,31000
2023-07-21,15.800000190734863,15.90999984741211,15.800000190734863,15.829999923706055,15.829999923706055,25668
2023-07-24,15.920000076293945,15.930000305175781,15.750100135803223,15.819999694824219,15.819999694824219,30823
2023-07-25,15.819999694824219,15.890000343322754,15.819999694824219,15.829999923706055,15.829999923706055,15714
2023-07-26,15.869999885559082,15.899999618530273,15.75,15.899999618530273,15.899999618530273,26544
2023-07-27,15.859999656677246,15.949999809265137,15.729999542236328,15.770000457763672,15.770000457763672,39427
2023-07-28,15.819999694824219,15.90470027923584,15.819999694824219,15.869999885559082,15.869999885559082,24078
2023-07-31,15.90999984741211,15.920000076293945,15.85420036315918,15.899999618530273,15.899999618530273,43329
2023-08-01,15.859999656677246,15.899999618530273,15.829999923706055,15.859999656677246,15.859999656677246,23603
2023-08-02,15.770000457763672,15.838899612426758,15.6899995803833,15.710000038146973,15.710000038146973,40083
2023-08-03,15.649999618530273,15.699999809265137,15.600000381469727,15.65999984741211,15.65999984741211,30395
2023-08-04,15.6899995803833,15.759900093078613,15.5,15.5,15.5,20593
2023-08-07,15.649999618530273,15.670000076293945,15.55679988861084,15.65999984741211,15.65999984741211,17674
2023-08-08,15.649999618530273,15.65999984741211,15.529899597167969,15.630000114440918,15.630000114440918,37055
2023-08-09,15.729999542236328,15.729999542236328,15.55049991607666,15.59000015258789,15.59000015258789,34791
2023-08-10,15.710000038146973,15.759400367736816,15.539999961853027,15.59000015258789,15.59000015258789,29815
2023-08-11,15.600000381469727,15.609999656677246,15.520000457763672,15.59000015258789,15.59000015258789,16859
2023-08-14,15.59000015258789,15.689299583435059,15.564399719238281,15.630000114440918,15.630000114440918,28414
2023-08-15,15.609999656677246,15.680000305175781,15.5,15.529999732971191,15.529999732971191,49073
2023-08-16,15.5,15.571399688720703,15.319999694824219,15.350000381469727,15.350000381469727,45356
2023-08-17,15.380000114440918,15.409899711608887,15.199999809265137,15.239999771118164,15.239999771118164,48723
2023-08-18,15.149999618530273,15.220000267028809,15.109999656677246,15.180000305175781,15.180000305175781,17251
2023-08-21,15.220000267028809,15.329999923706055,15.177000045776367,15.270000457763672,15.270000457763672,11340
2023-08-22,15.380000114440918,15.380000114440918,15.199999809265137,15.220000267028809,15.220000267028809,43074
2023-08-23,15.270000457763672,15.339900016784668,15.130000114440918,15.239999771118164,15.239999771118164,75380
2023-08-24,15.300000190734863,15.329999923706055,15.020000457763672,15.039999961853027,15.039999961853027,27812
2023-08-25,15.069999694824219,15.260000228881836,15.020000457763672,15.210000038146973,15.210000038146973,39474
2023-08-28,15.270000457763672,15.319999694824219,15.140000343322754,15.270000457763672,15.270000457763672,42186
2023-08-29,15.270000457763672,15.4399995803833,15.260000228881836,15.399999618530273,15.399999618530273,32659
2023-08-30,15.479999542236328,15.489999771118164,15.390000343322754,15.4399995803833,15.4399995803833,21081
2023-08-31,15.460000038146973,15.520000457763672,15.4350004196167,15.460000038146973,15.460000038146973,22938
2023-09-01,15.489999771118164,15.550000190734863,15.329999923706055,15.34000015258789,15.34000015258789,39445
2023-09-05,15.359999656677246,15.460000038146973,15.270000457763672,15.369999885559082,15.369999885559082,51273
2023-09-06,15.420000076293945,15.420000076293945,15.210000038146973,15.25,15.25,31422
2023-09-07,15.229999542236328,15.255399703979492,15.180000305175781,15.239999771118164,15.239999771118164,34012
2023-09-08,15.300000190734863,15.322699546813965,15.199999809265137,15.199999809265137,15.199999809265137,24327
2023-09-11,15.369999885559082,15.369999885559082,15.199999809265137,15.239999771118164,15.239999771118164,50881
2023-09-12,15.199999809265137,15.199999809265137,15.09000015258789,15.100000381469727,15.100000381469727,26086
2023-09-13,15.15999984741211,15.199999809265137,14.90999984741211,15.010000228881836,15.010000228881836,63725
2023-09-14,14.9399995803833,14.9399995803833,14.710000038146973,14.75,14.75,47212
2023-09-15,14.720000267028809,14.760000228881836,14.604999542236328,14.640000343322754,14.640000343322754,61266
2023-09-18,14.640000343322754,14.739999771118164,14.550000190734863,14.569999694824219,14.569999694824219,59752
2023-09-19,14.609999656677246,14.670000076293945,14.529999732971191,14.670000076293945,14.670000076293945,32716
2023-09-20,14.760000228881836,14.829999923706055,14.699999809265137,14.770000457763672,14.770000457763672,70407
2023-09-21,14.720000267028809,14.739999771118164,14.560099601745605,14.609999656677246,14.609999656677246,79103
2023-09-22,14.699999809265137,14.710000038146973,14.649999618530273,14.699999809265137,14.699999809265137,138119
2023-09-25,14.699999809265137,14.720000267028809,14.65999984741211,14.710000038146973,14.710000038146973,79791
2023-09-26,14.739999771118164,14.739999771118164,14.529999732971191,14.5600004196167,14.5600004196167,98984
2023-09-27,14.630000114440918,14.649999618530273,14.470000267028809,14.59000015258789,14.59000015258789,70022
2023-09-28,14.630000114440918,14.800000190734863,14.600000381469727,14.760000228881836,14.760000228881836,87511
2023-09-29,14.800000190734863,14.853300094604492,14.720000267028809,14.819999694824219,14.819999694824219,110076
2023-10-02,14.850000381469727,14.879400253295898,14.760000228881836,14.84000015258789,14.84000015258789,59700
2023-10-03,14.75,14.859999656677246,14.600099563598633,14.640000343322754,14.640000343322754,32629
2023-10-04,14.569999694824219,14.710000038146973,14.569999694824219,14.6899995803833,14.6899995803833,65687
2023-10-05,14.720000267028809,14.720000267028809,14.579999923706055,14.630000114440918,14.630000114440918,35086
2023-10-06,14.630000114440918,14.839500427246094,14.520000457763672,14.779999732971191,14.779999732971191,50737
2023-10-09,14.819999694824219,14.84000015258789,14.706399917602539,14.84000015258789,14.84000015258789,46791
2023-10-10,14.880000114440918,14.979999542236328,14.710000038146973,14.8100004196167,14.8100004196167,49995
2023-10-11,14.800000190734863,14.880000114440918,14.760000228881836,14.829999923706055,14.829999923706055,38709
2023-10-12,14.829999923706055,14.84000015258789,14.684700012207031,14.739999771118164,14.739999771118164,31176
2023-10-13,14.779999732971191,14.850000381469727,14.670000076293945,14.729999542236328,14.729999542236328,39016
2023-10-16,14.670000076293945,14.869000434875488,14.670000076293945,14.729999542236328,14.729999542236328,30135
2023-10-17,14.649999618530273,14.819999694824219,14.625,14.670000076293945,14.670000076293945,30702
2023-10-18,14.670000076293945,14.6899995803833,14.520000457763672,14.59000015258789,14.59000015258789,48308
2023-10-19,14.600000381469727,14.619999885559082,14.420000076293945,14.430000305175781,14.430000305175781,31378
2023-10-20,14.460000038146973,14.5,14.210000038146973,14.210000038146973,14.210000038146973,35722
2023-10-23,14.180000305175781,14.243499755859375,14.079999923706055,14.140000343322754,14.140000343322754,37986
2023-10-24,14.220000267028809,14.270000457763672,14.140000343322754,14.194999694824219,14.194999694824219,39656
2023-10-25,14.210000038146973,14.295000076293945,13.90999984741211,13.949999809265137,13.949999809265137,45737
2023-10-26,14.0,14.0,13.760000228881836,13.770000457763672,13.770000457763672,53351
2023-10-27,13.869999885559082,13.869999885559082,13.570799827575684,13.600000381469727,13.600000381469727,46678
2023-10-30,13.619999885559082,13.8100004196167,13.619999885559082,13.770000457763672,13.770000457763672,40046
2023-10-31,13.84000015258789,13.899999618530273,13.59000015258789,13.760000228881836,13.760000228881836,142161
2023-11-01,13.84000015258789,13.968099594116211,13.84000015258789,13.960000038146973,13.960000038146973,34753
2023-11-02,14.020000457763672,14.210000038146973,14.020000457763672,14.1899995803833,14.1899995803833,95508
2023-11-03,14.260000228881836,14.375,14.210000038146973,14.329999923706055,14.329999923706055,69519
2023-11-06,14.399999618530273,14.399999618530273,14.229999542236328,14.270000457763672,14.270000457763672,37224
2023-11-07,14.319999694824219,14.34000015258789,14.220000267028809,14.329999923706055,14.329999923706055,20001
2023-11-08,14.350000381469727,14.420000076293945,14.3100004196167,14.350000381469727,14.350000381469727,35401
2023-11-09,14.4399995803833,14.4399995803833,14.239999771118164,14.239999771118164,14.239999771118164,72391
2023-11-10,14.329999923706055,14.420000076293945,14.300000190734863,14.40999984741211,14.40999984741211,64208
2023-11-13,14.420000076293945,14.529999732971191,14.369999885559082,14.40999984741211,14.40999984741211,61185
2023-11-14,14.510000228881836,14.643500328063965,14.510000228881836,14.609999656677246,14.609999656677246,50588
2023-11-15,14.640000343322754,14.64840030670166,14.579999923706055,14.59000015258789,14.59000015258789,34856
2023-11-16,14.489999771118164,14.604999542236328,14.489999771118164,14.529999732971191,14.529999732971191,47470
2023-11-17,14.470000267028809,14.524999618530273,14.40999984741211,14.510000228881836,14.510000228881836,43988
2023-11-20,14.460000038146973,14.65999984741211,14.460000038146973,14.579999923706055,14.579999923706055,58365
2023-11-21,14.510000228881836,14.61520004272461,14.510000228881836,14.569999694824219,14.569999694824219,39622
2023-11-22,14.619999885559082,14.6899995803833,14.588399887084961,14.619999885559082,14.619999885559082,51882
2023-11-24,14.600000381469727,14.65999984741211,14.600000381469727,14.640000343322754,14.640000343322754,19914
2023-11-27,14.569999694824219,14.789999961853027,14.550000190734863,14.739999771118164,14.739999771118164,97565
2023-11-28,14.789999961853027,14.829999923706055,14.760000228881836,14.779999732971191,14.779999732971191,33139
2023-11-29,14.880000114440918,14.890000343322754,14.699999809265137,14.720000267028809,14.720000267028809,43126
2023-11-30,14.710000038146973,14.760000228881836,14.65999984741211,14.710000038146973,14.710000038146973,41001
2023-12-01,14.729999542236328,14.79990005493164,14.649999618530273,14.779999732971191,14.779999732971191,26823
2023-12-04,14.75,14.789899826049805,14.709400177001953,14.760000228881836,14.760000228881836,37114
2023-12-05,14.760000228881836,14.869999885559082,14.729999542236328,14.789999961853027,14.789999961853027,51945
2023-12-06,14.800000190734863,14.850000381469727,14.729999542236328,14.739999771118164,14.739999771118164,65304
2023-12-07,14.760000228881836,14.869999885559082,14.760000228881836,14.824999809265137,14.824999809265137,52668
2023-12-08,14.850000381469727,14.890000343322754,14.805000305175781,14.84000015258789,14.84000015258789,45717
2023-12-11,14.84000015258789,14.987700462341309,14.84000015258789,14.970000267028809,14.970000267028809,78872
2023-12-12,15.0,15.0,14.850000381469727,14.920000076293945,14.920000076293945,74685
2023-12-13,14.90999984741211,15.100000381469727,14.90999984741211,15.09000015258789,15.09000015258789,78403
2023-12-14,14.850000381469727,14.930000305175781,14.820099830627441,14.869999885559082,14.869999885559082,61363
2023-12-15,14.899999618530273,14.960000038146973,14.819999694824219,14.960000038146973,14.960000038146973,63409
2023-12-18,14.920000076293945,14.975000381469727,14.8100004196167,14.90999984741211,14.90999984741211,107947
2023-12-19,14.920000076293945,15.0600004196167,14.920000076293945,15.010000228881836,15.010000228881836,59542
2023-12-20,14.989999771118164,15.0649995803833,14.819999694824219,14.829999923706055,14.829999923706055,34163
2023-12-21,14.890000343322754,14.899999618530273,14.770000457763672,14.829999923706055,14.829999923706055,88217
2023-12-22,14.90999984741211,14.988100051879883,14.859999656677246,14.880000114440918,14.880000114440918,50567
2023-12-26,14.869999885559082,14.979999542236328,14.869999885559082,14.960000038146973,14.960000038146973,34573
2023-12-27,14.920000076293945,15.0600004196167,14.899999618530273,14.989999771118164,14.989999771118164,91171
2023-12-28,14.989999771118164,15.050000190734863,14.979999542236328,15.029999732971191,15.029999732971191,53655
2023-12-29,15.09000015258789,15.10949993133545,14.963899612426758,15.039999961853027,15.039999961853027,80190
2024-01-02,14.859999656677246,14.960000038146973,14.800000190734863,14.859999656677246,14.859999656677246,83197
2024-01-03,14.920000076293945,14.920000076293945,14.729999542236328,14.760000228881836,14.760000228881836,55604
2024-01-04,14.8100004196167,14.880000114440918,14.720000267028809,14.779999732971191,14.779999732971191,56540
2024-01-05,14.729999542236328,14.819999694824219,14.729999542236328,14.75,14.75,49221
2024-01-08,14.869999885559082,14.920000076293945,14.800000190734863,14.90999984741211,14.90999984741211,52614
2024-01-09,14.90999984741211,14.9399995803833,14.829999923706055,14.930000305175781,14.930000305175781,38436
2024-01-10,14.930000305175781,14.989999771118164,14.869999885559082,14.960000038146973,14.960000038146973,90406
2024-01-11,14.989999771118164,14.989999771118164,14.859999656677246,14.930000305175781,14.930000305175781,26563
2024-01-12,14.970000267028809,15.0,14.920000076293945,14.930000305175781,14.930000305175781,41242
2024-01-16,14.979999542236328,14.993800163269043,14.880000114440918,14.920000076293945,14.920000076293945,46058
2024-01-17,14.920000076293945,14.970000267028809,14.8100004196167,14.859999656677246,14.859999656677246,57777
2024-01-18,14.949999809265137,14.960000038146973,14.869999885559082,14.90999984741211,14.90999984741211,39141
2024-01-19,14.979999542236328,14.979999542236328,14.890000343322754,14.970000267028809,14.970000267028809,62298
2024-01-22,15.010000228881836,15.069999694824219,15.010000228881836,15.020000457763672,15.020000457763672,41799
2024-01-23,15.020000457763672,15.079999923706055,15.020000457763672,15.029999732971191,15.029999732971191,33151
2024-01-24,15.0600004196167,15.170000076293945,15.010000228881836,15.0600004196167,15.0600004196167,53794
2024-01-25,15.0600004196167,15.130000114440918,15.029999732971191,15.069999694824219,15.069999694824219,61009
2024-01-26,15.109999656677246,15.109999656677246,15.0,15.050000190734863,15.050000190734863,49543
2024-01-29,15.100000381469727,15.149999618530273,15.029999732971191,15.149999618530273,15.149999618530273,52261
2024-01-30,15.1899995803833,15.210000038146973,15.130000114440918,15.1899995803833,15.1899995803833,50271
2024-01-31,15.199999809265137,15.220000267028809,15.079999923706055,15.100000381469727,15.100000381469727,62836
2024-02-01,15.130000114440918,15.199999809265137,15.100000381469727,15.180000305175781,15.180000305175781,54812
2024-02-02,15.220000267028809,15.2475004196167,15.186400413513184,15.229999542236328,15.229999542236328,36699
2024-02-05,15.300000190734863,15.300000190734863,15.149999618530273,15.229999542236328,15.229999542236328,49353
2024-02-06,15.3100004196167,15.399999618530273,15.240099906921387,15.399999618530273,15.399999618530273,48147
2024-02-07,15.4399995803833,15.529999732971191,15.40999984741211,15.529999732971191,15.529999732971191,41063
2024-02-08,15.569999694824219,15.569999694824219,15.399999618530273,15.470000267028809,15.470000267028809,46847
2024-02-09,15.479999542236328,15.550000190734863,15.470000267028809,15.529999732971191,15.529999732971191,45408
2024-02-12,15.600000381469727,15.609999656677246,15.5,15.520000457763672,15.520000457763672,53442
2024-02-13,15.479999542236328,15.510000228881836,15.324999809265137,15.399999618530273,15.399999618530273,33604
2024-02-14,15.260000228881836,15.510000228881836,15.260000228881836,15.5,15.5,52058
2024-02-15,15.569999694824219,15.59000015258789,15.5,15.550000190734863,15.550000190734863,26179
2024-02-16,15.59000015258789,15.59000015258789,15.380000114440918,15.449999809265137,15.449999809265137,84025
2024-02-20,15.5,15.5,15.279999732971191,15.329999923706055,15.329999923706055,45939
2024-02-21,15.329999923706055,15.390000343322754,15.279999732971191,15.329999923706055,15.329999923706055,34471
2024-02-22,15.430000305175781,15.520000457763672,15.399999618530273,15.479999542236328,15.479999542236328,61717
2024-02-23,15.529999732971191,15.574999809265137,15.510000228881836,15.520000457763672,15.520000457763672,28330
2024-02-26,15.520000457763672,15.545000076293945,15.420000076293945,15.420000076293945,15.420000076293945,26656
2024-02-27,15.479999542236328,15.489999771118164,15.380000114440918,15.4399995803833,15.4399995803833,44648
2024-02-28,15.470000267028809,15.479999542236328,15.369999885559082,15.40999984741211,15.40999984741211,61281
2024-02-29,15.470000267028809,15.520000457763672,15.460000038146973,15.479999542236328,15.479999542236328,30489
2024-03-01,15.5,15.614999771118164,15.5,15.569999694824219,15.569999694824219,97748
2024-03-04,15.579999923706055,15.609999656677246,15.520099639892578,15.569999694824219,15.569999694824219,38465
2024-03-05,15.479999542236328,15.5600004196167,15.40999984741211,15.430000305175781,15.430000305175781,56801
2024-03-06,15.569999694824219,15.600000381469727,15.460000038146973,15.539999961853027,15.539999961853027,32587
2024-03-07,15.600000381469727,15.640000343322754,15.550000190734863,15.579999923706055,15.579999923706055,29313
2024-03-08,15.609999656677246,15.680000305175781,15.550000190734863,15.5600004196167,15.5600004196167,51080
2024-03-11,15.6899995803833,15.6899995803833,15.539999961853027,15.609999656677246,15.609999656677246,54423
2024-03-12,15.710000038146973,15.720000267028809,15.631099700927734,15.699999809265137,15.699999809265137,61228
2024-03-13,15.729999542236328,15.779999732971191,15.65999984741211,15.739999771118164,15.739999771118164,96666
2024-03-14,15.569999694824219,15.600000381469727,15.300000190734863,15.329999923706055,15.329999923706055,38727
2024-03-15,15.329999923706055,15.400799751281738,15.100000381469727,15.180000305175781,15.180000305175781,92496
2024-03-18,15.300000190734863,15.369799613952637,15.25,15.260000228881836,15.260000228881836,22125
2024-03-19,15.300000190734863,15.329999923706055,15.229999542236328,15.329999923706055,15.329999923706055,57183
2024-03-20,15.489999771118164,15.529999732971191,15.359700202941895,15.529999732971191,15.529999732971191,64807
2024-03-21,15.6899995803833,15.6899995803833,15.5649995803833,15.569999694824219,15.569999694824219,46409
2024-03-22,15.649999618530273,16.049999237060547,15.560099601745605,15.619999885559082,15.619999885559082,18460
2024-03-25,15.550000190734863,15.600000381469727,15.550000190734863,15.569999694824219,15.569999694824219,24454
2024-03-26,15.619999885559082,15.650300025939941,15.569999694824219,15.579999923706055,15.579999923706055,40198
2024-03-27,15.59000015258789,15.670000076293945,15.571200370788574,15.640000343322754,15.640000343322754,46015
2024-03-28,15.619999885559082,15.680000305175781,15.619999885559082,15.670000076293945,15.670000076293945,49617
2024-04-01,15.729999542236328,15.760000228881836,15.670000076293945,15.710000038146973,15.710000038146973,84700
2024-04-02,15.670000076293945,15.670000076293945,15.569999694824219,15.600000381469727,15.600000381469727,62168
2024-04-03,15.510000228881836,15.645000457763672,15.5,15.539999961853027,15.539999961853027,34887
2024-04-04,15.699999809265137,15.699999809265137,15.47249984741211,15.5,15.5,66208
2024-04-05,15.550000190734863,15.569999694824219,15.5,15.569999694824219,15.569999694824219,41106
2024-04-08,15.609999656677246,15.649999618530273,15.560600280761719,15.640000343322754,15.640000343322754,33217
2024-04-09,15.649999618530273,15.668999671936035,15.529999732971191,15.5600004196167,15.5600004196167,30339
2024-04-10,15.5,15.539999961853027,15.420000076293945,15.460000038146973,15.460000038146973,22772
2024-04-11,15.529999732971191,15.59000015258789,15.5,15.59000015258789,15.59000015258789,46482
2024-04-12,15.529999732971191,15.529999732971191,15.270000457763672,15.289999961853027,15.289999961853027,49261
2024-04-15,15.359999656677246,15.395000457763672,15.15999984741211,15.170000076293945,15.170000076293945,48639
2024-04-16,15.180000305175781,15.199999809265137,15.079999923706055,15.109999656677246,15.109999656677246,41180
2024-04-17,15.170000076293945,15.210000038146973,15.039999961853027,15.0600004196167,15.0600004196167,19477
2024-04-18,15.109999656677246,15.1899995803833,15.069999694824219,15.079999923706055,15.079999923706055,43219
2024-04-19,15.109999656677246,15.130000114440918,14.90999984741211,14.90999984741211,14.90999984741211,47798
2024-04-22,14.979999542236328,15.050000190734863,14.937000274658203,15.020000457763672,15.020000457763672,42691
2024-04-23,15.079999923706055,15.3100004196167,15.079999923706055,15.300000190734863,15.300000190734863,48064
2024-04-24,15.359999656677246,15.390000343322754,15.239999771118164,15.260000228881836,15.260000228881836,39595
2024-04-25,15.220000267028809,15.220000267028809,15.09000015258789,15.180000305175781,15.180000305175781,19451
2024-04-26,15.210000038146973,15.3100004196167,15.166999816894531,15.260000228881836,15.260000228881836,14080
2024-04-29,15.3100004196167,15.350000381469727,15.28380012512207,15.329999923706055,15.329999923706055,33585
2024-04-30,15.300000190734863,15.359999656677246,15.260000228881836,15.300000190734863,15.300000190734863,48551
2024-05-01,15.279999732971191,15.40999984741211,15.270000457763672,15.319999694824219,15.319999694824219,48944
2024-05-02,15.359999656677246,15.390000343322754,15.289999961853027,15.390000343322754,15.390000343322754,15590
2024-05-03,15.489999771118164,15.529999732971191,15.470000267028809,15.5,15.5,28138
2024-05-06,15.539999961853027,15.609999656677246,15.539999961853027,15.59000015258789,15.59000015258789,27867
2024-05-07,15.619999885559082,15.69909954071045,15.619999885559082,15.630000114440918,15.630000114440918,31339
2024-05-08,15.640000343322754,15.699999809265137,15.579999923706055,15.640000343322754,15.640000343322754,22923
2024-05-09,15.649999618530273,15.706299781799316,15.609199523925781,15.6899995803833,15.6899995803833,17680
2024-05-10,15.729999542236328,15.75,15.649999618530273,15.65999984741211,15.65999984741211,16604
2024-05-13,15.729999542236328,15.756500244140625,15.670000076293945,15.699999809265137,15.699999809265137,22906
2024-05-14,15.699999809265137,15.739999771118164,15.670000076293945,15.699999809265137,15.699999809265137,27852
2024-05-15,15.760000228881836,15.869999885559082,15.720000267028809,15.859999656677246,15.859999656677246,28493
2024-05-16,15.859999656677246,15.890000343322754,15.789999961853027,15.819999694824219,15.819999694824219,53637
2024-05-17,15.819999694824219,15.844400405883789,15.760000228881836,15.779999732971191,15.779999732971191,38191
2024-05-20,15.819999694824219,15.890000343322754,15.6899995803833,15.800000190734863,15.800000190734863,33360
2024-05-21,15.800000190734863,15.850000381469727,15.800000190734863,15.829999923706055,15.829999923706055,25726
2024-05-22,15.84000015258789,15.890000343322754,15.789999961853027,15.819999694824219,15.819999694824219,33844
2024-05-23,15.890000343322754,15.899999618530273,15.699999809265137,15.710000038146973,15.710000038146973,52639
2024-05-24,15.800000190734863,15.880000114440918,15.800000190734863,15.84000015258789,15.84000015258789,14674
2024-05-28,15.84000015258789,15.843400001525879,15.722100257873535,15.75,15.75,40686
2024-05-29,15.710000038146973,15.760000228881836,15.657699584960938,15.710000038146973,15.710000038146973,16770
2024-05-30,15.710000038146973,15.770000457763672,15.65999984741211,15.680000305175781,15.680000305175781,16341
2024-05-31,15.6899995803833,15.815500259399414,15.621399879455566,15.75,15.75,13677
2024-06-03,15.8100004196167,15.824999809265137,15.720000267028809,15.800000190734863,15.800000190734863,13169
2024-06-04,15.779999732971191,15.850000381469727,15.729999542236328,15.800000190734863,15.800000190734863,19513
2024-06-05,15.84000015258789,15.949799537658691,15.768500328063965,15.9399995803833,15.9399995803833,26999
2024-06-06,15.960000038146973,16.09000015258789,15.924300193786621,15.970000267028809,15.970000267028809,32122
2024-06-07,15.850000381469727,16.075000762939453,15.850000381469727,16.030000686645508,16.030000686645508,32909
2024-06-10,16.06999969482422,16.09000015258789,16.040000915527344,16.040000915527344,16.040000915527344,20415
2024-06-11,16.06999969482422,16.104999542236328,16.0,16.030000686645508,16.030000686645508,22776
2024-06-12,16.100000381469727,16.200000762939453,16.079999923706055,16.139999389648438,16.139999389648438,23479
2024-06-13,16.200000762939453,16.299999237060547,16.18000030517578,16.229999542236328,16.229999542236328,30419
2024-06-14,15.960000038146973,16.073999404907227,15.960000038146973,16.0,16.0,43766
2024-06-17,16.040000915527344,16.1299991607666,15.979700088500977,16.1299991607666,16.1299991607666,34299
2024-06-18,16.139999389648438,16.139999389648438,15.930000305175781,16.059999465942383,16.059999465942383,29811
2024-06-20,16.100000381469727,16.1299991607666,16.0,16.06999969482422,16.06999969482422,29940
2024-06-21,16.020000457763672,16.072999954223633,15.9399995803833,15.9399995803833,15.9399995803833,40608
2024-06-24,15.989999771118164,16.107999801635742,15.920000076293945,15.960000038146973,15.960000038146973,28085
2024-06-25,16.079999923706055,16.139999389648438,16.010000228881836,16.100000381469727,16.100000381469727,31520
2024-06-26,16.100000381469727,16.149999618530273,16.06999969482422,16.139999389648438,16.139999389648438,22325
2024-06-27,16.139999389648438,16.149999618530273,16.046100616455078,16.149999618530273,16.149999618530273,22288
2024-06-28,16.219999313354492,16.389999389648438,16.219999313354492,16.329999923706055,16.329999923706055,55168
2024-07-01,16.420000076293945,16.440000534057617,16.25,16.31999969482422,16.31999969482422,70415
2024-07-02,16.350000381469727,16.40999984741211,16.299999237060547,16.40999984741211,16.40999984741211,43394
2024-07-03,16.389999389648438,16.5,16.280000686645508,16.489999771118164,16.489999771118164,24019
2024-07-05,16.520000457763672,16.690000534057617,16.40999984741211,16.600000381469727,16.600000381469727,65823
2024-07-08,16.6200008392334,16.639999389648438,16.453500747680664,16.5,16.5,35925
2024-07-09,16.540000915527344,16.549999237060547,16.479999542236328,16.530000686645508,16.530000686645508,38442
2024-07-10,16.639999389648438,16.670000076293945,16.549999237060547,16.6299991607666,16.6299991607666,25544
2024-07-11,16.670000076293945,16.700000762939453,16.510799407958984,16.549999237060547,16.549999237060547,38360
2024-07-12,16.540000915527344,16.670000076293945,16.530000686645508,16.559999465942383,16.559999465942383,21907
2024-07-15,16.540000915527344,16.689899444580078,16.540000915527344,16.600000381469727,16.600000381469727,33255
2024-07-16,16.6299991607666,16.700000762939453,16.546300888061523,16.639999389648438,16.639999389648438,30251
2024-07-17,16.579999923706055,16.6299991607666,16.430700302124023,16.499900817871094,16.499900817871094,28434
