Date,Open,High,Low,Close,Adj Close,Volume
2019-08-09,7.650000095367432,8.390000343322754,6.408599853515625,7.019999980926514,7.019999980926514,58563
2019-08-12,7.010000228881836,7.219900131225586,7.0,7.010000228881836,7.010000228881836,9363
2019-08-13,7.090000152587891,7.329999923706055,7.090000152587891,7.281199932098389,7.281199932098389,28602
2019-08-14,7.199999809265137,7.199999809265137,6.940000057220459,7.119999885559082,7.119999885559082,32788
2019-08-15,7.070000171661377,7.070000171661377,6.820000171661377,6.820000171661377,6.820000171661377,14108
2019-08-16,7.010000228881836,7.099899768829346,6.889999866485596,6.929999828338623,6.929999828338623,13405
2019-08-19,7.170000076293945,7.170000076293945,6.730000019073486,6.840000152587891,6.840000152587891,27499
2019-08-20,6.710000038146973,6.829999923706055,6.659999847412109,6.713399887084961,6.713399887084961,13487
2019-08-21,6.599999904632568,6.690000057220459,6.5,6.5,6.5,6981
2019-08-22,6.5,6.599999904632568,6.489999771118164,6.51039981842041,6.51039981842041,28294
2019-08-23,6.460000038146973,6.630000114440918,6.019999980926514,6.101600170135498,6.101600170135498,8313
2019-08-26,5.900000095367432,6.251100063323975,5.900000095367432,6.251100063323975,6.251100063323975,9955
2019-08-27,6.570000171661377,6.570000171661377,6.329999923706055,6.329999923706055,6.329999923706055,15283
2019-08-28,6.349999904632568,6.467400074005127,6.239999771118164,6.239999771118164,6.239999771118164,3322
2019-08-29,6.43120002746582,6.609899997711182,6.388400077819824,6.388400077819824,6.388400077819824,13187
2019-08-30,6.409999847412109,6.409999847412109,6.380000114440918,6.380000114440918,6.380000114440918,425
2019-09-03,6.650000095367432,6.650000095367432,6.420000076293945,6.420000076293945,6.420000076293945,4348
2019-09-04,6.329999923706055,6.340000152587891,6.210000038146973,6.210000038146973,6.210000038146973,5751
2019-09-05,6.260000228881836,6.260000228881836,6.119999885559082,6.119999885559082,6.119999885559082,1924
2019-09-06,6.119999885559082,6.28000020980835,6.119999885559082,6.28000020980835,6.28000020980835,1220
2019-09-09,6.349999904632568,6.5,6.28000020980835,6.400000095367432,6.400000095367432,2809
2019-09-10,6.310100078582764,6.341700077056885,6.199999809265137,6.297599792480469,6.297599792480469,12562
2019-09-11,6.300000190734863,6.463900089263916,6.300000190734863,6.349999904632568,6.349999904632568,19436
2019-09-12,6.409999847412109,6.75,6.409999847412109,6.75,6.75,7225
2019-09-13,6.75,6.989999771118164,6.650000095367432,6.769999980926514,6.769999980926514,9660
2019-09-16,6.539999961853027,6.849999904632568,6.360000133514404,6.849999904632568,6.849999904632568,13435
2019-09-17,6.849999904632568,6.849999904632568,6.71999979019165,6.71999979019165,6.71999979019165,4102
2019-09-18,6.75,6.850100040435791,6.75,6.809999942779541,6.809999942779541,23828
2019-09-19,6.840000152587891,7.03000020980835,6.630000114440918,6.630000114440918,6.630000114440918,14967
2019-09-20,6.880000114440918,7.0,6.880000114440918,6.945099830627441,6.945099830627441,9312
2019-09-23,6.989999771118164,7.050000190734863,6.9552998542785645,7.0,7.0,71341
2019-09-24,6.949999809265137,7.050000190734863,6.949999809265137,7.0,7.0,61063
2019-09-25,6.939300060272217,7.099999904632568,6.934999942779541,7.099999904632568,7.099999904632568,17927
2019-09-26,7.039999961853027,7.050000190734863,6.929999828338623,6.929999828338623,6.929999828338623,21898
2019-09-27,7.0,7.0,6.929999828338623,6.940000057220459,6.940000057220459,7185
2019-09-30,6.951399803161621,6.951399803161621,6.920000076293945,6.920000076293945,6.920000076293945,400
2019-10-01,6.960000038146973,6.980000019073486,6.849999904632568,6.849999904632568,6.849999904632568,15056
2019-10-02,6.760000228881836,6.878200054168701,6.360000133514404,6.610000133514404,6.610000133514404,26447
2019-10-03,6.829999923706055,6.829999923706055,6.412099838256836,6.820000171661377,6.820000171661377,4149
2019-10-04,6.831099987030029,6.969200134277344,6.831099987030029,6.969200134277344,6.969200134277344,4209
2019-10-07,6.989999771118164,7.311100006103516,6.908100128173828,7.311100006103516,7.311100006103516,4320
2019-10-08,7.25,7.320000171661377,7.110000133514404,7.289999961853027,7.289999961853027,10774
2019-10-09,7.300000190734863,7.550000190734863,7.300000190734863,7.519999980926514,7.519999980926514,15383
2019-10-10,7.528500080108643,7.557799816131592,7.510000228881836,7.550000190734863,7.550000190734863,39356
2019-10-11,7.75,7.8516998291015625,7.690000057220459,7.7322001457214355,7.7322001457214355,47045
2019-10-14,7.900000095367432,7.900000095367432,7.699999809265137,7.699999809265137,7.699999809265137,279
2019-10-15,7.900000095367432,7.954500198364258,7.690000057220459,7.920000076293945,7.920000076293945,13990
2019-10-16,7.849999904632568,7.949999809265137,7.849999904632568,7.949999809265137,7.949999809265137,16097
2019-10-17,8.050000190734863,8.050000190734863,7.949999809265137,7.949999809265137,7.949999809265137,8027
2019-10-18,7.951900005340576,7.971099853515625,7.849999904632568,7.869999885559082,7.869999885559082,57518
2019-10-21,8.0,8.729999542236328,7.983699798583984,8.534299850463867,8.534299850463867,30340
2019-10-22,8.710000038146973,8.710000038146973,7.619999885559082,8.180000305175781,8.180000305175781,23434
2019-10-23,8.149999618530273,8.149999618530273,7.739999771118164,7.739999771118164,7.739999771118164,6666
2019-10-24,7.96999979019165,8.331000328063965,7.949999809265137,8.260000228881836,8.260000228881836,25499
2019-10-25,8.449999809265137,8.449999809265137,8.260000228881836,8.260000228881836,8.260000228881836,8271
2019-10-28,8.390000343322754,8.449999809265137,8.199999809265137,8.289999961853027,8.289999961853027,20969
2019-10-29,8.199999809265137,8.350000381469727,8.199999809265137,8.237299919128418,8.237299919128418,14276
2019-10-30,8.300000190734863,8.300800323486328,8.100000381469727,8.1899995803833,8.1899995803833,18345
2019-10-31,8.130000114440918,8.140000343322754,8.079999923706055,8.119999885559082,8.119999885559082,1547
2019-11-01,8.069999694824219,8.170000076293945,8.010000228881836,8.050000190734863,8.050000190734863,8118
2019-11-04,8.050000190734863,8.0600004196167,7.897500038146973,7.96999979019165,7.96999979019165,15238
2019-11-05,8.0,8.0,7.059999942779541,7.230000019073486,7.230000019073486,81510
2019-11-06,7.420000076293945,7.590000152587891,7.139999866485596,7.590000152587891,7.590000152587891,84999
2019-11-07,7.309999942779541,7.539999961853027,7.239999771118164,7.329999923706055,7.329999923706055,27318
2019-11-08,7.21999979019165,7.260000228881836,7.019999980926514,7.019999980926514,7.019999980926514,22276
2019-11-11,7.300000190734863,7.300000190734863,6.75,6.900000095367432,6.900000095367432,17278
2019-11-12,6.96999979019165,6.96999979019165,6.593500137329102,6.789999961853027,6.789999961853027,29135
2019-11-13,7.010000228881836,7.010000228881836,6.409999847412109,6.420000076293945,6.420000076293945,22852
2019-11-14,6.349999904632568,6.702600002288818,6.340000152587891,6.702600002288818,6.702600002288818,10640
2019-11-15,6.760000228881836,6.760000228881836,6.570000171661377,6.599999904632568,6.599999904632568,9339
2019-11-18,6.559999942779541,6.559999942779541,6.309999942779541,6.309999942779541,6.309999942779541,21937
2019-11-19,6.360000133514404,6.360000133514404,6.139999866485596,6.170000076293945,6.170000076293945,16863
2019-11-20,6.130000114440918,6.21999979019165,5.980000019073486,6.059999942779541,6.059999942779541,41196
2019-11-21,6.199999809265137,6.199999809265137,5.989999771118164,6.059999942779541,6.059999942779541,10640
2019-11-22,6.1645002365112305,6.440000057220459,6.1645002365112305,6.389999866485596,6.389999866485596,15240
2019-11-25,6.670000076293945,6.670000076293945,6.175000190734863,6.199999809265137,6.199999809265137,33525
2019-11-26,6.110000133514404,6.21999979019165,6.110000133514404,6.130000114440918,6.130000114440918,8401
2019-11-27,6.150000095367432,6.399499893188477,6.093999862670898,6.170000076293945,6.170000076293945,72693
2019-11-29,6.150000095367432,6.230000019073486,6.059999942779541,6.179699897766113,6.179699897766113,9932
2019-12-02,6.179999828338623,6.389999866485596,5.940000057220459,6.389999866485596,6.389999866485596,15515
2019-12-03,6.28000020980835,6.300000190734863,6.070000171661377,6.070000171661377,6.070000171661377,24311
2019-12-04,6.090000152587891,6.192800045013428,6.03000020980835,6.070000171661377,6.070000171661377,19497
2019-12-05,6.099999904632568,6.150000095367432,6.059999942779541,6.130000114440918,6.130000114440918,5106
2019-12-06,6.150000095367432,6.429999828338623,6.099999904632568,6.380000114440918,6.380000114440918,18730
2019-12-09,6.380000114440918,6.428999900817871,6.239999771118164,6.300000190734863,6.300000190734863,38283
2019-12-10,6.349999904632568,6.400000095367432,6.300000190734863,6.349999904632568,6.349999904632568,14560
2019-12-11,6.360000133514404,6.440000057220459,6.224999904632568,6.440000057220459,6.440000057220459,10457
2019-12-12,6.25,6.389999866485596,6.230000019073486,6.284999847412109,6.284999847412109,4942
2019-12-13,6.329999923706055,6.39300012588501,6.230000019073486,6.269999980926514,6.269999980926514,13693
2019-12-16,6.300000190734863,6.349999904632568,6.239999771118164,6.239999771118164,6.239999771118164,5929
2019-12-17,6.239999771118164,6.28000020980835,6.199999809265137,6.199999809265137,6.199999809265137,1953
2019-12-18,6.184500217437744,6.184500217437744,6.139999866485596,6.159999847412109,6.159999847412109,3709
2019-12-19,6.409999847412109,6.409999847412109,6.150000095367432,6.25,6.25,2003
2019-12-20,6.300000190734863,6.340000152587891,6.150000095367432,6.320000171661377,6.320000171661377,18235
2019-12-23,6.349999904632568,6.349999904632568,6.21999979019165,6.28000020980835,6.28000020980835,14255
2019-12-24,6.242199897766113,6.260000228881836,6.230000019073486,6.239999771118164,6.239999771118164,13853
2019-12-26,6.156799793243408,6.340000152587891,6.156799793243408,6.340000152587891,6.340000152587891,2468
2019-12-27,6.25,6.352499961853027,6.25,6.28000020980835,6.28000020980835,8981
2019-12-30,6.290999889373779,6.360000133514404,6.25,6.329999923706055,6.329999923706055,13953
2019-12-31,6.340000152587891,6.360000133514404,6.199999809265137,6.199999809265137,6.199999809265137,20025
2020-01-02,6.289000034332275,6.320000171661377,6.210000038146973,6.289999961853027,6.289999961853027,18779
2020-01-03,6.349999904632568,6.349999904632568,6.179999828338623,6.199999809265137,6.199999809265137,9439
2020-01-06,6.130000114440918,6.199999809265137,5.639999866485596,6.079999923706055,6.079999923706055,71434
2020-01-07,5.840000152587891,6.010000228881836,5.835000038146973,5.849999904632568,5.849999904632568,17655
2020-01-08,5.820000171661377,6.139999866485596,5.820000171661377,6.090000152587891,6.090000152587891,11831
2020-01-09,5.980000019073486,5.980000019073486,5.829999923706055,5.849999904632568,5.849999904632568,35046
2020-01-10,5.829999923706055,6.0,5.809800148010254,5.829999923706055,5.829999923706055,7585
2020-01-13,5.809999942779541,5.880000114440918,5.420000076293945,5.71999979019165,5.71999979019165,39630
2020-01-14,5.6869001388549805,5.789999961853027,5.679999828338623,5.710000038146973,5.710000038146973,23167
2020-01-15,5.75,5.760000228881836,5.579999923706055,5.699999809265137,5.699999809265137,19447
2020-01-16,5.71999979019165,5.730000019073486,5.690000057220459,5.699999809265137,5.699999809265137,16248
2020-01-17,5.690000057220459,5.690000057220459,5.510000228881836,5.510000228881836,5.510000228881836,13458
2020-01-21,5.5,5.53000020980835,5.449999809265137,5.5,5.5,10890
2020-01-22,5.510000228881836,5.699999809265137,5.510000228881836,5.599999904632568,5.599999904632568,39678
2020-01-23,5.829999923706055,5.829999923706055,5.599999904632568,5.730000019073486,5.730000019073486,1993
2020-01-24,5.690000057220459,5.696800231933594,5.46999979019165,5.5,5.5,8172
2020-01-27,5.300000190734863,5.437099933624268,5.300000190734863,5.380000114440918,5.380000114440918,19221
2020-01-28,5.610000133514404,5.699999809265137,5.419099807739258,5.690000057220459,5.690000057220459,16435
2020-01-29,5.829999923706055,5.829999923706055,5.570000171661377,5.579999923706055,5.579999923706055,17126
2020-01-30,5.579999923706055,5.589000225067139,5.429999828338623,5.460000038146973,5.460000038146973,15859
2020-01-31,5.409999847412109,5.409999847412109,5.230000019073486,5.25,5.25,12804
2020-02-03,5.75,5.75,5.039999961853027,5.119999885559082,5.119999885559082,77694
2020-02-04,5.199999809265137,5.510000228881836,5.199999809265137,5.440000057220459,5.440000057220459,47549
2020-02-05,5.539999961853027,5.670000076293945,5.510000228881836,5.514999866485596,5.514999866485596,21053
2020-02-06,5.5355000495910645,5.539999961853027,5.427199840545654,5.440000057220459,5.440000057220459,6122
2020-02-07,5.309999942779541,5.650000095367432,5.25,5.559999942779541,5.559999942779541,12640
2020-02-10,5.78000020980835,5.78000020980835,5.419899940490723,5.419899940490723,5.419899940490723,8554
2020-02-11,5.440000057220459,5.730000019073486,5.440000057220459,5.730000019073486,5.730000019073486,6360
2020-02-12,5.826399803161621,5.826399803161621,5.619999885559082,5.71999979019165,5.71999979019165,24858
2020-02-13,5.611199855804443,5.670000076293945,5.6097002029418945,5.610000133514404,5.610000133514404,19634
2020-02-14,5.582699775695801,5.619999885559082,5.550000190734863,5.619999885559082,5.619999885559082,21373
2020-02-18,5.566999912261963,5.71999979019165,5.5,5.5,5.5,29438
2020-02-19,5.480000019073486,5.730000019073486,5.480000019073486,5.730000019073486,5.730000019073486,11379
2020-02-20,5.71999979019165,5.730000019073486,5.619999885559082,5.730000019073486,5.730000019073486,54000
2020-02-21,5.730000019073486,5.730000019073486,5.579999923706055,5.590000152587891,5.590000152587891,74646
2020-02-24,5.369999885559082,5.409999847412109,5.150000095367432,5.179999828338623,5.179999828338623,21042
2020-02-25,5.179999828338623,5.179999828338623,4.75,4.980000019073486,4.980000019073486,59648
2020-02-26,4.949999809265137,4.95550012588501,4.666900157928467,4.809999942779541,4.809999942779541,18137
2020-02-27,5.0,5.019999980926514,4.28000020980835,5.0,5.0,65861
2020-02-28,4.570000171661377,5.0,4.440000057220459,5.0,5.0,67279
2020-03-02,5.380000114440918,5.380000114440918,4.800000190734863,4.800000190734863,4.800000190734863,42975
2020-03-03,5.127900123596191,5.127900123596191,3.9400999546051025,4.0,4.0,281071
2020-03-04,4.0,4.400000095367432,4.0,4.210000038146973,4.210000038146973,27360
2020-03-05,4.139999866485596,4.139999866485596,4.010000228881836,4.059999942779541,4.059999942779541,30749
2020-03-06,4.0,4.019999980926514,3.880000114440918,3.940000057220459,3.940000057220459,86844
2020-03-09,3.5999999046325684,3.75,3.336199998855591,3.509999990463257,3.509999990463257,131533
2020-03-10,3.549999952316284,3.7100000381469727,3.4993999004364014,3.6500000953674316,3.6500000953674316,71961
2020-03-11,3.5399999618530273,3.559999942779541,2.990000009536743,3.0899999141693115,3.0899999141693115,114409
2020-03-12,2.890000104904175,3.0,2.6700000762939453,2.8399999141693115,2.8399999141693115,361147
2020-03-13,2.9000000953674316,3.2300000190734863,2.690000057220459,2.9000000953674316,2.9000000953674316,107387
2020-03-16,2.759999990463257,2.799999952316284,2.440000057220459,2.7200000286102295,2.7200000286102295,116353
2020-03-17,2.9100000858306885,3.549999952316284,2.7899999618530273,3.2200000286102295,3.2200000286102295,508841
2020-03-18,3.1600000858306885,3.6700000762939453,2.8299999237060547,3.200000047683716,3.200000047683716,715827
2020-03-19,3.4000000953674316,3.8499999046325684,3.1500000953674316,3.7100000381469727,3.7100000381469727,423685
2020-03-20,4.019999980926514,5.0,3.950000047683716,4.670000076293945,4.670000076293945,1140780
2020-03-23,5.25,5.309999942779541,3.7799999713897705,4.039999961853027,4.039999961853027,503322
2020-03-24,4.199999809265137,4.289999961853027,3.5199999809265137,4.050000190734863,4.050000190734863,307888
2020-03-25,4.099999904632568,4.670000076293945,3.8499999046325684,4.130000114440918,4.130000114440918,447606
2020-03-26,4.449999809265137,4.449999809265137,4.019999980926514,4.230000019073486,4.230000019073486,194080
2020-03-27,4.110000133514404,4.309999942779541,3.8392999172210693,4.210000038146973,4.210000038146973,421270
2020-03-30,4.329999923706055,4.630000114440918,4.230000019073486,4.570000171661377,4.570000171661377,406781
2020-03-31,4.559999942779541,4.925000190734863,4.559999942779541,4.760000228881836,4.760000228881836,226922
2020-04-01,4.690000057220459,4.730000019073486,4.360000133514404,4.46999979019165,4.46999979019165,112933
2020-04-02,4.550000190734863,4.710000038146973,4.340000152587891,4.599999904632568,4.599999904632568,133225
2020-04-03,4.650000095367432,4.730000019073486,4.239999771118164,4.260000228881836,4.260000228881836,122805
2020-04-06,4.260000228881836,4.420000076293945,3.9800000190734863,4.400000095367432,4.400000095367432,239275
2020-04-07,5.0,5.489999771118164,5.0,5.199999809265137,5.199999809265137,408085
2020-04-08,5.019999980926514,5.230000019073486,4.75,5.059999942779541,5.059999942779541,146111
2020-04-09,5.099999904632568,5.380000114440918,5.050000190734863,5.289999961853027,5.289999961853027,400317
2020-04-13,5.809999942779541,6.139999866485596,5.739999771118164,6.099999904632568,6.099999904632568,647642
2020-04-14,6.199999809265137,6.5,6.119999885559082,6.170000076293945,6.170000076293945,348629
2020-04-15,6.110000133514404,6.25,5.900000095367432,6.150000095367432,6.150000095367432,198573
2020-04-16,6.309999942779541,6.400000095367432,6.110000133514404,6.25,6.25,461301
2020-04-17,6.5,6.710000038146973,6.28000020980835,6.650000095367432,6.650000095367432,190460
2020-04-20,6.599999904632568,6.96999979019165,6.369999885559082,6.739999771118164,6.739999771118164,251048
2020-04-21,6.699999809265137,6.699999809265137,6.119999885559082,6.510000228881836,6.510000228881836,286922
2020-04-22,6.590000152587891,6.699999809265137,6.349999904632568,6.449999809265137,6.449999809265137,85656
2020-04-23,6.519999980926514,6.570000171661377,6.260000228881836,6.429999828338623,6.429999828338623,314293
2020-04-24,6.53000020980835,6.739999771118164,6.380000114440918,6.650000095367432,6.650000095367432,155478
2020-04-27,6.78000020980835,7.099999904632568,6.559999942779541,7.050000190734863,7.050000190734863,256592
2020-04-28,7.070000171661377,7.199999809265137,6.690000057220459,6.800000190734863,6.800000190734863,177108
2020-04-29,6.900000095367432,6.900000095367432,6.53000020980835,6.599999904632568,6.599999904632568,233734
2020-04-30,6.559999942779541,6.619999885559082,6.400000095367432,6.489999771118164,6.489999771118164,157804
2020-05-01,6.309999942779541,6.690000057220459,6.130000114440918,6.610000133514404,6.610000133514404,267491
2020-05-04,6.579999923706055,6.579999923706055,6.170000076293945,6.309999942779541,6.309999942779541,197650
2020-05-05,6.949999809265137,7.239999771118164,6.289999961853027,6.800000190734863,6.800000190734863,646495
2020-05-06,6.800000190734863,7.039999961853027,6.690100193023682,6.78000020980835,6.78000020980835,179348
2020-05-07,6.849999904632568,7.119999885559082,6.849999904632568,7.010000228881836,7.010000228881836,190773
2020-05-08,7.099999904632568,7.099999904632568,6.829999923706055,7.050000190734863,7.050000190734863,141091
2020-05-11,7.099999904632568,7.389999866485596,7.005199909210205,7.21999979019165,7.21999979019165,222628
2020-05-12,7.239999771118164,7.329999923706055,6.989999771118164,7.019999980926514,7.019999980926514,243433
2020-05-13,7.139999866485596,7.159999847412109,6.760000228881836,6.949999809265137,6.949999809265137,312833
2020-05-14,6.880000114440918,7.179999828338623,6.429999828338623,7.090000152587891,7.090000152587891,196122
2020-05-15,7.0,7.860000133514404,6.96999979019165,7.75,7.75,1453001
2020-05-18,8.180000305175781,8.270000457763672,7.409999847412109,7.809999942779541,7.809999942779541,446568
2020-05-19,8.039999961853027,8.15999984741211,7.739999771118164,7.78000020980835,7.78000020980835,298049
2020-05-20,7.809999942779541,7.940000057220459,7.519999980926514,7.650000095367432,7.650000095367432,221259
2020-05-21,7.650000095367432,7.889999866485596,7.440000057220459,7.820000171661377,7.820000171661377,209447
2020-05-22,7.829999923706055,8.390000343322754,7.699999809265137,8.380000114440918,8.380000114440918,343345
2020-05-26,8.600000381469727,8.720000267028809,8.420000076293945,8.479999542236328,8.479999542236328,353555
2020-05-27,8.5,8.555000305175781,7.80019998550415,8.029999732971191,8.029999732971191,494913
2020-05-28,8.170000076293945,8.380000114440918,7.949999809265137,8.0,8.0,178800
2020-05-29,8.0,8.40999984741211,7.900000095367432,8.329999923706055,8.329999923706055,208462
2020-06-01,8.4399995803833,8.84000015258789,8.26200008392334,8.770000457763672,8.770000457763672,249638
2020-06-02,8.800000190734863,8.869999885559082,8.350000381469727,8.420000076293945,8.420000076293945,321867
2020-06-03,8.399999618530273,8.850000381469727,8.350000381469727,8.819999694824219,8.819999694824219,285797
2020-06-04,8.729999542236328,9.0,8.529999732971191,8.630000114440918,8.630000114440918,236022
2020-06-05,8.739999771118164,8.859999656677246,8.359999656677246,8.630000114440918,8.630000114440918,359349
2020-06-08,8.649999618530273,9.15999984741211,8.5,9.15999984741211,9.15999984741211,449162
2020-06-09,9.0600004196167,9.59000015258789,8.850000381469727,9.539999961853027,9.539999961853027,555053
2020-06-10,9.600000381469727,9.6899995803833,9.239999771118164,9.479999542236328,9.479999542236328,377998
2020-06-11,9.09000015258789,9.300000190734863,8.649999618530273,8.789999961853027,8.789999961853027,489958
2020-06-12,9.079999923706055,9.4399995803833,8.949999809265137,9.300000190734863,9.300000190734863,410230
2020-06-15,9.300000190734863,9.600000381469727,9.149999618530273,9.569999694824219,9.569999694824219,407874
2020-06-16,9.859999656677246,10.539999961853027,9.519000053405762,10.5,10.5,878150
2020-06-17,10.5600004196167,10.75,10.180000305175781,10.479999542236328,10.479999542236328,901538
2020-06-18,10.430000305175781,11.220000267028809,10.430000305175781,11.210000038146973,11.210000038146973,1004131
2020-06-19,11.3100004196167,11.90999984741211,11.0600004196167,11.289999961853027,11.289999961853027,1432315
2020-06-22,11.510000228881836,11.930000305175781,11.444999694824219,11.680000305175781,11.680000305175781,1021076
2020-06-23,11.699999809265137,11.853899955749512,10.329999923706055,10.8100004196167,10.8100004196167,1049767
2020-06-24,10.789999961853027,10.899999618530273,10.260000228881836,10.6899995803833,10.6899995803833,487514
2020-06-25,10.699999809265137,10.84000015258789,10.579999923706055,10.75,10.75,472123
2020-06-26,10.649999618530273,10.649999618530273,9.819999694824219,10.260000228881836,10.260000228881836,5235336
2020-06-29,10.210000038146973,10.640000343322754,10.109999656677246,10.220000267028809,10.220000267028809,512907
2020-06-30,10.149999618530273,10.470000267028809,9.520000457763672,9.600000381469727,9.600000381469727,544494
2020-07-01,9.579999923706055,9.600000381469727,8.960000038146973,8.979999542236328,8.979999542236328,408578
2020-07-02,9.300000190734863,9.569999694824219,8.979999542236328,9.4399995803833,9.4399995803833,678521
2020-07-06,10.109999656677246,10.199999809265137,9.319999694824219,9.850000381469727,9.850000381469727,779985
2020-07-07,9.789999961853027,10.329999923706055,9.649999618530273,10.210000038146973,10.210000038146973,419358
2020-07-08,10.390000343322754,10.4399995803833,9.970000267028809,10.4399995803833,10.4399995803833,391413
2020-07-09,10.510000228881836,10.680000305175781,10.170000076293945,10.619999885559082,10.619999885559082,602624
2020-07-10,10.619999885559082,10.819999694824219,10.399999618530273,10.489999771118164,10.489999771118164,679693
2020-07-13,10.630000114440918,10.630000114440918,9.579999923706055,9.670000076293945,9.670000076293945,384337
2020-07-14,9.65999984741211,10.350000381469727,9.630000114440918,10.300000190734863,10.300000190734863,266211
2020-07-15,10.4399995803833,10.619999885559082,10.20989990234375,10.5649995803833,10.5649995803833,246130
2020-07-16,10.550000190734863,10.619999885559082,10.15999984741211,10.260000228881836,10.260000228881836,212374
2020-07-17,10.25,10.579999923706055,10.140000343322754,10.390000343322754,10.390000343322754,266518
2020-07-20,10.34000015258789,10.880000114440918,10.279999732971191,10.640000343322754,10.640000343322754,300248
2020-07-21,10.65999984741211,10.789999961853027,10.180000305175781,10.40999984741211,10.40999984741211,196227
2020-07-22,10.359999656677246,10.600000381469727,9.960000038146973,10.3100004196167,10.3100004196167,329892
2020-07-23,10.350000381469727,10.710000038146973,10.210000038146973,10.380000114440918,10.380000114440918,190349
2020-07-24,10.350000381469727,10.510000228881836,10.170000076293945,10.239999771118164,10.239999771118164,114653
2020-07-27,10.220000267028809,10.970000267028809,10.220000267028809,10.800000190734863,10.800000190734863,163545
2020-07-28,10.6899995803833,11.029999732971191,10.6899995803833,10.819999694824219,10.819999694824219,220509
2020-07-29,10.880000114440918,11.104999542236328,10.770099639892578,11.020000457763672,11.020000457763672,220652
2020-07-30,11.010000228881836,11.09000015258789,10.819999694824219,11.0,11.0,162286
2020-07-31,11.210000038146973,11.210000038146973,10.4399995803833,10.84000015258789,10.84000015258789,245022
2020-08-03,10.920000076293945,11.109999656677246,10.619999885559082,11.039999961853027,11.039999961853027,181273
2020-08-04,11.0600004196167,11.350000381469727,10.859999656677246,11.15999984741211,11.15999984741211,222812
2020-08-05,11.859999656677246,11.979999542236328,10.279999732971191,10.520000457763672,10.520000457763672,489819
2020-08-06,10.479999542236328,10.609999656677246,9.770000457763672,10.039999961853027,10.039999961853027,396026
2020-08-07,10.109999656677246,10.390000343322754,9.949999809265137,10.109999656677246,10.109999656677246,234143
2020-08-10,10.109999656677246,10.4399995803833,10.069999694824219,10.399999618530273,10.399999618530273,238621
2020-08-11,10.5,10.5,10.050000190734863,10.260000228881836,10.260000228881836,213148
2020-08-12,10.300000190734863,10.569999694824219,9.979999542236328,10.010000228881836,10.010000228881836,393151
2020-08-13,10.039999961853027,10.670000076293945,10.039999961853027,10.670000076293945,10.670000076293945,174259
2020-08-14,10.600000381469727,10.630000114440918,10.3100004196167,10.420000076293945,10.420000076293945,132309
2020-08-17,10.479999542236328,10.970000267028809,10.420000076293945,10.960000038146973,10.960000038146973,137852
2020-08-18,10.970000267028809,11.119999885559082,10.760000228881836,10.779999732971191,10.779999732971191,150760
2020-08-19,10.789999961853027,10.890000343322754,10.390000343322754,10.4399995803833,10.4399995803833,188546
2020-08-20,10.329999923706055,10.979999542236328,10.170000076293945,10.819999694824219,10.819999694824219,187829
2020-08-21,10.789999961853027,11.329999923706055,10.640000343322754,11.210000038146973,11.210000038146973,283861
2020-08-24,11.300000190734863,11.300000190734863,10.770000457763672,10.90999984741211,10.90999984741211,183335
2020-08-25,10.9399995803833,11.239999771118164,10.789999961853027,11.220000267028809,11.220000267028809,106605
2020-08-26,11.1899995803833,11.319999694824219,10.970000267028809,11.079999923706055,11.079999923706055,118407
2020-08-27,11.09000015258789,11.09000015258789,10.670000076293945,10.720000267028809,10.720000267028809,149359
2020-08-28,10.739999771118164,11.100000381469727,10.710000038146973,10.9399995803833,10.9399995803833,100105
2020-08-31,11.029999732971191,11.029999732971191,10.710000038146973,10.869999885559082,10.869999885559082,159501
2020-09-01,10.890000343322754,11.071200370788574,10.720000267028809,10.875,10.875,191537
2020-09-02,10.960000038146973,11.180000305175781,10.710000038146973,11.0,11.0,161659
2020-09-03,10.949999809265137,10.949999809265137,10.199999809265137,10.460000038146973,10.460000038146973,233392
2020-09-04,10.510000228881836,10.59000015258789,9.510000228881836,9.8100004196167,9.8100004196167,374140
2020-09-08,9.59000015258789,9.8100004196167,9.170000076293945,9.619999885559082,9.619999885559082,258116
2020-09-09,9.600000381469727,9.850000381469727,9.399999618530273,9.430000305175781,9.430000305175781,155770
2020-09-10,9.449999809265137,9.619999885559082,8.609999656677246,8.914999961853027,8.914999961853027,356495
2020-09-11,9.170000076293945,9.170000076293945,8.600000381469727,8.720000267028809,8.720000267028809,255098
2020-09-14,8.8100004196167,9.210000038146973,8.720000267028809,8.720000267028809,8.720000267028809,195873
2020-09-15,8.8100004196167,8.850000381469727,8.140000343322754,8.15999984741211,8.15999984741211,294997
2020-09-16,8.350000381469727,9.470000267028809,8.140000343322754,9.140000343322754,9.140000343322754,524704
2020-09-17,9.010000228881836,9.229999542236328,8.65999984741211,9.109999656677246,9.109999656677246,180959
2020-09-18,9.270000457763672,9.550000190734863,9.039999961853027,9.470000267028809,9.470000267028809,464044
2020-09-21,9.420000076293945,9.420000076293945,8.84000015258789,9.210000038146973,9.210000038146973,306130
2020-09-22,9.199999809265137,9.260000228881836,8.65999984741211,8.8100004196167,8.8100004196167,152406
2020-09-23,8.829999923706055,8.829999923706055,8.3100004196167,8.364999771118164,8.364999771118164,243977
2020-09-24,8.350000381469727,8.640000343322754,8.229999542236328,8.359999656677246,8.359999656677246,146558
2020-09-25,8.359999656677246,8.84000015258789,8.319999694824219,8.779999732971191,8.779999732971191,183453
2020-09-28,8.850000381469727,8.9399995803833,8.520000457763672,8.739999771118164,8.739999771118164,166321
2020-09-29,8.720000267028809,9.140000343322754,8.699999809265137,9.039999961853027,9.039999961853027,142591
2020-09-30,8.989999771118164,9.149999618530273,8.630000114440918,8.640000343322754,8.640000343322754,200739
2020-10-01,8.640000343322754,8.880000114440918,8.470000267028809,8.5600004196167,8.5600004196167,161385
2020-10-02,8.279999732971191,8.59000015258789,8.279999732971191,8.489999771118164,8.489999771118164,102878
2020-10-05,8.539999961853027,8.770000457763672,8.539999961853027,8.75,8.75,123021
2020-10-06,8.789999961853027,8.84000015258789,8.350000381469727,8.4399995803833,8.4399995803833,203166
2020-10-07,8.569999694824219,8.880000114440918,8.520000457763672,8.720000267028809,8.720000267028809,119992
2020-10-08,8.739999771118164,8.880000114440918,8.670000076293945,8.800000190734863,8.800000190734863,108465
2020-10-09,8.899999618530273,9.0,8.6899995803833,8.739999771118164,8.739999771118164,99791
2020-10-12,8.739999771118164,9.229900360107422,8.529999732971191,9.149999618530273,9.149999618530273,92543
2020-10-13,9.15999984741211,9.255000114440918,8.86299991607666,8.920000076293945,8.920000076293945,137499
2020-10-14,8.890000343322754,9.050000190734863,8.770000457763672,8.90999984741211,8.90999984741211,104209
2020-10-15,8.899999618530273,8.960000038146973,8.579999923706055,8.920000076293945,8.920000076293945,136258
2020-10-16,8.899999618530273,8.979999542236328,8.710000038146973,8.869999885559082,8.869999885559082,134548
2020-10-19,9.069999694824219,9.59000015258789,9.050000190734863,9.260000228881836,9.260000228881836,494646
2020-10-20,9.489999771118164,10.109999656677246,9.204999923706055,10.069999694824219,10.069999694824219,1911340
2020-10-21,10.3100004196167,10.329999923706055,9.5,9.520000457763672,9.520000457763672,556255
2020-10-22,9.520000457763672,9.710000038146973,9.5,9.649999618530273,9.649999618530273,389070
2020-10-23,9.699999809265137,9.699999809265137,9.5,9.520000457763672,9.520000457763672,224163
2020-10-26,9.550000190734863,9.550000190734863,8.779999732971191,8.789999961853027,8.789999961853027,371612
2020-10-27,8.829999923706055,8.850000381469727,8.6850004196167,8.720000267028809,8.720000267028809,260634
2020-10-28,8.890000343322754,8.890000343322754,8.039999961853027,8.109999656677246,8.109999656677246,445010
2020-10-29,8.100000381469727,8.579999923706055,7.730000019073486,8.324999809265137,8.324999809265137,287568
2020-10-30,8.319999694824219,8.40999984741211,7.945000171661377,8.010000228881836,8.010000228881836,208489
2020-11-02,8.119000434875488,8.350000381469727,8.050000190734863,8.239999771118164,8.239999771118164,175157
2020-11-03,8.550000190734863,8.84000015258789,8.289999961853027,8.770000457763672,8.770000457763672,177675
2020-11-04,8.75,9.010000228881836,8.470000267028809,8.550000190734863,8.550000190734863,149854
2020-11-05,8.539999961853027,8.879899978637695,7.960000038146973,8.800000190734863,8.800000190734863,317807
2020-11-06,8.800000190734863,9.300000190734863,8.789999961853027,9.15999984741211,9.15999984741211,191001
2020-11-09,9.305000305175781,9.739999771118164,8.579999923706055,8.59000015258789,8.59000015258789,304953
2020-11-10,8.600000381469727,8.699999809265137,8.1899995803833,8.654999732971191,8.654999732971191,460444
2020-11-11,8.729999542236328,8.989999771118164,8.5600004196167,8.8100004196167,8.8100004196167,286656
2020-11-12,8.859999656677246,8.899999618530273,8.329999923706055,8.390000343322754,8.390000343322754,181521
2020-11-13,8.4399995803833,8.648200035095215,8.390000343322754,8.470000267028809,8.470000267028809,115492
2020-11-16,8.5600004196167,8.850000381469727,8.489999771118164,8.6899995803833,8.6899995803833,189997
2020-11-17,8.6899995803833,8.770000457763672,8.4399995803833,8.630000114440918,8.630000114440918,123446
2020-11-18,8.633199691772461,9.014699935913086,8.630000114440918,8.760000228881836,8.760000228881836,155656
2020-11-19,8.739999771118164,9.069999694824219,8.699999809265137,8.9399995803833,8.9399995803833,133545
2020-11-20,8.880000114440918,9.239999771118164,8.84000015258789,9.15999984741211,9.15999984741211,159166
2020-11-23,9.239999771118164,9.300000190734863,8.819999694824219,9.149999618530273,9.149999618530273,278865
2020-11-24,9.25,9.279899597167969,9.0,9.109999656677246,9.109999656677246,220359
2020-11-25,9.100000381469727,9.5600004196167,9.020000457763672,9.319999694824219,9.319999694824219,168039
2020-11-27,9.430000305175781,9.75,9.329999923706055,9.510000228881836,9.510000228881836,125879
2020-11-30,9.609999656677246,9.789999961853027,9.279999732971191,9.75,9.75,205215
2020-12-01,9.869999885559082,9.869999885559082,9.430000305175781,9.59000015258789,9.59000015258789,259983
2020-12-02,9.649999618530273,9.699999809265137,9.449999809265137,9.640000343322754,9.640000343322754,172051
2020-12-03,9.65999984741211,9.839900016784668,9.25,9.300000190734863,9.300000190734863,167372
2020-12-04,9.380000114440918,9.380000114440918,8.9399995803833,9.029999732971191,9.029999732971191,239851
2020-12-07,9.020000457763672,9.380000114440918,8.910699844360352,9.079999923706055,9.079999923706055,247350
2020-12-08,9.069999694824219,9.270299911499023,9.0600004196167,9.210000038146973,9.210000038146973,179784
2020-12-09,9.270000457763672,9.300000190734863,9.079999923706055,9.140000343322754,9.140000343322754,141552
2020-12-10,9.5,9.5,9.100000381469727,9.170000076293945,9.170000076293945,310159
2020-12-11,9.15999984741211,9.15999984741211,8.760000228881836,8.8100004196167,8.8100004196167,149142
2020-12-14,8.8100004196167,9.140000343322754,8.779999732971191,9.039999961853027,9.039999961853027,198713
2020-12-15,9.079999923706055,9.109999656677246,8.850000381469727,8.949999809265137,8.949999809265137,119510
2020-12-16,8.949999809265137,9.0,8.609999656677246,8.630000114440918,8.630000114440918,192209
2020-12-17,8.630000114440918,8.774999618530273,8.550000190734863,8.649999618530273,8.649999618530273,135635
2020-12-18,8.699999809265137,8.699999809265137,8.239999771118164,8.279999732971191,8.279999732971191,355960
2020-12-21,8.180000305175781,8.335000038146973,8.010000228881836,8.170000076293945,8.170000076293945,251852
2020-12-22,8.149999618530273,8.192399978637695,7.840000152587891,7.920000076293945,7.920000076293945,299175
2020-12-23,7.909999847412109,8.220000267028809,7.900000095367432,8.039999961853027,8.039999961853027,235473
2020-12-24,8.010000228881836,8.100000381469727,7.949999809265137,8.0,8.0,118068
2020-12-28,8.0,8.180000305175781,7.949999809265137,8.130000114440918,8.130000114440918,155300
2020-12-29,8.130000114440918,8.199999809265137,7.789999961853027,7.949999809265137,7.949999809265137,279502
2020-12-30,7.96999979019165,8.140000343322754,7.800000190734863,7.960000038146973,7.960000038146973,512809
2020-12-31,7.829999923706055,7.960000038146973,7.679999828338623,7.760000228881836,7.760000228881836,475806
2021-01-04,7.760000228881836,7.900000095367432,7.620100021362305,7.860000133514404,7.860000133514404,283497
2021-01-05,7.860000133514404,8.069999694824219,7.710000038146973,7.960000038146973,7.960000038146973,250651
2021-01-06,7.960000038146973,8.449999809265137,7.929999828338623,8.34000015258789,8.34000015258789,243305
2021-01-07,8.399999618530273,8.430000305175781,8.135299682617188,8.220000267028809,8.220000267028809,149798
2021-01-08,8.1899995803833,8.279999732971191,7.989999771118164,8.100000381469727,8.100000381469727,201384
2021-01-11,8.039999961853027,8.350000381469727,8.0,8.289999961853027,8.289999961853027,211568
2021-01-12,8.289999961853027,8.65999984741211,8.289999961853027,8.539999961853027,8.539999961853027,204960
2021-01-13,8.520000457763672,8.654399871826172,8.369999885559082,8.479999542236328,8.479999542236328,156084
2021-01-14,8.479999542236328,8.739999771118164,8.479999542236328,8.539999961853027,8.539999961853027,125307
2021-01-15,8.449999809265137,8.550000190734863,8.34000015258789,8.40999984741211,8.40999984741211,94651
2021-01-19,8.460000038146973,8.579999923706055,8.369999885559082,8.524999618530273,8.524999618530273,110219
2021-01-20,8.600000381469727,8.670000076293945,8.40999984741211,8.569999694824219,8.569999694824219,91353
2021-01-21,8.529999732971191,8.710000038146973,8.399999618530273,8.640000343322754,8.640000343322754,117278
2021-01-22,8.579999923706055,8.649999618530273,8.460000038146973,8.619999885559082,8.619999885559082,114314
2021-01-25,8.649999618530273,9.029999732971191,8.529999732971191,8.869999885559082,8.869999885559082,178118
2021-01-26,8.970000267028809,9.210000038146973,8.899999618530273,9.15999984741211,9.15999984741211,224094
2021-01-27,8.989999771118164,9.140000343322754,8.75,8.819999694824219,8.819999694824219,153508
2021-01-28,8.850000381469727,8.920000076293945,8.399999618530273,8.460000038146973,8.460000038146973,139265
2021-01-29,8.350000381469727,8.579999923706055,8.350000381469727,8.390000343322754,8.390000343322754,152404
2021-02-01,8.489999771118164,8.960000038146973,8.460000038146973,8.9399995803833,8.9399995803833,104253
2021-02-02,9.0,9.680000305175781,8.859999656677246,9.640000343322754,9.640000343322754,287719
2021-02-03,9.75,10.029999732971191,9.699999809265137,9.829999923706055,9.829999923706055,213963
2021-02-04,9.84000015258789,9.960000038146973,9.699999809265137,9.869999885559082,9.869999885559082,245317
2021-02-05,9.90999984741211,10.100000381469727,9.75,10.100000381469727,10.100000381469727,330877
2021-02-08,10.180000305175781,10.399999618530273,9.5600004196167,9.649999618530273,9.649999618530273,523564
2021-02-09,9.579999923706055,10.075900077819824,9.579999923706055,9.9399995803833,9.9399995803833,214240
2021-02-10,9.960000038146973,10.3100004196167,9.870100021362305,10.239999771118164,10.239999771118164,246398
2021-02-11,10.25,10.25,9.90999984741211,9.979999542236328,9.979999542236328,245890
2021-02-12,9.960000038146973,10.339400291442871,9.899999618530273,10.119999885559082,10.119999885559082,172955
2021-02-16,10.15999984741211,10.520000457763672,10.15999984741211,10.420000076293945,10.420000076293945,207953
2021-02-17,10.350000381469727,10.390000343322754,9.9399995803833,10.15999984741211,10.15999984741211,151322
2021-02-18,10.050000190734863,10.420000076293945,10.029999732971191,10.260000228881836,10.260000228881836,144813
2021-02-19,10.489999771118164,10.859999656677246,10.369999885559082,10.800000190734863,10.800000190734863,262021
2021-02-22,10.800000190734863,10.957500457763672,10.170000076293945,10.399999618530273,10.399999618530273,232780
2021-02-23,10.220000267028809,10.333000183105469,10.020000457763672,10.270000457763672,10.270000457763672,225117
2021-02-24,10.329999923706055,10.649999618530273,10.25,10.630000114440918,10.630000114440918,199582
2021-02-25,10.529999732971191,10.75,9.84000015258789,9.899999618530273,9.899999618530273,175783
2021-02-26,9.819999694824219,10.020000457763672,9.380000114440918,9.430000305175781,9.430000305175781,179321
2021-03-01,9.550000190734863,9.800000190734863,9.470000267028809,9.75,9.75,197729
2021-03-02,10.109999656677246,10.109999656677246,9.699999809265137,9.770000457763672,9.770000457763672,164194
2021-03-03,9.8100004196167,10.449999809265137,9.667099952697754,10.420000076293945,10.420000076293945,356930
2021-03-04,10.34000015258789,10.34000015258789,9.425000190734863,9.699999809265137,9.699999809265137,576074
2021-03-05,9.8100004196167,10.050000190734863,9.447500228881836,9.59000015258789,9.59000015258789,491395
2021-03-08,9.550000190734863,9.710000038146973,9.34000015258789,9.609999656677246,9.609999656677246,292206
2021-03-09,9.619999885559082,10.329899787902832,9.619999885559082,10.069999694824219,10.069999694824219,250330
2021-03-10,10.130000114440918,10.170000076293945,9.869999885559082,9.949999809265137,9.949999809265137,340809
2021-03-11,10.079999923706055,10.390000343322754,9.979999542236328,10.350000381469727,10.350000381469727,361578
2021-03-12,10.319999694824219,10.34000015258789,9.984999656677246,10.25,10.25,221051
2021-03-15,10.220000267028809,10.220000267028809,9.989999771118164,10.020000457763672,10.020000457763672,281169
2021-03-16,10.0600004196167,10.0600004196167,9.5,9.609999656677246,9.609999656677246,428316
2021-03-17,9.569999694824219,9.630000114440918,9.25,9.300000190734863,9.300000190734863,432275
2021-03-18,9.289999961853027,9.3100004196167,9.0,9.114999771118164,9.114999771118164,721408
2021-03-19,9.100000381469727,9.569999694824219,9.069999694824219,9.220000267028809,9.220000267028809,618743
2021-03-22,9.260000228881836,9.279999732971191,9.079999923706055,9.170000076293945,9.170000076293945,255392
2021-03-23,9.109999656677246,9.34000015258789,9.09000015258789,9.220000267028809,9.220000267028809,265041
2021-03-24,9.359999656677246,9.359999656677246,9.109999656677246,9.149999618530273,9.149999618530273,251347
2021-03-25,9.0600004196167,9.430000305175781,9.0600004196167,9.40999984741211,9.40999984741211,169732
2021-03-26,9.430000305175781,9.670000076293945,9.34000015258789,9.65999984741211,9.65999984741211,203625
2021-03-29,9.640000343322754,9.859600067138672,9.5600004196167,9.579999923706055,9.579999923706055,255462
2021-03-30,9.510000228881836,9.779999732971191,9.470000267028809,9.770000457763672,9.770000457763672,106373
2021-03-31,9.779999732971191,10.220000267028809,9.779999732971191,10.119999885559082,10.119999885559082,214247
2021-04-01,10.210000038146973,10.34000015258789,10.119999885559082,10.279999732971191,10.279999732971191,84802
2021-04-05,10.289999961853027,10.600000381469727,10.199999809265137,10.34000015258789,10.34000015258789,150173
2021-04-06,10.270000457763672,10.449999809265137,10.270000457763672,10.34000015258789,10.34000015258789,81051
2021-04-07,10.4399995803833,10.614999771118164,10.270000457763672,10.270000457763672,10.270000457763672,145486
2021-04-08,10.4399995803833,10.720000267028809,10.0600004196167,10.1899995803833,10.1899995803833,231118
2021-04-09,10.15999984741211,10.34000015258789,10.0600004196167,10.279999732971191,10.279999732971191,74645
2021-04-12,10.270000457763672,10.270000457763672,10.020000457763672,10.069999694824219,10.069999694824219,77986
2021-04-13,10.0600004196167,10.130000114440918,9.928199768066406,9.979999542236328,9.979999542236328,114831
2021-04-14,9.949999809265137,9.979999542236328,9.720000267028809,9.75,9.75,82320
2021-04-15,9.760000228881836,9.899999618530273,9.729999542236328,9.789999961853027,9.789999961853027,79926
2021-04-16,9.850000381469727,9.880000114440918,9.630000114440918,9.699999809265137,9.699999809265137,100675
2021-04-19,9.630000114440918,9.652000427246094,9.369999885559082,9.430000305175781,9.430000305175781,150088
2021-04-20,9.399999618530273,9.4350004196167,9.119999885559082,9.220000267028809,9.220000267028809,202912
2021-04-21,9.15999984741211,9.479999542236328,9.140000343322754,9.34000015258789,9.34000015258789,137122
2021-04-22,9.380000114440918,9.539999961853027,9.274999618530273,9.420000076293945,9.420000076293945,111289
2021-04-23,9.479999542236328,9.5649995803833,9.319999694824219,9.510000228881836,9.510000228881836,101161
2021-04-26,9.539999961853027,9.600000381469727,9.335000038146973,9.5,9.5,123589
2021-04-27,9.539999961853027,9.569999694824219,9.399999618530273,9.529999732971191,9.529999732971191,91020
2021-04-28,9.539999961853027,9.710000038146973,9.399999618530273,9.649999618530273,9.649999618530273,77099
2021-04-29,9.720000267028809,9.970000267028809,9.550000190734863,9.899999618530273,9.899999618530273,120360
2021-04-30,9.8100004196167,10.069999694824219,9.8100004196167,10.0600004196167,10.0600004196167,230754
2021-05-03,10.100000381469727,10.109999656677246,9.960000038146973,10.050000190734863,10.050000190734863,90711
2021-05-04,9.710000038146973,9.869999885559082,9.600099563598633,9.770000457763672,9.770000457763672,410593
2021-05-05,9.760000228881836,9.850000381469727,9.65999984741211,9.699999809265137,9.699999809265137,173369
2021-05-06,9.710000038146973,9.710000038146973,9.470000267028809,9.569999694824219,9.569999694824219,174625
2021-05-07,9.5600004196167,9.789999961853027,9.53499984741211,9.569999694824219,9.569999694824219,238460
2021-05-10,9.529999732971191,9.539999961853027,9.25,9.289999961853027,9.289999961853027,199195
2021-05-11,9.15999984741211,9.15999984741211,8.800000190734863,8.9399995803833,8.9399995803833,366622
2021-05-12,8.829999923706055,8.880000114440918,8.289999961853027,8.399999618530273,8.399999618530273,919819
2021-05-13,8.380000114440918,8.59000015258789,8.293399810791016,8.470000267028809,8.470000267028809,243629
2021-05-14,8.5,8.550000190734863,8.369999885559082,8.489999771118164,8.489999771118164,167540
2021-05-17,8.449999809265137,8.539999961853027,8.399999618530273,8.510000228881836,8.510000228881836,137517
2021-05-18,8.470000267028809,8.579999923706055,8.40999984741211,8.510000228881836,8.510000228881836,112390
2021-05-19,8.630000114440918,8.829999923706055,8.399999618530273,8.800000190734863,8.800000190734863,145653
2021-05-20,8.800000190734863,8.854000091552734,8.694999694824219,8.850000381469727,8.850000381469727,69061
2021-05-21,8.930000305175781,9.100000381469727,8.800000190734863,8.920000076293945,8.920000076293945,301850
2021-05-24,8.920000076293945,9.119999885559082,8.850000381469727,8.979999542236328,8.979999542236328,123438
2021-05-25,8.979999542236328,8.979999542236328,8.0600004196167,8.119999885559082,8.119999885559082,378897
2021-05-26,8.100000381469727,8.199999809265137,7.994999885559082,8.15999984741211,8.15999984741211,218563
2021-05-27,8.229999542236328,8.25,7.900000095367432,7.929999828338623,7.929999828338623,298701
2021-05-28,7.949999809265137,8.130000114440918,7.795000076293945,7.809999942779541,7.809999942779541,185136
2021-06-01,7.622000217437744,7.670000076293945,7.139999866485596,7.190000057220459,7.190000057220459,723175
2021-06-02,7.139999866485596,7.429999828338623,7.090000152587891,7.409999847412109,7.409999847412109,235709
2021-06-03,7.5,7.5,7.130000114440918,7.199999809265137,7.199999809265137,300971
2021-06-04,7.199999809265137,7.264999866485596,7.119999885559082,7.159999847412109,7.159999847412109,133764
2021-06-07,7.21999979019165,7.570000171661377,7.199999809265137,7.5,7.5,269923
2021-06-08,7.550000190734863,7.550000190734863,7.349999904632568,7.409999847412109,7.409999847412109,234723
2021-06-09,7.440000057220459,7.639999866485596,7.349999904632568,7.420000076293945,7.420000076293945,362132
2021-06-10,7.480000019073486,7.480000019073486,7.340000152587891,7.349999904632568,7.349999904632568,150405
2021-06-11,7.369999885559082,7.53000020980835,7.309999942779541,7.510000228881836,7.510000228881836,101614
2021-06-14,7.510000228881836,7.670000076293945,7.460000038146973,7.570000171661377,7.570000171661377,152754
2021-06-15,7.619999885559082,7.65500020980835,7.460000038146973,7.53000020980835,7.53000020980835,94883
2021-06-16,7.550000190734863,7.610000133514404,7.380000114440918,7.400000095367432,7.400000095367432,106821
2021-06-17,7.380000114440918,7.630000114440918,7.380000114440918,7.46999979019165,7.46999979019165,136388
2021-06-18,7.369999885559082,7.460000038146973,7.25,7.309999942779541,7.309999942779541,115853
2021-06-21,7.340000152587891,7.5,7.269999980926514,7.400000095367432,7.400000095367432,122040
2021-06-22,7.420000076293945,7.420000076293945,7.21999979019165,7.269999980926514,7.269999980926514,114525
2021-06-23,7.239999771118164,7.3968000411987305,7.210000038146973,7.300000190734863,7.300000190734863,102778
2021-06-24,7.329999923706055,7.420000076293945,7.25,7.309999942779541,7.309999942779541,139270
2021-06-25,7.28000020980835,7.610000133514404,7.28000020980835,7.5,7.5,1364649
2021-06-28,7.429999828338623,7.610000133514404,7.389999866485596,7.460000038146973,7.460000038146973,88917
2021-06-29,7.449999809265137,7.53000020980835,7.360000133514404,7.429999828338623,7.429999828338623,124974
2021-06-30,7.420000076293945,7.480000019073486,7.139999866485596,7.150000095367432,7.150000095367432,241175
2021-07-01,7.300000190734863,7.53000020980835,7.300000190734863,7.400000095367432,7.400000095367432,270093
2021-07-02,7.329999923706055,7.460000038146973,7.199999809265137,7.230000019073486,7.230000019073486,111681
2021-07-06,7.340000152587891,7.340000152587891,7.130000114440918,7.25,7.25,129380
2021-07-07,7.289999961853027,7.289999961853027,6.989999771118164,7.079999923706055,7.079999923706055,226916
2021-07-08,6.940000057220459,7.210000038146973,6.840000152587891,7.150000095367432,7.150000095367432,121347
2021-07-09,7.190000057220459,7.239999771118164,7.050000190734863,7.119999885559082,7.119999885559082,186394
2021-07-12,7.119999885559082,7.179999828338623,7.0,7.039999961853027,7.039999961853027,70284
2021-07-13,7.039999961853027,7.070000171661377,6.900000095367432,6.909999847412109,6.909999847412109,121822
2021-07-14,6.940000057220459,6.954999923706055,6.840000152587891,6.929999828338623,6.929999828338623,105572
2021-07-15,6.909999847412109,6.909999847412109,6.610000133514404,6.769999980926514,6.769999980926514,260834
2021-07-16,6.840000152587891,6.840000152587891,6.570000171661377,6.579999923706055,6.579999923706055,168720
2021-07-19,6.579999923706055,6.590000152587891,6.329999923706055,6.5,6.5,216830
2021-07-20,6.53000020980835,6.715000152587891,6.5,6.659999847412109,6.659999847412109,156891
2021-07-21,6.699999809265137,6.889999866485596,6.699999809265137,6.809999942779541,6.809999942779541,92626
2021-07-22,6.820000171661377,6.820000171661377,6.670000076293945,6.730000019073486,6.730000019073486,100833
2021-07-23,6.78000020980835,6.940000057220459,6.719200134277344,6.900000095367432,6.900000095367432,106262
2021-07-26,6.920000076293945,6.96999979019165,6.710000038146973,6.710000038146973,6.710000038146973,201358
2021-07-27,6.679999828338623,6.78000020980835,6.623600006103516,6.730000019073486,6.730000019073486,150285
2021-07-28,6.78000020980835,6.960000038146973,6.739999771118164,6.889999866485596,6.889999866485596,111663
2021-07-29,7.019999980926514,7.119999885559082,6.929999828338623,6.96999979019165,6.96999979019165,133577
2021-07-30,6.96999979019165,7.059999942779541,6.901700019836426,6.960000038146973,6.960000038146973,149045
2021-08-02,7.050000190734863,7.25,6.900000095367432,6.900000095367432,6.900000095367432,203451
2021-08-03,6.900000095367432,6.920000076293945,6.690000057220459,6.769999980926514,6.769999980926514,181502
2021-08-04,6.809999942779541,6.849999904632568,6.610000133514404,6.619999885559082,6.619999885559082,157519
2021-08-05,6.630000114440918,6.699999809265137,6.46999979019165,6.670000076293945,6.670000076293945,161230
2021-08-06,6.699999809265137,6.75,6.559999942779541,6.610000133514404,6.610000133514404,102371
2021-08-09,6.639999866485596,7.039999961853027,6.639999866485596,6.96999979019165,6.96999979019165,179038
2021-08-10,6.960000038146973,6.989999771118164,6.71999979019165,6.820000171661377,6.820000171661377,98738
2021-08-11,6.809999942779541,6.869999885559082,6.670000076293945,6.849999904632568,6.849999904632568,84648
2021-08-12,6.809999942779541,6.809999942779541,6.519999980926514,6.539999961853027,6.539999961853027,109140
2021-08-13,6.570000171661377,6.639999866485596,6.449999809265137,6.53000020980835,6.53000020980835,77501
2021-08-16,6.53000020980835,6.549300193786621,6.389999866485596,6.440000057220459,6.440000057220459,122734
2021-08-17,6.340000152587891,6.400000095367432,6.210000038146973,6.260000228881836,6.260000228881836,109343
2021-08-18,6.260000228881836,6.329999923706055,6.179999828338623,6.25,6.25,68020
2021-08-19,6.25,6.300000190734863,6.170000076293945,6.199999809265137,6.199999809265137,86444
2021-08-20,6.150000095367432,6.485000133514404,6.150000095367432,6.380000114440918,6.380000114440918,97309
2021-08-23,6.489099979400635,6.539999961853027,6.409999847412109,6.449999809265137,6.449999809265137,51801
2021-08-24,6.5,6.630000114440918,6.400000095367432,6.53000020980835,6.53000020980835,85073
2021-08-25,6.539999961853027,6.539999961853027,6.239999771118164,6.25,6.25,61180
2021-08-26,6.25,6.340000152587891,6.150000095367432,6.210000038146973,6.210000038146973,104243
2021-08-27,6.230000019073486,6.260000228881836,6.139999866485596,6.239999771118164,6.239999771118164,122020
2021-08-30,6.230000019073486,6.340000152587891,6.210000038146973,6.260000228881836,6.260000228881836,49380
2021-08-31,6.289999961853027,6.440000057220459,6.184999942779541,6.409999847412109,6.409999847412109,69869
2021-09-01,6.460000038146973,6.489999771118164,6.269999980926514,6.329999923706055,6.329999923706055,45900
2021-09-02,6.329999923706055,6.639999866485596,6.309999942779541,6.630000114440918,6.630000114440918,83808
2021-09-03,6.630000114440918,6.639999866485596,6.514999866485596,6.610000133514404,6.610000133514404,79117
2021-09-07,6.449999809265137,6.590000152587891,6.340000152587891,6.409999847412109,6.409999847412109,268726
2021-09-08,6.380000114440918,6.559999942779541,6.340000152587891,6.349999904632568,6.349999904632568,63955
2021-09-09,6.380000114440918,6.429999828338623,6.309999942779541,6.309999942779541,6.309999942779541,88881
2021-09-10,6.369999885559082,6.369999885559082,6.179999828338623,6.21999979019165,6.21999979019165,74924
2021-09-13,6.289999961853027,6.300000190734863,6.130000114440918,6.170000076293945,6.170000076293945,39031
2021-09-14,6.150000095367432,6.25,6.119999885559082,6.130000114440918,6.130000114440918,86831
2021-09-15,6.139999866485596,6.25,6.125,6.150000095367432,6.150000095367432,62175
2021-09-16,6.159999847412109,6.170000076293945,6.0,6.0,6.0,109906
2021-09-17,6.03000020980835,6.190000057220459,5.9604997634887695,5.980000019073486,5.980000019073486,490925
2021-09-20,6.0,6.0,5.769999980926514,5.880000114440918,5.880000114440918,150983
2021-09-21,5.940000057220459,5.96999979019165,5.849999904632568,5.920000076293945,5.920000076293945,105600
2021-09-22,5.949999809265137,6.0,5.840000152587891,5.909999847412109,5.909999847412109,96511
2021-09-23,5.920000076293945,6.150000095367432,5.920000076293945,6.099999904632568,6.099999904632568,93505
2021-09-24,6.090000152587891,6.090000152587891,5.949999809265137,5.989999771118164,5.989999771118164,59299
2021-09-27,6.0,6.110000133514404,5.929999828338623,5.980000019073486,5.980000019073486,103850
2021-09-28,5.980000019073486,5.980000019073486,5.679999828338623,5.699999809265137,5.699999809265137,134390
2021-09-29,5.699999809265137,5.769999980926514,5.590000152587891,5.670000076293945,5.670000076293945,103670
2021-09-30,5.679999828338623,5.75,5.539999961853027,5.550000190734863,5.550000190734863,88854
2021-10-01,5.610000133514404,5.639999866485596,5.389999866485596,5.610000133514404,5.610000133514404,76388
2021-10-04,5.610000133514404,5.664400100708008,5.519999980926514,5.550000190734863,5.550000190734863,115858
2021-10-05,5.599999904632568,5.630000114440918,5.480000019073486,5.5,5.5,82156
2021-10-06,5.5,5.505000114440918,5.369999885559082,5.389999866485596,5.389999866485596,75289
2021-10-07,5.389999866485596,5.590000152587891,5.389999866485596,5.539999961853027,5.539999961853027,629968
2021-10-08,5.550000190734863,5.650000095367432,5.5,5.53000020980835,5.53000020980835,76589
2021-10-11,5.570000171661377,5.639999866485596,5.550000190734863,5.579999923706055,5.579999923706055,64641
2021-10-12,5.619999885559082,5.619999885559082,5.489999771118164,5.53000020980835,5.53000020980835,88643
2021-10-13,5.550000190734863,5.670000076293945,5.46999979019165,5.650000095367432,5.650000095367432,74766
2021-10-14,5.730000019073486,5.800000190734863,5.730000019073486,5.769999980926514,5.769999980926514,91570
2021-10-15,5.849999904632568,5.856299877166748,5.710000038146973,5.769999980926514,5.769999980926514,109893
2021-10-18,5.800000190734863,5.820000171661377,5.619999885559082,5.679999828338623,5.679999828338623,78366
2021-10-19,5.690000057220459,5.739999771118164,5.659999847412109,5.679999828338623,5.679999828338623,68350
2021-10-20,5.670000076293945,5.78000020980835,5.650000095367432,5.710000038146973,5.710000038146973,54307
2021-10-21,5.71999979019165,5.849999904632568,5.71999979019165,5.829999923706055,5.829999923706055,60519
2021-10-22,5.840000152587891,5.849999904632568,5.763400077819824,5.78000020980835,5.78000020980835,79705
2021-10-25,5.820000171661377,5.920000076293945,5.800000190734863,5.920000076293945,5.920000076293945,77225
2021-10-26,5.949999809265137,5.954999923706055,5.789999961853027,5.809999942779541,5.809999942779541,113442
2021-10-27,5.809999942779541,5.849999904632568,5.579999923706055,5.599999904632568,5.599999904632568,66717
2021-10-28,5.599999904632568,5.78000020980835,5.599999904632568,5.71999979019165,5.71999979019165,54844
2021-10-29,5.739999771118164,5.769999980926514,5.699999809265137,5.730000019073486,5.730000019073486,43161
2021-11-01,5.730000019073486,5.869999885559082,5.730000019073486,5.849999904632568,5.849999904632568,71067
2021-11-02,5.949999809265137,5.949999809265137,5.579999923706055,5.639999866485596,5.639999866485596,216269
2021-11-03,5.610000133514404,5.900000095367432,5.510000228881836,5.820000171661377,5.820000171661377,107227
2021-11-04,5.820000171661377,5.900000095367432,5.590000152587891,5.699999809265137,5.699999809265137,107036
2021-11-05,5.71999979019165,6.099999904632568,5.690000057220459,6.079999923706055,6.079999923706055,215610
2021-11-08,6.059999942779541,6.170000076293945,5.880000114440918,6.070000171661377,6.070000171661377,129725
2021-11-09,6.090000152587891,6.170000076293945,5.960000038146973,6.079999923706055,6.079999923706055,141080
2021-11-10,6.070000171661377,6.110000133514404,5.769999980926514,5.800000190734863,5.800000190734863,73103
2021-11-11,5.829999923706055,5.909999847412109,5.71999979019165,5.75,5.75,76534
2021-11-12,5.769999980926514,5.820000171661377,5.670000076293945,5.690000057220459,5.690000057220459,40931
2021-11-15,5.690000057220459,5.739999771118164,5.590000152587891,5.730000019073486,5.730000019073486,84429
2021-11-16,5.71999979019165,5.71999979019165,5.659999847412109,5.670000076293945,5.670000076293945,73078
2021-11-17,5.650000095367432,5.650000095367432,5.510000228881836,5.559999942779541,5.559999942779541,70715
2021-11-18,5.539999961853027,5.605000019073486,5.5,5.570000171661377,5.570000171661377,121437
2021-11-19,5.570000171661377,5.625,5.429999828338623,5.449999809265137,5.449999809265137,88643
2021-11-22,5.489999771118164,5.639999866485596,5.394999980926514,5.409999847412109,5.409999847412109,120765
2021-11-23,5.409999847412109,5.409999847412109,5.284999847412109,5.369999885559082,5.369999885559082,107883
2021-11-24,5.360000133514404,5.420000076293945,5.28000020980835,5.400000095367432,5.400000095367432,43849
2021-11-26,5.260000228881836,5.28000020980835,5.050000190734863,5.230000019073486,5.230000019073486,130508
2021-11-29,5.340000152587891,5.380000114440918,5.139999866485596,5.139999866485596,5.139999866485596,108148
2021-11-30,5.139999866485596,5.179999828338623,4.96999979019165,5.050000190734863,5.050000190734863,133910
2021-12-01,5.170000076293945,5.275000095367432,4.960000038146973,4.980000019073486,4.980000019073486,80682
2021-12-02,4.989999771118164,5.239999771118164,4.989999771118164,5.21999979019165,5.21999979019165,89553
2021-12-03,5.21999979019165,5.269999980926514,5.199999809265137,5.230000019073486,5.230000019073486,117942
2021-12-06,5.260000228881836,5.53000020980835,5.223999977111816,5.53000020980835,5.53000020980835,70182
2021-12-07,5.559999942779541,5.739999771118164,5.539999961853027,5.590000152587891,5.590000152587891,83310
2021-12-08,5.579999923706055,5.639999866485596,5.5,5.599999904632568,5.599999904632568,79037
2021-12-09,5.550000190734863,5.630000114440918,5.539999961853027,5.599999904632568,5.599999904632568,87913
2021-12-10,5.630000114440918,5.710000038146973,5.445000171661377,5.449999809265137,5.449999809265137,53205
2021-12-13,5.449999809265137,5.519999980926514,5.389999866485596,5.460000038146973,5.460000038146973,156371
2021-12-14,5.389999866485596,5.53000020980835,5.360000133514404,5.440000057220459,5.440000057220459,113197
2021-12-15,5.460000038146973,5.46999979019165,5.230000019073486,5.440000057220459,5.440000057220459,157207
2021-12-16,5.46999979019165,5.519999980926514,5.420000076293945,5.510000228881836,5.510000228881836,160660
2021-12-17,5.519999980926514,5.670000076293945,5.460000038146973,5.53000020980835,5.53000020980835,176993
2021-12-20,5.480000019073486,5.480000019073486,5.264999866485596,5.420000076293945,5.420000076293945,115145
2021-12-21,5.46999979019165,5.619999885559082,5.449999809265137,5.599999904632568,5.599999904632568,108624
2021-12-22,5.630000114440918,5.639999866485596,5.519999980926514,5.570000171661377,5.570000171661377,65757
2021-12-23,5.559999942779541,5.619999885559082,5.449999809265137,5.590000152587891,5.590000152587891,81524
2021-12-27,5.856299877166748,5.856299877166748,5.579999923706055,5.659999847412109,5.659999847412109,53917
2021-12-28,5.690000057220459,5.690000057220459,5.599999904632568,5.599999904632568,5.599999904632568,57013
2021-12-29,5.599999904632568,5.599999904632568,5.420000076293945,5.440000057220459,5.440000057220459,94204
2021-12-30,5.429999828338623,5.579999923706055,5.429999828338623,5.519999980926514,5.519999980926514,98505
2021-12-31,5.53000020980835,5.550000190734863,5.210000038146973,5.21999979019165,5.21999979019165,96719
2022-01-03,5.239999771118164,5.440000057220459,5.21999979019165,5.440000057220459,5.440000057220459,93859
2022-01-04,5.460000038146973,5.550000190734863,5.304999828338623,5.510000228881836,5.510000228881836,62740
2022-01-05,5.53000020980835,5.599899768829346,5.489999771118164,5.510000228881836,5.510000228881836,92651
2022-01-06,5.510000228881836,5.53000020980835,5.300000190734863,5.429999828338623,5.429999828338623,80610
2022-01-07,5.409999847412109,5.510000228881836,5.34499979019165,5.489999771118164,5.489999771118164,134159
2022-01-10,5.489999771118164,5.550000190734863,5.329999923706055,5.550000190734863,5.550000190734863,44146
2022-01-11,5.550000190734863,5.659999847412109,5.400000095367432,5.440000057220459,5.440000057220459,53354
2022-01-12,5.440000057220459,5.440000057220459,5.21999979019165,5.260000228881836,5.260000228881836,128910
2022-01-13,5.260000228881836,5.400000095367432,5.210000038146973,5.260000228881836,5.260000228881836,73107
2022-01-14,5.210000038146973,5.25,5.070000171661377,5.210000038146973,5.210000038146973,62680
2022-01-18,5.260000228881836,5.295000076293945,5.070000171661377,5.079999923706055,5.079999923706055,112891
2022-01-19,5.119999885559082,5.130000114440918,4.769999980926514,4.78000020980835,4.78000020980835,90494
2022-01-20,4.760000228881836,4.920000076293945,4.656499862670898,4.670000076293945,4.670000076293945,102370
2022-01-21,4.610000133514404,4.71999979019165,4.550000190734863,4.639999866485596,4.639999866485596,111165
2022-01-24,4.599999904632568,4.760000228881836,4.409999847412109,4.699999809265137,4.699999809265137,106052
2022-01-25,4.639999866485596,4.789999961853027,4.570000171661377,4.690000057220459,4.690000057220459,78962
2022-01-26,4.78000020980835,4.880000114440918,4.570000171661377,4.619999885559082,4.619999885559082,72420
2022-01-27,4.619999885559082,4.675000190734863,4.389999866485596,4.389999866485596,4.389999866485596,73715
2022-01-28,4.360000133514404,4.460000038146973,4.28000020980835,4.460000038146973,4.460000038146973,84832
2022-01-31,4.400000095367432,4.699999809265137,4.400000095367432,4.630000114440918,4.630000114440918,121828
2022-02-01,4.670000076293945,4.71999979019165,4.550000190734863,4.710000038146973,4.710000038146973,60997
2022-02-02,4.710000038146973,4.800000190734863,4.659999847412109,4.670000076293945,4.670000076293945,107646
2022-02-03,4.670000076293945,4.682400226593018,4.5,4.519999980926514,4.519999980926514,88815
2022-02-04,4.550000190734863,4.610000133514404,4.429999828338623,4.539999961853027,4.539999961853027,61968
2022-02-07,4.550000190734863,4.672999858856201,4.510000228881836,4.570000171661377,4.570000171661377,53864
2022-02-08,4.599999904632568,4.679999828338623,4.519999980926514,4.659999847412109,4.659999847412109,50173
2022-02-09,4.670000076293945,4.670000076293945,4.570000171661377,4.630000114440918,4.630000114440918,73704
2022-02-10,4.539999961853027,4.699999809265137,4.5,4.510000228881836,4.510000228881836,95055
2022-02-11,4.5,4.590000152587891,4.380000114440918,4.420000076293945,4.420000076293945,83102
2022-02-14,4.400000095367432,4.539999961853027,4.199999809265137,4.210000038146973,4.210000038146973,133035
2022-02-15,4.269999980926514,4.300000190734863,4.099999904632568,4.150000095367432,4.150000095367432,322398
2022-02-16,4.150000095367432,4.219900131225586,4.079999923706055,4.099999904632568,4.099999904632568,282944
2022-02-17,4.099999904632568,4.260000228881836,4.019999980926514,4.110000133514404,4.110000133514404,175586
2022-02-18,4.079999923706055,4.130000114440918,3.990000009536743,4.03000020980835,4.03000020980835,127377
2022-02-22,4.010000228881836,4.039999961853027,3.8399999141693115,3.859999895095825,3.859999895095825,121962
2022-02-23,3.9000000953674316,3.950000047683716,3.799999952316284,3.799999952316284,3.799999952316284,106663
2022-02-24,3.75,3.8499999046325684,3.7100000381469727,3.8299999237060547,3.8299999237060547,90120
2022-02-25,3.8499999046325684,4.050000190734863,3.799999952316284,4.0,4.0,96440
2022-02-28,4.0,4.050000190734863,3.8399999141693115,3.8399999141693115,3.8399999141693115,148239
2022-03-01,3.8399999141693115,3.9600000381469727,3.809999942779541,3.890000104904175,3.890000104904175,272680
2022-03-02,3.930000066757202,4.039999961853027,3.8499999046325684,3.950000047683716,3.950000047683716,93483
2022-03-03,3.9700000286102295,3.9700000286102295,3.799999952316284,3.8399999141693115,3.8399999141693115,105390
2022-03-04,3.799999952316284,3.809999942779541,3.680000066757202,3.7200000286102295,3.7200000286102295,90011
2022-03-07,3.7300000190734863,3.7300000190734863,3.559999942779541,3.5799999237060547,3.5799999237060547,107296
2022-03-08,3.809999942779541,4.360000133514404,3.740000009536743,4.230000019073486,4.230000019073486,334488
2022-03-09,4.360000133514404,4.53000020980835,4.300000190734863,4.400000095367432,4.400000095367432,109710
2022-03-10,4.340000152587891,4.53000020980835,4.320000171661377,4.489999771118164,4.489999771118164,202946
2022-03-11,4.539999961853027,4.570000171661377,4.360000133514404,4.429999828338623,4.429999828338623,168392
2022-03-14,4.489999771118164,4.739999771118164,4.394999980926514,4.670000076293945,4.670000076293945,143553
2022-03-15,4.679999828338623,4.679999828338623,4.465000152587891,4.579999923706055,4.579999923706055,107707
2022-03-16,4.650000095367432,4.96999979019165,4.630000114440918,4.96999979019165,4.96999979019165,130174
2022-03-17,4.940000057220459,5.050000190734863,4.880000114440918,4.920000076293945,4.920000076293945,213081
2022-03-18,4.909999847412109,5.170000076293945,4.820000171661377,5.159999847412109,5.159999847412109,243056
2022-03-21,5.110000133514404,5.139999866485596,4.952700138092041,5.0,5.0,297106
2022-03-22,5.010000228881836,5.079999923706055,4.980000019073486,5.03000020980835,5.03000020980835,115267
2022-03-23,4.989999771118164,5.065000057220459,4.949999809265137,4.980000019073486,4.980000019073486,124745
2022-03-24,4.96999979019165,5.070000171661377,4.949999809265137,5.050000190734863,5.050000190734863,107591
2022-03-25,5.039999961853027,5.079999923706055,4.96999979019165,5.039999961853027,5.039999961853027,133795
2022-03-28,5.010000228881836,5.079999923706055,4.949999809265137,5.079999923706055,5.079999923706055,112048
2022-03-29,5.079999923706055,5.170000076293945,4.989999771118164,4.989999771118164,4.989999771118164,79965
2022-03-30,5.0,5.059999942779541,4.914999961853027,4.989999771118164,4.989999771118164,165542
2022-03-31,4.980000019073486,5.079999923706055,4.949999809265137,4.980000019073486,4.980000019073486,105871
2022-04-01,4.960000038146973,5.019999980926514,4.925000190734863,4.940000057220459,4.940000057220459,1012638
2022-04-04,5.0,5.039999961853027,4.960000038146973,5.010000228881836,5.010000228881836,166326
2022-04-05,5.0,5.099999904632568,4.994999885559082,5.03000020980835,5.03000020980835,149009
2022-04-06,4.989999771118164,5.28000020980835,4.940000057220459,5.199999809265137,5.199999809265137,151677
2022-04-07,5.210000038146973,5.300000190734863,5.210000038146973,5.25,5.25,119795
2022-04-08,5.289999961853027,5.289999961853027,5.170000076293945,5.210000038146973,5.210000038146973,121234
2022-04-11,5.130000114440918,5.239999771118164,5.074999809265137,5.179999828338623,5.179999828338623,108025
2022-04-12,5.199999809265137,5.360000133514404,5.199999809265137,5.309999942779541,5.309999942779541,115762
2022-04-13,5.309999942779541,5.579999923706055,5.275000095367432,5.539999961853027,5.539999961853027,151274
2022-04-14,5.53000020980835,5.579999923706055,5.329999923706055,5.389999866485596,5.389999866485596,136001
2022-04-18,5.320000171661377,5.430099964141846,5.320000171661377,5.380000114440918,5.380000114440918,133144
2022-04-19,5.369999885559082,5.514999866485596,5.362500190734863,5.489999771118164,5.489999771118164,110720
2022-04-20,5.550000190734863,5.550000190734863,5.289999961853027,5.349999904632568,5.349999904632568,151274
2022-04-21,5.440000057220459,5.465000152587891,5.21999979019165,5.239999771118164,5.239999771118164,127293
2022-04-22,5.210000038146973,5.260000228881836,5.099999904632568,5.150000095367432,5.150000095367432,129688
2022-04-25,5.099999904632568,5.23799991607666,5.090000152587891,5.139999866485596,5.139999866485596,124864
2022-04-26,5.070000171661377,5.090000152587891,5.010000228881836,5.03000020980835,5.03000020980835,110165
2022-04-27,5.039999961853027,5.059899806976318,4.96999979019165,5.019999980926514,5.019999980926514,121554
2022-04-28,5.039999961853027,5.130000114440918,5.0,5.090000152587891,5.090000152587891,104104
2022-04-29,5.079999923706055,5.110000133514404,4.96999979019165,4.980000019073486,4.980000019073486,126014
2022-05-02,4.960000038146973,5.059999942779541,4.929999828338623,5.039999961853027,5.039999961853027,166506
2022-05-03,5.039999961853027,5.130000114440918,5.019999980926514,5.119999885559082,5.119999885559082,116788
2022-05-04,5.150000095367432,5.71999979019165,5.114999771118164,5.639999866485596,5.639999866485596,314915
2022-05-05,5.559999942779541,5.78000020980835,5.400000095367432,5.449999809265137,5.449999809265137,137271
2022-05-06,5.440000057220459,5.489999771118164,5.190000057220459,5.21999979019165,5.21999979019165,59625
2022-05-09,5.110000133514404,5.289999961853027,5.013000011444092,5.260000228881836,5.260000228881836,150142
2022-05-10,5.340000152587891,5.650000095367432,5.271999835968018,5.590000152587891,5.590000152587891,177946
2022-05-11,5.559999942779541,5.599999904632568,4.980000019073486,5.019999980926514,5.019999980926514,95357
2022-05-12,4.980000019073486,5.210000038146973,4.800000190734863,5.050000190734863,5.050000190734863,140695
2022-05-13,5.059999942779541,5.25,4.960000038146973,5.150000095367432,5.150000095367432,168864
2022-05-16,5.329999923706055,5.539999961853027,5.329999923706055,5.409999847412109,5.409999847412109,121574
2022-05-17,5.400000095367432,5.760000228881836,5.400000095367432,5.679999828338623,5.679999828338623,182197
2022-05-18,5.559999942779541,5.78000020980835,5.480000019073486,5.510000228881836,5.510000228881836,131825
2022-05-19,5.449999809265137,5.619999885559082,5.420000076293945,5.440000057220459,5.440000057220459,123583
2022-05-20,5.5,5.550000190734863,5.429999828338623,5.53000020980835,5.53000020980835,96682
2022-05-23,5.610000133514404,5.610000133514404,5.494999885559082,5.53000020980835,5.53000020980835,66378
2022-05-24,5.46999979019165,5.539999961853027,5.420000076293945,5.5,5.5,82904
2022-05-25,5.510000228881836,5.610000133514404,5.510000228881836,5.570000171661377,5.570000171661377,48478
2022-05-26,5.630000114440918,5.829999923706055,5.599999904632568,5.730000019073486,5.730000019073486,66884
2022-05-27,5.769999980926514,5.860000133514404,5.769999980926514,5.809999942779541,5.809999942779541,53148
2022-05-31,5.800000190734863,5.869999885559082,5.699999809265137,5.739999771118164,5.739999771118164,87258
2022-06-01,5.690000057220459,5.764999866485596,5.429999828338623,5.449999809265137,5.449999809265137,158653
2022-06-02,5.449999809265137,5.710000038146973,5.440000057220459,5.699999809265137,5.699999809265137,177123
2022-06-03,5.670000076293945,5.880000114440918,5.614999771118164,5.760000228881836,5.760000228881836,150454
2022-06-06,5.760000228881836,5.760000228881836,5.480000019073486,5.5,5.5,293155
2022-06-07,5.409999847412109,5.730000019073486,5.409999847412109,5.650000095367432,5.650000095367432,190780
2022-06-08,5.610000133514404,5.960000038146973,5.550000190734863,5.71999979019165,5.71999979019165,150222
2022-06-09,5.699999809265137,5.840000152587891,5.53000020980835,5.639999866485596,5.639999866485596,156519
2022-06-10,5.53000020980835,5.590000152587891,5.389999866485596,5.409999847412109,5.409999847412109,149555
2022-06-13,5.320000171661377,5.769999980926514,5.25,5.710000038146973,5.710000038146973,280763
2022-06-14,5.699999809265137,5.699999809265137,5.329999923706055,5.460000038146973,5.460000038146973,201069
2022-06-15,5.519999980926514,5.519999980926514,5.25,5.309999942779541,5.309999942779541,249763
2022-06-16,5.28000020980835,5.369999885559082,5.199999809265137,5.239999771118164,5.239999771118164,259648
2022-06-17,5.210000038146973,5.53000020980835,5.210000038146973,5.429999828338623,5.429999828338623,259216
2022-06-21,5.510000228881836,5.590000152587891,5.329999923706055,5.369999885559082,5.369999885559082,353654
2022-06-22,5.340000152587891,5.679999828338623,5.340000152587891,5.460000038146973,5.460000038146973,252202
2022-06-23,5.53000020980835,5.570000171661377,5.400000095367432,5.539999961853027,5.539999961853027,285502
2022-06-24,5.599999904632568,5.989999771118164,5.599999904632568,5.730000019073486,5.730000019073486,4294264
2022-06-27,5.699999809265137,5.809999942779541,5.619999885559082,5.789999961853027,5.789999961853027,134947
2022-06-28,5.840000152587891,5.880000114440918,5.53000020980835,5.539999961853027,5.539999961853027,99417
2022-06-29,5.499000072479248,5.610000133514404,5.480000019073486,5.5,5.5,157550
2022-06-30,5.420000076293945,5.539999961853027,5.380000114440918,5.380000114440918,5.380000114440918,198409
2022-07-01,5.409999847412109,5.579999923706055,5.400000095367432,5.429999828338623,5.429999828338623,238919
2022-07-05,5.429999828338623,5.585000038146973,5.360000133514404,5.53000020980835,5.53000020980835,147676
2022-07-06,5.480000019073486,5.940000057220459,5.449999809265137,5.920000076293945,5.920000076293945,226638
2022-07-07,5.900000095367432,6.429999828338623,5.900000095367432,6.349999904632568,6.349999904632568,507821
2022-07-08,6.349999904632568,6.590000152587891,6.329999923706055,6.53000020980835,6.53000020980835,83723
2022-07-11,6.460000038146973,6.809999942779541,6.440000057220459,6.670000076293945,6.670000076293945,133012
2022-07-12,6.699999809265137,6.929999828338623,6.449999809265137,6.840000152587891,6.840000152587891,177150
2022-07-13,6.820000171661377,7.110000133514404,6.71999979019165,7.019999980926514,7.019999980926514,228708
2022-07-14,6.96999979019165,7.170000076293945,6.945000171661377,7.059999942779541,7.059999942779541,117767
2022-07-15,7.159999847412109,7.230000019073486,7.070000171661377,7.210000038146973,7.210000038146973,74716
2022-07-18,7.179999828338623,7.480000019073486,7.175000190734863,7.369999885559082,7.369999885559082,211530
2022-07-19,7.449999809265137,7.619999885559082,7.269999980926514,7.590000152587891,7.590000152587891,325647
2022-07-20,7.409999847412109,7.760000228881836,7.400000095367432,7.730000019073486,7.730000019073486,271974
2022-07-21,7.730000019073486,7.847499847412109,7.679999828338623,7.809999942779541,7.809999942779541,127708
2022-07-22,7.800000190734863,7.869999885559082,7.78000020980835,7.840000152587891,7.840000152587891,114344
2022-07-25,7.840000152587891,7.840000152587891,7.75,7.789999961853027,7.789999961853027,127986
2022-07-26,7.75,7.804999828338623,7.659999847412109,7.690000057220459,7.690000057220459,79966
2022-07-27,7.650000095367432,7.784999847412109,7.559999942779541,7.760000228881836,7.760000228881836,61487
2022-07-28,7.730000019073486,7.929999828338623,7.670000076293945,7.920000076293945,7.920000076293945,88772
2022-07-29,7.880000114440918,7.96999979019165,7.840000152587891,7.849999904632568,7.849999904632568,114618
2022-08-01,7.75,7.949999809265137,7.699999809265137,7.920000076293945,7.920000076293945,134111
2022-08-02,7.860000133514404,8.0600004196167,7.809999942779541,7.960000038146973,7.960000038146973,256358
2022-08-03,7.900000095367432,7.900000095367432,6.46999979019165,6.829999923706055,6.829999923706055,429489
2022-08-04,6.78000020980835,7.0,6.489999771118164,6.53000020980835,6.53000020980835,203021
2022-08-05,6.389999866485596,6.599999904632568,6.320000171661377,6.539999961853027,6.539999961853027,105611
2022-08-08,6.5,6.599999904632568,6.28000020980835,6.550000190734863,6.550000190734863,208177
2022-08-09,6.539999961853027,6.539999961853027,6.179999828338623,6.199999809265137,6.199999809265137,108265
2022-08-10,6.239999771118164,6.320000171661377,6.179999828338623,6.309999942779541,6.309999942779541,45309
2022-08-11,6.300000190734863,6.380000114440918,6.119999885559082,6.239999771118164,6.239999771118164,70959
2022-08-12,6.269999980926514,6.480000019073486,6.25,6.429999828338623,6.429999828338623,66156
2022-08-15,6.349999904632568,6.539999961853027,6.260000228881836,6.5,6.5,47427
2022-08-16,6.5,6.579999923706055,6.420000076293945,6.489999771118164,6.489999771118164,76394
2022-08-17,6.460000038146973,6.460000038146973,6.119999885559082,6.139999866485596,6.139999866485596,130906
2022-08-18,6.110000133514404,6.369999885559082,6.070000171661377,6.25,6.25,118655
2022-08-19,6.199999809265137,6.360000133514404,6.139999866485596,6.340000152587891,6.340000152587891,93345
2022-08-22,6.309999942779541,6.329999923706055,5.989999771118164,5.989999771118164,5.989999771118164,86102
2022-08-23,6.0,6.130000114440918,5.96999979019165,6.039999961853027,6.039999961853027,74121
2022-08-24,6.090000152587891,6.230000019073486,6.014999866485596,6.199999809265137,6.199999809265137,157608
2022-08-25,6.190000057220459,6.25,6.137800216674805,6.179999828338623,6.179999828338623,66434
2022-08-26,6.199999809265137,6.199999809265137,6.039999961853027,6.090000152587891,6.090000152587891,30465
2022-08-29,5.989999771118164,6.119999885559082,5.909999847412109,5.940000057220459,5.940000057220459,155338
2022-08-30,5.920000076293945,6.0,5.849999904632568,5.860000133514404,5.860000133514404,96824
2022-08-31,5.869999885559082,6.0,5.860000133514404,5.929999828338623,5.929999828338623,68998
2022-09-01,5.860000133514404,5.889999866485596,5.699999809265137,5.869999885559082,5.869999885559082,72320
2022-09-02,5.880000114440918,5.880000114440918,5.71999979019165,5.809999942779541,5.809999942779541,67839
2022-09-06,5.809999942779541,5.829999923706055,5.650000095367432,5.690000057220459,5.690000057220459,89164
2022-09-07,5.650000095367432,5.78000020980835,5.619999885559082,5.679999828338623,5.679999828338623,94665
2022-09-08,5.619999885559082,5.899899959564209,5.619999885559082,5.739999771118164,5.739999771118164,114447
2022-09-09,5.809999942779541,5.894999980926514,5.679999828338623,5.71999979019165,5.71999979019165,158920
2022-09-12,5.789999961853027,5.949999809265137,5.78000020980835,5.829999923706055,5.829999923706055,34550
2022-09-13,5.769999980926514,5.960000038146973,5.769999980926514,5.940000057220459,5.940000057220459,80119
2022-09-14,5.980000019073486,5.980000019073486,5.789999961853027,5.800000190734863,5.800000190734863,32710
2022-09-15,5.78000020980835,5.849999904632568,5.71999979019165,5.829999923706055,5.829999923706055,76807
2022-09-16,5.71999979019165,5.804999828338623,5.690000057220459,5.789999961853027,5.789999961853027,63671
2022-09-19,5.78000020980835,5.78000020980835,5.659999847412109,5.75,5.75,70314
2022-09-20,5.699999809265137,5.860000133514404,5.699999809265137,5.860000133514404,5.860000133514404,42415
2022-09-21,5.840000152587891,5.900000095367432,5.807000160217285,5.849999904632568,5.849999904632568,57191
2022-09-22,5.809999942779541,5.809999942779541,5.590000152587891,5.630000114440918,5.630000114440918,89321
2022-09-23,5.570000171661377,5.639999866485596,5.460000038146973,5.619999885559082,5.619999885559082,72661
2022-09-26,5.610000133514404,5.730000019073486,5.53000020980835,5.630000114440918,5.630000114440918,45287
2022-09-27,5.630000114440918,5.699999809265137,5.570000171661377,5.679999828338623,5.679999828338623,37477
2022-09-28,5.650000095367432,5.849999904632568,5.650000095367432,5.809999942779541,5.809999942779541,40522
2022-09-29,5.78000020980835,5.960000038146973,5.730000019073486,5.900000095367432,5.900000095367432,47980
2022-09-30,5.849999904632568,6.036399841308594,5.849999904632568,6.0,6.0,148111
2022-10-03,6.010000228881836,6.197000026702881,5.934999942779541,5.960000038146973,5.960000038146973,102714
2022-10-04,6.019999980926514,6.150000095367432,5.920000076293945,5.920000076293945,5.920000076293945,50490
2022-10-05,5.889999866485596,5.96999979019165,5.869999885559082,5.960000038146973,5.960000038146973,17558
2022-10-06,5.960000038146973,6.070000171661377,5.889999866485596,6.050000190734863,6.050000190734863,34293
2022-10-07,5.960000038146973,5.985000133514404,5.885000228881836,5.929999828338623,5.929999828338623,26151
2022-10-10,5.909999847412109,5.909999847412109,5.78000020980835,5.809999942779541,5.809999942779541,24553
2022-10-11,5.789999961853027,5.849999904632568,5.684999942779541,5.71999979019165,5.71999979019165,27335
2022-10-12,5.690000057220459,5.710000038146973,5.599999904632568,5.659999847412109,5.659999847412109,45468
2022-10-13,5.599999904632568,5.840000152587891,5.550000190734863,5.800000190734863,5.800000190734863,50363
2022-10-14,5.760000228881836,5.925000190734863,5.760000228881836,5.880000114440918,5.880000114440918,56111
2022-10-17,5.940000057220459,6.059999942779541,5.900000095367432,5.909999847412109,5.909999847412109,27469
2022-10-18,5.960000038146973,5.96999979019165,5.889999866485596,5.920000076293945,5.920000076293945,29117
2022-10-19,5.869999885559082,5.989999771118164,5.869999885559082,5.880000114440918,5.880000114440918,35589
2022-10-20,5.869999885559082,5.949999809265137,5.75,5.75,5.75,45305
2022-10-21,5.699999809265137,5.889999866485596,5.699999809265137,5.849999904632568,5.849999904632568,83089
2022-10-24,5.840000152587891,5.96999979019165,5.800000190734863,5.929999828338623,5.929999828338623,55147
2022-10-25,5.929999828338623,6.289999961853027,5.909999847412109,6.230000019073486,6.230000019073486,44197
2022-10-26,6.253399848937988,6.690000057220459,6.253399848937988,6.670000076293945,6.670000076293945,43439
2022-10-27,6.71999979019165,6.71999979019165,6.449999809265137,6.710000038146973,6.710000038146973,59042
2022-10-28,6.679999828338623,6.710000038146973,6.440000057220459,6.489999771118164,6.489999771118164,24415
2022-10-31,6.420000076293945,6.599999904632568,6.389999866485596,6.550000190734863,6.550000190734863,37721
2022-11-01,6.599999904632568,6.714700222015381,6.500100135803223,6.670000076293945,6.670000076293945,39843
2022-11-02,6.5,6.625,6.400000095367432,6.570000171661377,6.570000171661377,37519
2022-11-03,6.519999980926514,6.809999942779541,6.519999980926514,6.78000020980835,6.78000020980835,28412
2022-11-04,6.920000076293945,6.920000076293945,6.78000020980835,6.829999923706055,6.829999923706055,36749
2022-11-07,6.900000095367432,6.960000038146973,6.880000114440918,6.929999828338623,6.929999828338623,17340
2022-11-08,6.925000190734863,7.0,6.849599838256836,6.929999828338623,6.929999828338623,30642
2022-11-09,6.849999904632568,6.960000038146973,6.763299942016602,6.940000057220459,6.940000057220459,49503
2022-11-10,7.050000190734863,7.150000095367432,6.809999942779541,6.820000171661377,6.820000171661377,28842
2022-11-11,6.960000038146973,6.960000038146973,6.800000190734863,6.829999923706055,6.829999923706055,42160
2022-11-14,6.809999942779541,7.110000133514404,6.789999961853027,7.070000171661377,7.070000171661377,118628
2022-11-15,7.150000095367432,7.25,6.822500228881836,6.989999771118164,6.989999771118164,119730
2022-11-16,6.900000095367432,6.920000076293945,6.78000020980835,6.920000076293945,6.920000076293945,13604
2022-11-17,6.840000152587891,7.010000228881836,6.829999923706055,6.949999809265137,6.949999809265137,55230
2022-11-18,6.940000057220459,7.0,6.860000133514404,6.860000133514404,6.860000133514404,21821
2022-11-21,6.869999885559082,6.960000038146973,6.78000020980835,6.920000076293945,6.920000076293945,39205
2022-11-22,6.929999828338623,6.929999828338623,6.809999942779541,6.920000076293945,6.920000076293945,22033
2022-11-23,6.949999809265137,7.210000038146973,6.829999923706055,7.199999809265137,7.199999809265137,41675
2022-11-25,7.190000057220459,7.190000057220459,7.110000133514404,7.119999885559082,7.119999885559082,14166
2022-11-28,7.119999885559082,7.199999809265137,7.014999866485596,7.190000057220459,7.190000057220459,49861
2022-11-29,7.159999847412109,7.440000057220459,6.679999828338623,7.320000171661377,7.320000171661377,91620
2022-11-30,7.28000020980835,7.369999885559082,7.21999979019165,7.340000152587891,7.340000152587891,71348
2022-12-01,7.329999923706055,7.420000076293945,7.329999923706055,7.380000114440918,7.380000114440918,39030
2022-12-02,7.340000152587891,7.429999828338623,7.290299892425537,7.400000095367432,7.400000095367432,35612
2022-12-05,7.409999847412109,7.409999847412109,7.010000228881836,7.150000095367432,7.150000095367432,61140
2022-12-06,7.190000057220459,7.190000057220459,7.005000114440918,7.090000152587891,7.090000152587891,21355
2022-12-07,7.090000152587891,7.099999904632568,6.96999979019165,7.050000190734863,7.050000190734863,34864
2022-12-08,7.110000133514404,7.199999809265137,7.074999809265137,7.139999866485596,7.139999866485596,22542
2022-12-09,7.099999904632568,7.239999771118164,7.03000020980835,7.139999866485596,7.139999866485596,37078
2022-12-12,7.179999828338623,7.28000020980835,7.074999809265137,7.260000228881836,7.260000228881836,91597
2022-12-13,7.360000133514404,7.360000133514404,7.179999828338623,7.190000057220459,7.190000057220459,76046
2022-12-14,7.21999979019165,7.380000114440918,7.159999847412109,7.25,7.25,40007
2022-12-15,7.210000038146973,7.289999961853027,7.130000114440918,7.170000076293945,7.170000076293945,78728
2022-12-16,7.21999979019165,7.289999961853027,7.050000190734863,7.21999979019165,7.21999979019165,84477
2022-12-19,7.25,7.340000152587891,7.119999885559082,7.340000152587891,7.340000152587891,78920
2022-12-20,7.340000152587891,7.710000038146973,7.199999809265137,7.630000114440918,7.630000114440918,178064
2022-12-21,7.699999809265137,7.710000038146973,7.550000190734863,7.559999942779541,7.559999942779541,89821
2022-12-22,7.570000171661377,7.570000171661377,7.210000038146973,7.300000190734863,7.300000190734863,63814
2022-12-23,7.349999904632568,7.480000019073486,7.230000019073486,7.449999809265137,7.449999809265137,37984
2022-12-27,7.400000095367432,7.605000019073486,7.360000133514404,7.590000152587891,7.590000152587891,41836
2022-12-28,7.53000020980835,7.559999942779541,7.409999847412109,7.449999809265137,7.449999809265137,54943
2022-12-29,7.5,7.670000076293945,7.480000019073486,7.619999885559082,7.619999885559082,40894
2022-12-30,7.619999885559082,7.730000019073486,7.5254998207092285,7.559999942779541,7.559999942779541,51514
2023-01-03,7.539999961853027,7.619999885559082,7.414999961853027,7.550000190734863,7.550000190734863,24131
2023-01-04,7.610000133514404,7.710000038146973,7.550000190734863,7.659999847412109,7.659999847412109,32890
2023-01-05,7.619999885559082,7.710000038146973,7.558599948883057,7.690000057220459,7.690000057220459,60179
2023-01-06,7.710000038146973,7.820000171661377,7.699999809265137,7.820000171661377,7.820000171661377,34867
2023-01-09,7.789999961853027,7.961999893188477,7.599999904632568,7.849999904632568,7.849999904632568,44445
2023-01-10,7.889999866485596,7.949999809265137,7.599999904632568,7.599999904632568,7.599999904632568,77137
2023-01-11,7.599999904632568,7.900000095367432,7.599999904632568,7.679999828338623,7.679999828338623,95820
2023-01-12,7.789999961853027,8.25,7.789999961853027,8.180000305175781,8.180000305175781,112302
2023-01-13,8.199999809265137,8.199999809265137,7.599999904632568,7.869999885559082,7.869999885559082,122190
2023-01-17,7.940000057220459,8.0600004196167,7.849999904632568,7.980000019073486,7.980000019073486,28005
2023-01-18,7.949999809265137,8.100000381469727,7.75,7.769999980926514,7.769999980926514,79951
2023-01-19,7.739999771118164,8.079999923706055,7.730000019073486,7.860000133514404,7.860000133514404,77950
2023-01-20,7.820000171661377,7.914999961853027,7.769999980926514,7.880000114440918,7.880000114440918,84914
2023-01-23,8.020000457763672,8.100000381469727,7.795000076293945,8.100000381469727,8.100000381469727,153412
2023-01-24,8.109999656677246,8.40999984741211,8.050000190734863,8.369999885559082,8.369999885559082,118163
2023-01-25,8.380000114440918,8.430000305175781,8.210000038146973,8.380000114440918,8.380000114440918,45295
2023-01-26,8.380000114440918,8.399999618530273,8.109999656677246,8.199999809265137,8.199999809265137,62717
2023-01-27,8.220000267028809,8.40999984741211,8.15999984741211,8.270000457763672,8.270000457763672,312099
2023-01-30,8.34000015258789,8.472900390625,8.107099533081055,8.34000015258789,8.34000015258789,112149
2023-01-31,8.430000305175781,8.65999984741211,8.239999771118164,8.489999771118164,8.489999771118164,92489
2023-02-01,8.550000190734863,8.720000267028809,8.5,8.710000038146973,8.710000038146973,96878
2023-02-02,8.65999984741211,8.770000457763672,8.479999542236328,8.59000015258789,8.59000015258789,74616
2023-02-03,8.579999923706055,8.579999923706055,8.265000343322754,8.279999732971191,8.279999732971191,177790
2023-02-06,8.34000015258789,8.420000076293945,8.180000305175781,8.1899995803833,8.1899995803833,162566
2023-02-07,8.15999984741211,8.425000190734863,8.0600004196167,8.40999984741211,8.40999984741211,101655
2023-02-08,8.460000038146973,8.520000457763672,8.359999656677246,8.420000076293945,8.420000076293945,56232
2023-02-09,8.420000076293945,8.760000228881836,8.420000076293945,8.5600004196167,8.5600004196167,78462
2023-02-10,8.600000381469727,8.774999618530273,8.390000343322754,8.420000076293945,8.420000076293945,162654
2023-02-13,8.300000190734863,8.529999732971191,8.210100173950195,8.279999732971191,8.279999732971191,93653
2023-02-14,8.199999809265137,8.5600004196167,8.199999809265137,8.510000228881836,8.510000228881836,69689
2023-02-15,8.462900161743164,8.78499984741211,8.430000305175781,8.760000228881836,8.760000228881836,68733
2023-02-16,8.649999618530273,8.899999618530273,8.640000343322754,8.850000381469727,8.850000381469727,74309
2023-02-17,8.859999656677246,9.140000343322754,8.789999961853027,9.100000381469727,9.100000381469727,72255
2023-02-21,9.09000015258789,9.109999656677246,8.89009952545166,9.0600004196167,9.0600004196167,135752
2023-02-22,9.0,9.050000190734863,8.737500190734863,8.829999923706055,8.829999923706055,136468
2023-02-23,8.829999923706055,9.020000457763672,8.789799690246582,9.0,9.0,120878
2023-02-24,8.880000114440918,9.079999923706055,8.880000114440918,9.0,9.0,96066
2023-02-27,8.979999542236328,9.210000038146973,8.970000267028809,9.210000038146973,9.210000038146973,75831
2023-02-28,9.15999984741211,9.3100004196167,9.0600004196167,9.220000267028809,9.220000267028809,85947
2023-03-01,9.229999542236328,9.40999984741211,8.920000076293945,9.0600004196167,9.0600004196167,97428
2023-03-02,8.90999984741211,9.135000228881836,8.859999656677246,9.0,9.0,75111
2023-03-03,9.229999542236328,9.229999542236328,7.559999942779541,7.900000095367432,7.900000095367432,362556
2023-03-06,7.849999904632568,8.369999885559082,7.508500099182129,8.350000381469727,8.350000381469727,186360
2023-03-07,8.34000015258789,8.819999694824219,8.1899995803833,8.789999961853027,8.789999961853027,92963
2023-03-08,8.75,9.123000144958496,8.670000076293945,9.069999694824219,9.069999694824219,109711
2023-03-09,9.09000015258789,9.229999542236328,9.0,9.199999809265137,9.199999809265137,108464
2023-03-10,9.199999809265137,9.25,8.970000267028809,9.199999809265137,9.199999809265137,97431
2023-03-13,9.109999656677246,9.3100004196167,9.109999656677246,9.220000267028809,9.220000267028809,92555
2023-03-14,9.239999771118164,9.390000343322754,9.199999809265137,9.34000015258789,9.34000015258789,160471
2023-03-15,9.220000267028809,9.350000381469727,8.970000267028809,9.210000038146973,9.210000038146973,206489
2023-03-16,9.220000267028809,9.760000228881836,9.029999732971191,9.739999771118164,9.739999771118164,129346
2023-03-17,9.630000114440918,10.0,9.579999923706055,9.84000015258789,9.84000015258789,172897
2023-03-20,9.720000267028809,10.0,9.6899995803833,9.989999771118164,9.989999771118164,135854
2023-03-21,9.90999984741211,10.140000343322754,9.739999771118164,9.84000015258789,9.84000015258789,128142
2023-03-22,9.8100004196167,10.109999656677246,9.579999923706055,9.949999809265137,9.949999809265137,122659
2023-03-23,10.029999732971191,10.239999771118164,9.960000038146973,10.140000343322754,10.140000343322754,154078
2023-03-24,10.180000305175781,10.289999961853027,9.970000267028809,10.199999809265137,10.199999809265137,106922
2023-03-27,10.199999809265137,10.319999694824219,9.520000457763672,9.710000038146973,9.710000038146973,103302
2023-03-28,9.720000267028809,9.789999961853027,9.350000381469727,9.380000114440918,9.380000114440918,62404
2023-03-29,9.319999694824219,9.520000457763672,9.220000267028809,9.359999656677246,9.359999656677246,95058
2023-03-30,9.329999923706055,9.524999618530273,9.279999732971191,9.430000305175781,9.430000305175781,75912
2023-03-31,9.489999771118164,9.760000228881836,9.34000015258789,9.65999984741211,9.65999984741211,117620
2023-04-03,9.699999809265137,9.869999885559082,9.65999984741211,9.84000015258789,9.84000015258789,95442
2023-04-04,9.850000381469727,10.024999618530273,9.8149995803833,10.020000457763672,10.020000457763672,83265
2023-04-05,10.0600004196167,10.0600004196167,9.609999656677246,9.850000381469727,9.850000381469727,59411
2023-04-06,9.819999694824219,10.1899995803833,9.800999641418457,10.069999694824219,10.069999694824219,61021
2023-04-10,10.050000190734863,10.539999961853027,9.970000267028809,10.369999885559082,10.369999885559082,160275
2023-04-11,10.460000038146973,10.5,10.069999694824219,10.170000076293945,10.170000076293945,98590
2023-04-12,10.199999809265137,10.210000038146973,9.994999885559082,10.09000015258789,10.09000015258789,67632
2023-04-13,10.109999656677246,10.319999694824219,9.9399995803833,10.25,10.25,134689
2023-04-14,10.25,10.449999809265137,10.1899995803833,10.329999923706055,10.329999923706055,107786
2023-04-17,10.449999809265137,10.449999809265137,10.210000038146973,10.350000381469727,10.350000381469727,39829
2023-04-18,10.3100004196167,10.579999923706055,10.210000038146973,10.4399995803833,10.4399995803833,87521
2023-04-19,10.479999542236328,11.149999618530273,10.380000114440918,11.0649995803833,11.0649995803833,198677
2023-04-20,11.079999923706055,11.5,10.859999656677246,11.489999771118164,11.489999771118164,141547
2023-04-21,11.5,11.880000114440918,11.430000305175781,11.770000457763672,11.770000457763672,215240
2023-04-24,11.859999656677246,12.009900093078613,11.149999618530273,11.59000015258789,11.59000015258789,368060
2023-04-25,11.59000015258789,11.59000015258789,10.350000381469727,10.5,10.5,190227
2023-04-26,10.5,10.800000190734863,10.359999656677246,10.720000267028809,10.720000267028809,127401
2023-04-27,10.84000015258789,11.0600004196167,10.699999809265137,10.899999618530273,10.899999618530273,172312
2023-04-28,10.819999694824219,10.899999618530273,10.484800338745117,10.850000381469727,10.850000381469727,128503
2023-05-01,11.020000457763672,11.270000457763672,10.760000228881836,10.770000457763672,10.770000457763672,109350
2023-05-02,10.770000457763672,11.0,10.699999809265137,10.850000381469727,10.850000381469727,108312
2023-05-03,10.899999618530273,10.949999809265137,10.406299591064453,10.699999809265137,10.699999809265137,125320
2023-05-04,10.729999542236328,10.789999961853027,10.430000305175781,10.520000457763672,10.520000457763672,74863
2023-05-05,10.470000267028809,10.739999771118164,10.4399995803833,10.699999809265137,10.699999809265137,66828
2023-05-08,10.710000038146973,10.9399995803833,10.40999984741211,10.789999961853027,10.789999961853027,131820
2023-05-09,11.0,11.0,9.699999809265137,10.494999885559082,10.494999885559082,278736
2023-05-10,10.390000343322754,10.760000228881836,10.390000343322754,10.649999618530273,10.649999618530273,81964
2023-05-11,10.550000190734863,10.699999809265137,10.3100004196167,10.380000114440918,10.380000114440918,104062
2023-05-12,10.34000015258789,10.520000457763672,10.279999732971191,10.380000114440918,10.380000114440918,125442
2023-05-15,10.380000114440918,11.079999923706055,10.380000114440918,10.795000076293945,10.795000076293945,132124
2023-05-16,10.789999961853027,10.789999961853027,10.0,10.329999923706055,10.329999923706055,210333
2023-05-17,10.329999923706055,10.710000038146973,10.329999923706055,10.460000038146973,10.460000038146973,211185
2023-05-18,10.470000267028809,10.59000015258789,10.199999809265137,10.279999732971191,10.279999732971191,176724
2023-05-19,10.180000305175781,10.630000114440918,10.180000305175781,10.59000015258789,10.59000015258789,286076
2023-05-22,10.59000015258789,10.680000305175781,9.829999923706055,9.880000114440918,9.880000114440918,209319
2023-05-23,9.880000114440918,10.024999618530273,9.65999984741211,9.75,9.75,117595
2023-05-24,9.75,9.795000076293945,9.520000457763672,9.649999618530273,9.649999618530273,196910
2023-05-25,9.6899995803833,9.789999961853027,9.550000190734863,9.630000114440918,9.630000114440918,104340
2023-05-26,9.585000038146973,9.670000076293945,9.329999923706055,9.359999656677246,9.359999656677246,105262
2023-05-30,9.34000015258789,9.545000076293945,9.289999961853027,9.470000267028809,9.470000267028809,206838
2023-05-31,9.489999771118164,9.75,9.34000015258789,9.529999732971191,9.529999732971191,152663
2023-06-01,9.5,9.890000343322754,9.460000038146973,9.859999656677246,9.859999656677246,84439
2023-06-02,9.930000305175781,9.960000038146973,9.779999732971191,9.800000190734863,9.800000190734863,66234
2023-06-05,9.739999771118164,9.979999542236328,9.739999771118164,9.8100004196167,9.8100004196167,88544
2023-06-06,9.869999885559082,9.979999542236328,9.760000228881836,9.970000267028809,9.970000267028809,114893
2023-06-07,9.949999809265137,10.020000457763672,9.819999694824219,9.84000015258789,9.84000015258789,96457
2023-06-08,9.869999885559082,9.869999885559082,9.359999656677246,9.59000015258789,9.59000015258789,197284
2023-06-09,9.510000228881836,9.869999885559082,9.510000228881836,9.720000267028809,9.720000267028809,121276
2023-06-12,9.649999618530273,9.890000343322754,9.649999618530273,9.850000381469727,9.850000381469727,86381
2023-06-13,9.994999885559082,10.170000076293945,9.90999984741211,9.90999984741211,9.90999984741211,120368
2023-06-14,9.890000343322754,10.355199813842773,9.859999656677246,10.1899995803833,10.1899995803833,139549
2023-06-15,10.1899995803833,10.34000015258789,9.770000457763672,9.819999694824219,9.819999694824219,104862
2023-06-16,9.829999923706055,9.850000381469727,9.069999694824219,9.239999771118164,9.239999771118164,198232
2023-06-20,9.140000343322754,9.265000343322754,9.0,9.229999542236328,9.229999542236328,271706
2023-06-21,8.869999885559082,9.869999885559082,8.869999885559082,9.710000038146973,9.710000038146973,254982
2023-06-22,9.710000038146973,9.710000038146973,9.710000038146973,9.710000038146973,9.710000038146973,0
2023-06-23,9.319999694824219,9.600000381469727,9.0600004196167,9.199999809265137,9.199999809265137,4946865
2023-06-26,9.5,9.649999618530273,9.210000038146973,9.479999542236328,9.479999542236328,187418
2023-06-27,9.470000267028809,9.630000114440918,9.34000015258789,9.470000267028809,9.470000267028809,156751
2023-06-28,9.430000305175781,9.529999732971191,9.359999656677246,9.430000305175781,9.430000305175781,141278
2023-06-29,9.329999923706055,9.5,9.319999694824219,9.489999771118164,9.489999771118164,90744
2023-06-30,9.539999961853027,9.994999885559082,9.449999809265137,9.779999732971191,9.779999732971191,271168
2023-07-03,9.65999984741211,9.880000114440918,9.529999732971191,9.850000381469727,9.850000381469727,89072
2023-07-05,9.770000457763672,9.770000457763672,9.40999984741211,9.4399995803833,9.4399995803833,153790
2023-07-06,9.319999694824219,9.430000305175781,9.265000343322754,9.3100004196167,9.3100004196167,143318
2023-07-07,9.34000015258789,9.5,9.300000190734863,9.380000114440918,9.380000114440918,160661
2023-07-10,9.399999618530273,9.449999809265137,9.289999961853027,9.399999618530273,9.399999618530273,93330
2023-07-11,9.399999618530273,9.5,9.1274995803833,9.199999809265137,9.199999809265137,129519
2023-07-12,9.329999923706055,9.369999885559082,9.119999885559082,9.140000343322754,9.140000343322754,88550
2023-07-13,9.140000343322754,9.380000114440918,9.140000343322754,9.220000267028809,9.220000267028809,127242
2023-07-14,9.1899995803833,9.390000343322754,9.140000343322754,9.350000381469727,9.350000381469727,66276
2023-07-17,9.260000228881836,9.300000190734863,9.0600004196167,9.119999885559082,9.119999885559082,100528
2023-07-18,9.050000190734863,9.170000076293945,9.050000190734863,9.09000015258789,9.09000015258789,109338
2023-07-19,9.100000381469727,9.199999809265137,9.029999732971191,9.0600004196167,9.0600004196167,87929
2023-07-20,9.050000190734863,9.069999694824219,8.960000038146973,9.010000228881836,9.010000228881836,137727
2023-07-21,9.09000015258789,9.09000015258789,8.869999885559082,8.899999618530273,8.899999618530273,110406
2023-07-24,8.899999618530273,8.979999542236328,8.850000381469727,8.949999809265137,8.949999809265137,115038
2023-07-25,8.949999809265137,9.079999923706055,8.8100004196167,8.930000305175781,8.930000305175781,72473
2023-07-26,8.890000343322754,9.050000190734863,8.84000015258789,9.0,9.0,69408
2023-07-27,9.010000228881836,9.09000015258789,8.960000038146973,9.0,9.0,70320
2023-07-28,9.069999694824219,9.119999885559082,8.970000267028809,9.010000228881836,9.010000228881836,46195
2023-07-31,8.989999771118164,9.072799682617188,8.420000076293945,8.449999809265137,8.449999809265137,115289
2023-08-01,8.4399995803833,8.8100004196167,8.430000305175781,8.779999732971191,8.779999732971191,281425
2023-08-02,8.770000457763672,8.899999618530273,8.59000015258789,8.649999618530273,8.649999618530273,78921
2023-08-03,8.579999923706055,8.699999809265137,8.5,8.670000076293945,8.670000076293945,74824
2023-08-04,8.640000343322754,8.699999809265137,8.40999984741211,8.420000076293945,8.420000076293945,71042
2023-08-07,8.479999542236328,8.600000381469727,8.399999618530273,8.539999961853027,8.539999961853027,32477
2023-08-08,8.40999984741211,8.800000190734863,8.40999984741211,8.619999885559082,8.619999885559082,60164
2023-08-09,8.600000381469727,8.680000305175781,8.319999694824219,8.34000015258789,8.34000015258789,73956
2023-08-10,8.609999656677246,8.609999656677246,7.989999771118164,8.029999732971191,8.029999732971191,100266
2023-08-11,8.029999732971191,8.5,8.029999732971191,8.260000228881836,8.260000228881836,85239
2023-08-14,8.279999732971191,8.479999542236328,8.220000267028809,8.25,8.25,179194
2023-08-15,8.199999809265137,8.319999694824219,8.109999656677246,8.210000038146973,8.210000038146973,208768
2023-08-16,8.260000228881836,8.3100004196167,8.0,8.020000457763672,8.020000457763672,87447
2023-08-17,8.050000190734863,8.069999694824219,7.739999771118164,7.789999961853027,7.789999961853027,144090
2023-08-18,7.71999979019165,8.104999542236328,7.71999979019165,8.029999732971191,8.029999732971191,124615
2023-08-21,8.069999694824219,8.1899995803833,8.010000228881836,8.050000190734863,8.050000190734863,86946
2023-08-22,8.039999961853027,8.140000343322754,7.960000038146973,8.100000381469727,8.100000381469727,83961
2023-08-23,8.0600004196167,8.145000457763672,7.980000019073486,8.039999961853027,8.039999961853027,110633
2023-08-24,7.989999771118164,8.069999694824219,7.909999847412109,7.929999828338623,7.929999828338623,71124
2023-08-25,7.909999847412109,7.989999771118164,7.730000019073486,7.78000020980835,7.78000020980835,62267
2023-08-28,7.769999980926514,7.934999942779541,7.71999979019165,7.920000076293945,7.920000076293945,138031
2023-08-29,7.900000095367432,8.109999656677246,7.900000095367432,8.09000015258789,8.09000015258789,67892
2023-08-30,8.039999961853027,8.149999618530273,8.0,8.039999961853027,8.039999961853027,63047
2023-08-31,8.039999961853027,8.109999656677246,7.909999847412109,7.909999847412109,7.909999847412109,86107
2023-09-01,7.980000019073486,8.225000381469727,7.980000019073486,8.109999656677246,8.109999656677246,82263
2023-09-05,8.140000343322754,8.149999618530273,7.800000190734863,7.880000114440918,7.880000114440918,112322
2023-09-06,7.920000076293945,7.934999942779541,7.570000171661377,7.599999904632568,7.599999904632568,90021
2023-09-07,7.619999885559082,7.619999885559082,7.269999980926514,7.349999904632568,7.349999904632568,101032
2023-09-08,7.300000190734863,7.420000076293945,7.139999866485596,7.400000095367432,7.400000095367432,124928
2023-09-11,7.46999979019165,7.71999979019165,7.429999828338623,7.539999961853027,7.539999961853027,38009
2023-09-12,7.480000019073486,7.480000019073486,7.070000171661377,7.110000133514404,7.110000133514404,67699
2023-09-13,7.119999885559082,7.199999809265137,7.050000190734863,7.190000057220459,7.190000057220459,50550
2023-09-14,7.199999809265137,7.28000020980835,7.130000114440918,7.230000019073486,7.230000019073486,138004
2023-09-15,7.21999979019165,7.309999942779541,7.139999866485596,7.289999961853027,7.289999961853027,248770
2023-09-18,7.309999942779541,7.408999919891357,7.260000228881836,7.389999866485596,7.389999866485596,71107
2023-09-19,7.409999847412109,7.409999847412109,7.110000133514404,7.195000171661377,7.195000171661377,82595
2023-09-20,7.050000190734863,7.300000190734863,7.050000190734863,7.150000095367432,7.150000095367432,53289
2023-09-21,7.150000095367432,7.170000076293945,7.090000152587891,7.099999904632568,7.099999904632568,133629
2023-09-22,7.119999885559082,7.215000152587891,7.050000190734863,7.150000095367432,7.150000095367432,135015
2023-09-25,7.139999866485596,7.170000076293945,6.900000095367432,7.0,7.0,66770
2023-09-26,6.929999828338623,6.989999771118164,6.78000020980835,6.800000190734863,6.800000190734863,178001
2023-09-27,6.840000152587891,6.925000190734863,6.706500053405762,6.75,6.75,64781
2023-09-28,6.760000228881836,6.869999885559082,6.670000076293945,6.869999885559082,6.869999885559082,117081
2023-09-29,6.889999866485596,6.889999866485596,6.695000171661377,6.730000019073486,6.730000019073486,106189
2023-10-02,6.699999809265137,6.820000171661377,6.550000190734863,6.739999771118164,6.739999771118164,127696
2023-10-03,6.75,6.769999980926514,6.570000171661377,6.71999979019165,6.71999979019165,103437
2023-10-04,6.730000019073486,6.820000171661377,6.609000205993652,6.789999961853027,6.789999961853027,59769
2023-10-05,6.820000171661377,7.019999980926514,6.710000038146973,6.920000076293945,6.920000076293945,89778
2023-10-06,6.880000114440918,7.03000020980835,6.769999980926514,7.019999980926514,7.019999980926514,240599
2023-10-09,6.980000019073486,6.989999771118164,6.75,6.980000019073486,6.980000019073486,49164
2023-10-10,6.980000019073486,6.980000019073486,6.670000076293945,6.769999980926514,6.769999980926514,164161
2023-10-11,6.730000019073486,6.769999980926514,6.670000076293945,6.75,6.75,67958
2023-10-12,6.760000228881836,6.769999980926514,6.409999847412109,6.489999771118164,6.489999771118164,78208
2023-10-13,6.519999980926514,6.519999980926514,6.239999771118164,6.369999885559082,6.369999885559082,75682
2023-10-16,6.460000038146973,6.53000020980835,6.21999979019165,6.53000020980835,6.53000020980835,78074
2023-10-17,6.519999980926514,6.800000190734863,6.519999980926514,6.679999828338623,6.679999828338623,47466
2023-10-18,6.670000076293945,6.670000076293945,6.539999961853027,6.579999923706055,6.579999923706055,55874
2023-10-19,6.599999904632568,6.599999904632568,6.380000114440918,6.440000057220459,6.440000057220459,68718
2023-10-20,6.460000038146973,6.46999979019165,6.309999942779541,6.340000152587891,6.340000152587891,106752
2023-10-23,6.320000171661377,6.420000076293945,6.202000141143799,6.239999771118164,6.239999771118164,45042
2023-10-24,6.190000057220459,6.46999979019165,6.070000171661377,6.380000114440918,6.380000114440918,86978
2023-10-25,6.369999885559082,6.539999961853027,6.244999885559082,6.329999923706055,6.329999923706055,72616
2023-10-26,6.340000152587891,6.355000019073486,6.050000190734863,6.159999847412109,6.159999847412109,62362
2023-10-27,6.210000038146973,6.210000038146973,5.909999847412109,6.039999961853027,6.039999961853027,56558
2023-10-30,6.150000095367432,6.300000190734863,6.050000190734863,6.230000019073486,6.230000019073486,73854
2023-10-31,6.269999980926514,6.400000095367432,6.199999809265137,6.309999942779541,6.309999942779541,37813
2023-11-01,6.309999942779541,6.309999942779541,5.900000095367432,6.070000171661377,6.070000171661377,68300
2023-11-02,6.03000020980835,6.820000171661377,6.03000020980835,6.800000190734863,6.800000190734863,191919
2023-11-03,6.889999866485596,7.710000038146973,6.889999866485596,7.480000019073486,7.480000019073486,183893
2023-11-06,7.389999866485596,7.5970001220703125,7.0,7.03000020980835,7.03000020980835,53569
2023-11-07,7.0,7.179999828338623,6.989999771118164,7.099999904632568,7.099999904632568,121267
2023-11-08,6.960000038146973,7.03000020980835,6.900000095367432,6.940000057220459,6.940000057220459,56073
2023-11-09,7.039999961853027,7.199900150299072,6.965000152587891,7.019999980926514,7.019999980926514,107426
2023-11-10,7.0,7.159999847412109,6.940000057220459,7.139999866485596,7.139999866485596,155214
2023-11-13,7.1479997634887695,7.1479997634887695,7.0,7.059999942779541,7.059999942779541,43484
2023-11-14,7.239999771118164,7.380000114440918,7.025899887084961,7.380000114440918,7.380000114440918,109757
2023-11-15,7.429999828338623,7.619999885559082,7.199999809265137,7.239999771118164,7.239999771118164,141278
2023-11-16,7.230000019073486,7.389999866485596,7.130000114440918,7.380000114440918,7.380000114440918,51600
2023-11-17,7.5,7.869999885559082,7.489999771118164,7.670000076293945,7.670000076293945,154319
2023-11-20,7.730000019073486,7.730000019073486,7.449999809265137,7.699999809265137,7.699999809265137,98286
2023-11-21,7.690000057220459,7.929999828338623,7.690000057220459,7.820000171661377,7.820000171661377,68915
2023-11-22,7.929999828338623,7.929999828338623,7.6809000968933105,7.820000171661377,7.820000171661377,36529
2023-11-24,7.880000114440918,8.020000457763672,7.880000114440918,7.980000019073486,7.980000019073486,15464
2023-11-27,7.940000057220459,8.069999694824219,7.869999885559082,8.020000457763672,8.020000457763672,87969
2023-11-28,7.980000019073486,8.305000305175781,7.960000038146973,8.220000267028809,8.220000267028809,101423
2023-11-29,8.300000190734863,8.460000038146973,8.010000228881836,8.079999923706055,8.079999923706055,46989
2023-11-30,8.140000343322754,8.140000343322754,7.739999771118164,7.769999980926514,7.769999980926514,66898
2023-12-01,7.699999809265137,7.730000019073486,7.539999961853027,7.659999847412109,7.659999847412109,107997
2023-12-04,7.690000057220459,7.900000095367432,7.630000114440918,7.78000020980835,7.78000020980835,53820
2023-12-05,7.75,8.020000457763672,7.694699764251709,7.949999809265137,7.949999809265137,46102
2023-12-06,8.0600004196167,8.4399995803833,7.929999828338623,8.399999618530273,8.399999618530273,74375
2023-12-07,8.489999771118164,8.604999542236328,7.890100002288818,8.050000190734863,8.050000190734863,80351
2023-12-08,8.020000457763672,8.210000038146973,7.920000076293945,8.029999732971191,8.029999732971191,66201
2023-12-11,8.079999923706055,8.079999923706055,7.670000076293945,7.849999904632568,7.849999904632568,264547
2023-12-12,7.929999828338623,7.949999809265137,7.550000190734863,7.579999923706055,7.579999923706055,80426
2023-12-13,7.599999904632568,7.650000095367432,7.0,7.429999828338623,7.429999828338623,270283
2023-12-14,7.46999979019165,7.659999847412109,7.28000020980835,7.599999904632568,7.599999904632568,169817
2023-12-15,7.75,7.75,7.46999979019165,7.46999979019165,7.46999979019165,220910
2023-12-18,7.480000019073486,7.849999904632568,7.480000019073486,7.789999961853027,7.789999961853027,165336
2023-12-19,7.909999847412109,7.909999847412109,7.650000095367432,7.849999904632568,7.849999904632568,123402
2023-12-20,7.880000114440918,7.954999923706055,7.630499839782715,7.699999809265137,7.699999809265137,159053
2023-12-21,7.800000190734863,7.989999771118164,7.650000095367432,7.880000114440918,7.880000114440918,129640
2023-12-22,7.920000076293945,8.34000015258789,7.849999904632568,8.100000381469727,8.100000381469727,93607
2023-12-26,8.09000015258789,8.609999656677246,8.086999893188477,8.449999809265137,8.449999809265137,86631
2023-12-27,8.520000457763672,8.520000457763672,8.109999656677246,8.15999984741211,8.15999984741211,72171
2023-12-28,8.149999618530273,8.170000076293945,7.869999885559082,8.0,8.0,100084
2023-12-29,8.0,8.050000190734863,7.820000171661377,7.849999904632568,7.849999904632568,107001
2024-01-02,7.849999904632568,8.039999961853027,7.769999980926514,7.989999771118164,7.989999771118164,222121
2024-01-03,7.96999979019165,8.0600004196167,7.690000057220459,7.699999809265137,7.699999809265137,82158
2024-01-04,7.760000228881836,7.760000228881836,7.46999979019165,7.489999771118164,7.489999771118164,146910
2024-01-05,7.519999980926514,7.53000020980835,7.300000190734863,7.340000152587891,7.340000152587891,101671
2024-01-08,7.349999904632568,7.369999885559082,7.260000228881836,7.289999961853027,7.289999961853027,190472
2024-01-09,7.420000076293945,7.760000228881836,7.115900039672852,7.630000114440918,7.630000114440918,346173
2024-01-10,7.610000133514404,7.929999828338623,7.349999904632568,7.929999828338623,7.929999828338623,88903
2024-01-11,7.889999866485596,7.889999866485596,7.610000133514404,7.650000095367432,7.650000095367432,63966
2024-01-12,7.760000228881836,7.849999904632568,7.599999904632568,7.760000228881836,7.760000228881836,52433
2024-01-16,7.650000095367432,7.679999828338623,7.260000228881836,7.309999942779541,7.309999942779541,133818
2024-01-17,7.260000228881836,7.449999809265137,7.260000228881836,7.389999866485596,7.389999866485596,76810
2024-01-18,7.389999866485596,7.630000114440918,7.364999771118164,7.619999885559082,7.619999885559082,114470
2024-01-19,7.679999828338623,7.769999980926514,7.5,7.739999771118164,7.739999771118164,103632
2024-01-22,7.739999771118164,8.260000228881836,7.739999771118164,8.25,8.25,146477
2024-01-23,8.34000015258789,8.399999618530273,8.220000267028809,8.359999656677246,8.359999656677246,107616
2024-01-24,8.380000114440918,8.5600004196167,8.300000190734863,8.350000381469727,8.350000381469727,116169
2024-01-25,8.4399995803833,8.569999694824219,8.319999694824219,8.529999732971191,8.529999732971191,94880
2024-01-26,8.619999885559082,8.649999618530273,8.359999656677246,8.390000343322754,8.390000343322754,136124
2024-01-29,8.399999618530273,8.6899995803833,8.100000381469727,8.15999984741211,8.15999984741211,140566
2024-01-30,8.149999618530273,8.1899995803833,7.934999942779541,7.960000038146973,7.960000038146973,87955
2024-01-31,7.989999771118164,8.564299583435059,7.985000133514404,8.119999885559082,8.119999885559082,239350
2024-02-01,8.170000076293945,8.260000228881836,8.0,8.260000228881836,8.260000228881836,101875
2024-02-02,8.149999618530273,8.300000190734863,8.149999618530273,8.149999618530273,8.149999618530273,47305
2024-02-05,8.149999618530273,8.404999732971191,8.069999694824219,8.229999542236328,8.229999542236328,134362
2024-02-06,8.210000038146973,8.569999694824219,8.210000038146973,8.510000228881836,8.510000228881836,99463
2024-02-07,8.520000457763672,8.520000457763672,8.25100040435791,8.40999984741211,8.40999984741211,69365
2024-02-08,8.399999618530273,8.59000015258789,8.375,8.550000190734863,8.550000190734863,59135
2024-02-09,8.529999732971191,8.954999923706055,8.529999732971191,8.930000305175781,8.930000305175781,151793
2024-02-12,8.930000305175781,9.020000457763672,8.835000038146973,8.979999542236328,8.979999542236328,122419
2024-02-13,8.819999694824219,8.960000038146973,8.329999923706055,8.380000114440918,8.380000114440918,110682
2024-02-14,8.520000457763672,8.621999740600586,8.399999618530273,8.529999732971191,8.529999732971191,80717
2024-02-15,8.569999694824219,8.880000114440918,8.460000038146973,8.869999885559082,8.869999885559082,107356
2024-02-16,8.850000381469727,8.869999885559082,8.583000183105469,8.65999984741211,8.65999984741211,96503
2024-02-20,8.65999984741211,8.65999984741211,8.430000305175781,8.460000038146973,8.460000038146973,76815
2024-02-21,8.40999984741211,8.470000267028809,8.260000228881836,8.359999656677246,8.359999656677246,88923
2024-02-22,8.359999656677246,8.430000305175781,7.960000038146973,8.199999809265137,8.199999809265137,161908
2024-02-23,8.210000038146973,8.65999984741211,8.210000038146973,8.59000015258789,8.59000015258789,99760
2024-02-26,8.579999923706055,8.899999618530273,8.539999961853027,8.760000228881836,8.760000228881836,135114
2024-02-27,8.859999656677246,8.881500244140625,8.579999923706055,8.609999656677246,8.609999656677246,44662
2024-02-28,8.550000190734863,8.649999618530273,8.399999618530273,8.5,8.5,90035
2024-02-29,8.65999984741211,8.670000076293945,8.399999618530273,8.460000038146973,8.460000038146973,77171
2024-03-01,8.510000228881836,8.835000038146973,8.470000267028809,8.569999694824219,8.569999694824219,90502
2024-03-04,8.640000343322754,9.40999984741211,8.640000343322754,9.180000305175781,9.180000305175781,379968
2024-03-05,9.109999656677246,9.369999885559082,8.920000076293945,9.130000114440918,9.130000114440918,281732
2024-03-06,9.170000076293945,9.550000190734863,9.170000076293945,9.380000114440918,9.380000114440918,212439
2024-03-07,9.5600004196167,10.020000457763672,9.300000190734863,9.989999771118164,9.989999771118164,221891
2024-03-08,9.960000038146973,10.4399995803833,9.641400337219238,9.90999984741211,9.90999984741211,187432
2024-03-11,9.770000457763672,10.0,9.039999961853027,9.34000015258789,9.34000015258789,278575
2024-03-12,9.239999771118164,9.520000457763672,9.1899995803833,9.479999542236328,9.479999542236328,172070
2024-03-13,9.470000267028809,9.569999694824219,9.3100004196167,9.479999542236328,9.479999542236328,135678
2024-03-14,9.460000038146973,9.470000267028809,9.229999542236328,9.319999694824219,9.319999694824219,164846
2024-03-15,9.229999542236328,9.65999984741211,9.149999618530273,9.600000381469727,9.600000381469727,2403375
2024-03-18,9.65999984741211,9.850000381469727,9.43019962310791,9.5600004196167,9.5600004196167,242416
2024-03-19,9.539999961853027,9.670000076293945,9.350000381469727,9.420000076293945,9.420000076293945,114953
2024-03-20,9.369999885559082,9.5600004196167,9.29010009765625,9.4399995803833,9.4399995803833,147950
2024-03-21,9.470000267028809,9.699999809265137,9.4399995803833,9.489999771118164,9.489999771118164,100989
2024-03-22,9.539999961853027,9.539999961853027,9.112000465393066,9.149999618530273,9.149999618530273,124638
2024-03-25,9.09000015258789,9.25,8.800000190734863,9.069999694824219,9.069999694824219,157539
2024-03-26,9.140000343322754,9.239999771118164,9.075499534606934,9.09000015258789,9.09000015258789,94522
2024-03-27,9.149999618530273,9.470000267028809,9.149999618530273,9.380000114440918,9.380000114440918,174515
2024-03-28,9.4399995803833,9.699999809265137,9.399999618530273,9.430000305175781,9.430000305175781,181338
2024-04-01,9.430000305175781,9.430000305175781,9.260000228881836,9.380000114440918,9.380000114440918,187237
2024-04-02,9.34000015258789,9.34000015258789,8.829999923706055,8.84000015258789,8.84000015258789,88425
2024-04-03,8.8100004196167,9.0600004196167,8.8100004196167,8.949999809265137,8.949999809265137,81564
2024-04-04,9.020000457763672,9.135000228881836,8.859999656677246,8.890000343322754,8.890000343322754,101961
2024-04-05,8.850000381469727,8.869999885559082,8.449999809265137,8.5,8.5,84542
2024-04-08,8.520000457763672,8.529999732971191,8.359999656677246,8.5,8.5,83230
2024-04-09,8.529999732971191,8.640000343322754,8.359999656677246,8.380000114440918,8.380000114440918,75426
2024-04-10,8.15999984741211,8.229999542236328,7.980000019073486,8.020000457763672,8.020000457763672,118340
2024-04-11,8.039999961853027,8.350000381469727,8.039999961853027,8.25,8.25,123083
2024-04-12,8.1899995803833,8.239999771118164,8.024999618530273,8.180000305175781,8.180000305175781,107962
2024-04-15,8.180000305175781,8.229900360107422,8.039999961853027,8.140000343322754,8.140000343322754,100609
2024-04-16,8.130000114440918,8.350000381469727,8.029999732971191,8.260000228881836,8.260000228881836,93191
2024-04-17,8.180000305175781,8.329999923706055,7.809999942779541,7.820000171661377,7.820000171661377,81842
2024-04-18,7.829999923706055,7.960000038146973,7.679999828338623,7.800000190734863,7.800000190734863,129673
2024-04-19,7.75,7.989999771118164,7.739999771118164,7.880000114440918,7.880000114440918,120744
2024-04-22,7.900000095367432,7.96999979019165,7.809999942779541,7.840000152587891,7.840000152587891,89086
2024-04-23,7.829999923706055,8.234999656677246,7.829999923706055,8.0600004196167,8.0600004196167,136441
2024-04-24,8.0,8.164999961853027,7.965000152587891,8.09000015258789,8.09000015258789,139294
2024-04-25,8.0,8.069999694824219,7.940000057220459,8.010000228881836,8.010000228881836,75127
2024-04-26,7.889999866485596,8.3100004196167,7.840000152587891,8.3100004196167,8.3100004196167,56433
2024-04-29,8.390000343322754,8.399900436401367,8.210000038146973,8.220000267028809,8.220000267028809,136450
2024-04-30,8.25,8.339500427246094,8.119999885559082,8.1899995803833,8.1899995803833,100947
2024-05-01,8.220000267028809,8.5,8.170000076293945,8.350000381469727,8.350000381469727,87261
2024-05-02,8.390000343322754,8.430000305175781,8.119999885559082,8.1899995803833,8.1899995803833,92475
2024-05-03,8.3100004196167,8.310799598693848,8.029999732971191,8.180000305175781,8.180000305175781,101743
2024-05-06,8.180000305175781,8.244999885559082,8.079999923706055,8.220000267028809,8.220000267028809,108917
2024-05-07,8.199999809265137,8.199999809265137,7.599999904632568,7.659999847412109,7.659999847412109,179375
2024-05-08,7.590000152587891,7.730000019073486,7.25,7.269999980926514,7.269999980926514,146790
2024-05-09,7.269999980926514,7.329999923706055,7.050000190734863,7.130000114440918,7.130000114440918,111484
2024-05-10,7.130000114440918,7.255000114440918,6.920000076293945,7.144999980926514,7.144999980926514,300697
2024-05-13,7.139999866485596,7.329999923706055,6.900000095367432,7.050000190734863,7.050000190734863,266263
2024-05-14,7.079999923706055,7.099999904632568,6.690000057220459,6.699999809265137,6.699999809265137,205411
2024-05-15,6.769999980926514,7.0,6.679999828338623,6.920000076293945,6.920000076293945,264692
2024-05-16,6.96999979019165,7.144999980926514,6.965000152587891,7.070000171661377,7.070000171661377,217374
2024-05-17,7.099999904632568,7.1834001541137695,7.059999942779541,7.110000133514404,7.110000133514404,181488
2024-05-20,7.099999904632568,7.130000114440918,7.070000171661377,7.099999904632568,7.099999904632568,177325
2024-05-21,7.090000152587891,7.170000076293945,6.929999828338623,7.03000020980835,7.03000020980835,311499
2024-05-22,7.03000020980835,7.099899768829346,6.949999809265137,7.03000020980835,7.03000020980835,123174
2024-05-23,7.070000171661377,7.070000171661377,6.800000190734863,6.900000095367432,6.900000095367432,119887
2024-05-24,6.889999866485596,7.139999866485596,6.880000114440918,7.059999942779541,7.059999942779541,223733
2024-05-28,7.119999885559082,7.230000019073486,6.949999809265137,7.099999904632568,7.099999904632568,289569
2024-05-29,7.070000171661377,7.150000095367432,6.989999771118164,7.019999980926514,7.019999980926514,120725
2024-05-30,7.059999942779541,7.21999979019165,7.059999942779541,7.199999809265137,7.199999809265137,85437
2024-05-31,7.230000019073486,7.449999809265137,7.22599983215332,7.409999847412109,7.409999847412109,283371
2024-06-03,7.440000057220459,7.630000114440918,7.349999904632568,7.480000019073486,7.480000019073486,189256
2024-06-04,7.440000057220459,7.440000057220459,7.269999980926514,7.380000114440918,7.380000114440918,100109
2024-06-05,7.409999847412109,7.579999923706055,7.364999771118164,7.550000190734863,7.550000190734863,99090
2024-06-06,7.5,7.550000190734863,7.349999904632568,7.369999885559082,7.369999885559082,126754
2024-06-07,7.320000171661377,7.409999847412109,7.199999809265137,7.199999809265137,7.199999809265137,149043
2024-06-10,7.150000095367432,7.21999979019165,7.099999904632568,7.119999885559082,7.119999885559082,129597
2024-06-11,7.099999904632568,7.150000095367432,7.0,7.099999904632568,7.099999904632568,132274
2024-06-12,7.25,7.449999809265137,7.199999809265137,7.329999923706055,7.329999923706055,172224
2024-06-13,7.300000190734863,7.300000190734863,7.079999923706055,7.139999866485596,7.139999866485596,63517
2024-06-14,7.03000020980835,7.099999904632568,6.965000152587891,7.0,7.0,128378
2024-06-17,6.980000019073486,7.0,6.835000038146973,6.860000133514404,6.860000133514404,102827
2024-06-18,6.860000133514404,6.86929988861084,6.599999904632568,6.610000133514404,6.610000133514404,84284
2024-06-20,6.599999904632568,6.659999847412109,6.460000038146973,6.510000228881836,6.510000228881836,112912
2024-06-21,6.570000171661377,6.650000095367432,6.519999980926514,6.599999904632568,6.599999904632568,215812
2024-06-24,6.5,6.659999847412109,6.380000114440918,6.400000095367432,6.400000095367432,188580
2024-06-25,6.360000133514404,6.829999923706055,6.309999942779541,6.320000171661377,6.320000171661377,102405
2024-06-26,6.309999942779541,6.389999866485596,6.214000225067139,6.380000114440918,6.380000114440918,240452
2024-06-27,6.409999847412109,6.510000228881836,6.340000152587891,6.46999979019165,6.46999979019165,157142
2024-06-28,6.550000190734863,6.739999771118164,6.400000095367432,6.550000190734863,6.550000190734863,492852
2024-07-01,6.559999942779541,6.559999942779541,6.360000133514404,6.400000095367432,6.400000095367432,81485
2024-07-02,6.400000095367432,6.579999923706055,6.380000114440918,6.550000190734863,6.550000190734863,66832
2024-07-03,6.570000171661377,6.630000114440918,6.510000228881836,6.599999904632568,6.599999904632568,25539
2024-07-05,6.559999942779541,6.559999942779541,6.320000171661377,6.400000095367432,6.400000095367432,214247
2024-07-08,6.46999979019165,6.570000171661377,6.360000133514404,6.360000133514404,6.360000133514404,135160
2024-07-09,6.360000133514404,6.369999885559082,6.269999980926514,6.300000190734863,6.300000190734863,62153
2024-07-10,6.329999923706055,6.400000095367432,6.275000095367432,6.360000133514404,6.360000133514404,104218
2024-07-11,6.539999961853027,6.610000133514404,6.429999828338623,6.579999923706055,6.579999923706055,149446
2024-07-12,6.690000057220459,6.78000020980835,6.570000171661377,6.670000076293945,6.670000076293945,140148
2024-07-15,6.760000228881836,6.920000076293945,6.730000019073486,6.829999923706055,6.829999923706055,172378
2024-07-16,6.909999847412109,7.230000019073486,6.889999866485596,7.210000038146973,7.210000038146973,166393
2024-07-17,7.179999828338623,7.28000020980835,7.070000171661377,7.190000057220459,7.190000057220459,72062
