Date,Open,High,Low,Close,Adj Close,Volume
2022-02-04,19.0,19.0,15.793299674987793,16.799999237060547,16.799999237060547,1093132
2022-02-07,18.049999237060547,18.049999237060547,15.649999618530273,17.84000015258789,17.84000015258789,451377
2022-02-08,16.979999542236328,18.137300491333008,16.75,17.780000686645508,17.780000686645508,132255
2022-02-09,18.06999969482422,18.489999771118164,16.3700008392334,16.399999618530273,16.399999618530273,137844
2022-02-10,16.989999771118164,17.34000015258789,16.190000534057617,16.860000610351562,16.860000610351562,111587
2022-02-11,16.510000228881836,17.850000381469727,16.450000762939453,17.0,17.0,229720
2022-02-14,17.15999984741211,17.440000534057617,15.899999618530273,16.450000762939453,16.450000762939453,147401
2022-02-15,16.8799991607666,17.34000015258789,16.55500030517578,17.030000686645508,17.030000686645508,83712
2022-02-16,17.0,17.739999771118164,16.59000015258789,17.200000762939453,17.200000762939453,121742
2022-02-17,17.489999771118164,17.729999542236328,16.5,17.280000686645508,17.280000686645508,137911
2022-02-18,17.059999465942383,18.09000015258789,17.0,17.81999969482422,17.81999969482422,99560
2022-02-22,18.040000915527344,19.25,16.940000534057617,18.649999618530273,18.649999618530273,242348
2022-02-23,18.489999771118164,19.059999465942383,18.010000228881836,19.059999465942383,19.059999465942383,108814
2022-02-24,18.68000030517578,19.0,16.68000030517578,18.959999084472656,18.959999084472656,130833
2022-02-25,19.18000030517578,19.18000030517578,16.229999542236328,16.940000534057617,16.940000534057617,249937
2022-02-28,17.1200008392334,19.924999237060547,15.550000190734863,19.139999389648438,19.139999389648438,211134
2022-03-01,19.280000686645508,19.280000686645508,16.704999923706055,17.06999969482422,17.06999969482422,165631
2022-03-02,16.899999618530273,17.489999771118164,16.555999755859375,16.700000762939453,16.700000762939453,112041
2022-03-03,16.549999237060547,18.239999771118164,16.549999237060547,17.899999618530273,17.899999618530273,79493
2022-03-04,18.149999618530273,18.625,17.079999923706055,18.0,18.0,75578
2022-03-07,18.15999984741211,19.040000915527344,16.940000534057617,17.18000030517578,17.18000030517578,148694
2022-03-08,17.030000686645508,17.90999984741211,16.510000228881836,17.139999389648438,17.139999389648438,122765
2022-03-09,17.6200008392334,18.219999313354492,16.3799991607666,16.389999389648438,16.389999389648438,120571
2022-03-10,16.280000686645508,17.094999313354492,15.621700286865234,16.5,16.5,107022
2022-03-11,16.670000076293945,17.350000381469727,15.30720043182373,16.68000030517578,16.68000030517578,76499
2022-03-14,16.979999542236328,17.649999618530273,16.170000076293945,16.350000381469727,16.350000381469727,80088
2022-03-15,16.3799991607666,17.670000076293945,16.211999893188477,17.020000457763672,17.020000457763672,117507
2022-03-16,17.6299991607666,18.200000762939453,16.514999389648438,17.3799991607666,17.3799991607666,170553
2022-03-17,17.540000915527344,18.00749969482422,16.889999389648438,17.1200008392334,17.1200008392334,222909
2022-03-18,17.18000030517578,17.520000457763672,15.550000190734863,15.569999694824219,15.569999694824219,1450228
2022-03-21,15.359999656677246,16.299999237060547,14.444999694824219,14.680000305175781,14.680000305175781,276384
2022-03-22,14.520000457763672,15.680000305175781,14.18220043182373,15.420000076293945,15.420000076293945,196675
2022-03-23,15.3100004196167,15.6899995803833,14.78499984741211,15.350000381469727,15.350000381469727,118945
2022-03-24,15.1899995803833,15.989999771118164,15.024999618530273,15.789999961853027,15.789999961853027,45394
2022-03-25,15.9399995803833,17.190000534057617,15.725000381469727,16.260000228881836,16.260000228881836,140763
2022-03-28,16.1200008392334,16.579999923706055,14.739999771118164,15.34000015258789,15.34000015258789,63528
2022-03-29,15.079999923706055,15.725000381469727,13.933799743652344,14.020000457763672,14.020000457763672,71930
2022-03-30,13.899999618530273,14.555000305175781,12.385000228881836,12.970000267028809,12.970000267028809,107954
2022-03-31,12.640000343322754,14.3100004196167,12.212400436401367,14.020000457763672,14.020000457763672,111750
2022-04-01,13.989999771118164,14.5,12.989999771118164,14.380000114440918,14.380000114440918,73150
2022-04-04,14.890000343322754,15.0,13.0,13.119999885559082,13.119999885559082,44450
2022-04-05,12.869999885559082,13.883600234985352,12.657899856567383,13.300000190734863,13.300000190734863,251293
2022-04-06,13.104999542236328,13.492799758911133,12.529999732971191,13.0,13.0,114893
2022-04-07,12.619999885559082,13.229999542236328,12.619999885559082,13.039999961853027,13.039999961853027,44856
2022-04-08,13.0,13.149999618530273,12.819999694824219,12.930000305175781,12.930000305175781,12915
2022-04-11,12.960000038146973,13.989999771118164,12.460000038146973,12.609999656677246,12.609999656677246,29658
2022-04-12,12.96500015258789,13.100000381469727,12.829999923706055,13.029999732971191,13.029999732971191,21012
2022-04-13,12.779999732971191,13.300000190734863,12.779999732971191,12.9399995803833,12.9399995803833,30637
2022-04-14,13.199999809265137,13.199999809265137,12.630000114440918,12.930000305175781,12.930000305175781,43997
2022-04-18,12.939900398254395,12.9399995803833,12.545000076293945,12.779999732971191,12.779999732971191,8181
2022-04-19,13.0,13.077300071716309,12.524999618530273,12.600000381469727,12.600000381469727,15093
2022-04-20,12.318599700927734,12.600000381469727,11.779999732971191,12.039999961853027,12.039999961853027,183425
2022-04-21,12.0,12.0,11.569999694824219,11.729999542236328,11.729999542236328,16292
2022-04-22,11.470000267028809,11.6850004196167,10.569999694824219,10.710000038146973,10.710000038146973,19694
2022-04-25,11.229999542236328,12.119999885559082,11.229999542236328,12.0600004196167,12.0600004196167,43979
2022-04-26,11.819999694824219,12.045000076293945,10.640000343322754,11.130000114440918,11.130000114440918,18311
2022-04-27,10.899999618530273,11.199999809265137,10.63010025024414,10.880000114440918,10.880000114440918,32843
2022-04-28,10.6899995803833,11.729999542236328,10.59000015258789,11.0,11.0,19087
2022-04-29,11.720000267028809,11.720000267028809,10.8100004196167,10.930000305175781,10.930000305175781,20026
2022-05-02,10.720000267028809,10.720000267028809,9.819999694824219,10.050000190734863,10.050000190734863,15508
2022-05-03,9.6899995803833,9.755000114440918,9.010000228881836,9.119999885559082,9.119999885559082,22143
2022-05-04,8.359999656677246,9.369999885559082,8.359999656677246,9.3100004196167,9.3100004196167,74478
2022-05-05,9.35159969329834,9.380000114440918,8.130000114440918,9.329999923706055,9.329999923706055,72719
2022-05-06,9.319999694824219,9.392499923706055,8.619999885559082,9.199999809265137,9.199999809265137,133964
2022-05-09,8.890000343322754,9.540900230407715,8.069999694824219,8.529999732971191,8.529999732971191,73462
2022-05-10,9.34000015258789,10.050000190734863,8.760000228881836,9.6899995803833,9.6899995803833,217421
2022-05-11,9.75,9.75,8.779999732971191,8.890000343322754,8.890000343322754,31962
2022-05-12,8.890000343322754,9.369999885559082,8.729999542236328,8.800000190734863,8.800000190734863,21241
2022-05-13,9.210000038146973,9.454999923706055,8.630000114440918,8.90999984741211,8.90999984741211,62022
2022-05-16,8.569999694824219,8.699999809265137,7.150000095367432,7.610000133514404,7.610000133514404,57583
2022-05-17,7.789999961853027,8.0,6.034999847412109,7.510000228881836,7.510000228881836,256013
2022-05-18,7.429999828338623,7.75,6.93720006942749,7.210000038146973,7.210000038146973,45530
2022-05-19,7.369999885559082,7.949999809265137,6.985000133514404,7.639999866485596,7.639999866485596,32903
2022-05-20,7.800000190734863,8.15999984741211,7.130000114440918,7.800000190734863,7.800000190734863,165170
2022-05-23,7.949999809265137,9.16819953918457,7.630000114440918,8.65999984741211,8.65999984741211,63043
2022-05-24,8.670000076293945,9.282500267028809,7.650000095367432,9.020000457763672,9.020000457763672,151300
2022-05-25,9.470000267028809,9.720000267028809,9.430000305175781,9.640000343322754,9.640000343322754,21090
2022-05-26,9.569999694824219,9.739999771118164,9.4399995803833,9.579999923706055,9.579999923706055,18052
2022-05-27,9.899999618530273,11.760000228881836,9.899999618530273,11.550000190734863,11.550000190734863,54871
2022-05-31,11.739999771118164,12.444199562072754,11.550000190734863,12.109999656677246,12.109999656677246,39344
2022-06-01,11.9399995803833,12.350000381469727,11.80459976196289,12.220000267028809,12.220000267028809,58722
2022-06-02,12.039999961853027,13.020000457763672,11.954999923706055,12.880000114440918,12.880000114440918,41614
2022-06-03,12.65999984741211,13.1899995803833,12.079999923706055,13.09000015258789,13.09000015258789,148417
2022-06-06,13.300000190734863,16.860000610351562,12.694999694824219,15.789999961853027,15.789999961853027,438411
2022-06-07,15.350000381469727,17.579999923706055,14.489999771118164,16.979999542236328,16.979999542236328,501136
2022-06-08,19.489999771118164,24.709999084472656,18.18000030517578,19.15999984741211,19.15999984741211,1484836
2022-06-09,21.989999771118164,22.450000762939453,20.100000381469727,20.989999771118164,20.989999771118164,825037
2022-06-10,20.520000457763672,26.90999984741211,18.690000534057617,24.43000030517578,24.43000030517578,817200
2022-06-13,22.0,25.5,21.100000381469727,21.709999084472656,21.709999084472656,789839
2022-06-14,20.260000228881836,20.59000015258789,17.613800048828125,17.889999389648438,17.889999389648438,712046
2022-06-15,17.139999389648438,20.06999969482422,15.930000305175781,17.469999313354492,17.469999313354492,600286
2022-06-16,15.260000228881836,15.949999809265137,13.710000038146973,15.020000457763672,15.020000457763672,2196625
2022-06-17,14.760000228881836,16.450000762939453,14.640000343322754,16.190000534057617,16.190000534057617,606287
2022-06-21,16.15999984741211,16.6200008392334,15.390000343322754,15.899999618530273,15.899999618530273,414375
2022-06-22,15.25,16.389999389648438,14.850000381469727,15.579999923706055,15.579999923706055,265458
2022-06-23,15.649999618530273,16.90999984741211,15.270099639892578,16.809999465942383,16.809999465942383,216489
2022-06-24,17.540000915527344,19.489999771118164,16.1299991607666,17.93000030517578,17.93000030517578,581886
2022-06-27,17.93000030517578,18.790000915527344,16.649999618530273,18.670000076293945,18.670000076293945,382997
2022-06-28,18.809999465942383,19.25,17.549999237060547,17.8700008392334,17.8700008392334,117671
2022-06-29,18.110000610351562,18.609899520874023,17.059999465942383,18.1200008392334,18.1200008392334,188818
2022-06-30,17.579999923706055,18.43000030517578,17.1200008392334,18.079999923706055,18.079999923706055,108756
2022-07-01,17.950000762939453,18.920000076293945,17.950000762939453,18.600000381469727,18.600000381469727,79846
2022-07-05,18.5,19.3700008392334,17.139999389648438,19.079999923706055,19.079999923706055,257365
2022-07-06,19.049999237060547,20.760000228881836,18.229999542236328,18.739999771118164,18.739999771118164,324141
2022-07-07,18.56999969482422,20.09000015258789,18.520000457763672,19.969999313354492,19.969999313354492,167685
2022-07-08,19.889999389648438,20.391300201416016,19.520000457763672,20.190000534057617,20.190000534057617,260824
2022-07-11,20.31999969482422,20.899999618530273,19.200000762939453,20.8799991607666,20.8799991607666,181425
2022-07-12,19.600000381469727,19.68000030517578,18.389999389648438,18.479999542236328,18.479999542236328,868847
2022-07-13,16.780000686645508,19.600000381469727,16.780000686645508,19.170000076293945,19.170000076293945,145107
2022-07-14,18.389999389648438,18.774999618530273,16.440000534057617,17.40999984741211,17.40999984741211,374870
2022-07-15,17.639999389648438,17.920000076293945,16.510099411010742,16.670000076293945,16.670000076293945,178580
2022-07-18,16.579999923706055,17.459999084472656,16.549999237060547,17.329999923706055,17.329999923706055,154932
2022-07-19,17.34000015258789,18.290000915527344,17.260000228881836,18.270000457763672,18.270000457763672,136393
2022-07-20,18.809999465942383,20.43000030517578,18.610000610351562,20.299999237060547,20.299999237060547,250951
2022-07-21,20.399999618530273,20.399999618530273,19.600000381469727,19.90999984741211,19.90999984741211,120056
2022-07-22,19.93000030517578,20.170000076293945,19.010000228881836,19.600000381469727,19.600000381469727,107854
2022-07-25,19.639999389648438,21.520000457763672,19.329999923706055,21.43000030517578,21.43000030517578,378235
2022-07-26,21.260000228881836,21.5,20.6299991607666,20.829999923706055,20.829999923706055,184031
2022-07-27,20.799999237060547,21.09000015258789,20.100000381469727,20.979999542236328,20.979999542236328,311503
2022-07-28,21.0,21.0,19.610000610351562,20.510000228881836,20.510000228881836,298869
2022-07-29,20.079999923706055,21.09000015258789,19.931800842285156,20.729999542236328,20.729999542236328,248596
2022-08-01,20.110000610351562,23.489999771118164,19.799999237060547,22.040000915527344,22.040000915527344,450091
2022-08-02,21.610000610351562,22.290000915527344,21.579999923706055,21.989999771118164,21.989999771118164,359416
2022-08-03,22.15999984741211,22.6299991607666,19.719999313354492,20.1299991607666,20.1299991607666,555919
2022-08-04,20.100000381469727,21.34000015258789,19.290000915527344,19.549999237060547,19.549999237060547,337107
2022-08-05,19.31999969482422,20.06999969482422,19.149999618530273,19.809999465942383,19.809999465942383,503381
2022-08-08,20.040000915527344,20.479999542236328,19.324800491333008,19.540000915527344,19.540000915527344,363870
2022-08-09,19.3799991607666,19.729999542236328,18.809999465942383,19.100000381469727,19.100000381469727,474276
2022-08-10,19.350000381469727,20.420000076293945,18.979999542236328,19.420000076293945,19.420000076293945,486333
2022-08-11,19.420000076293945,20.030000686645508,18.559999465942383,18.950000762939453,18.950000762939453,287232
2022-08-12,18.989999771118164,19.460800170898438,18.510000228881836,18.549999237060547,18.549999237060547,230862
2022-08-15,18.549999237060547,19.239999771118164,18.40999984741211,19.239999771118164,19.239999771118164,242390
2022-08-16,18.75,20.469999313354492,18.739999771118164,20.100000381469727,20.100000381469727,1101529
2022-08-17,19.950000762939453,20.170000076293945,18.860000610351562,19.549999237060547,19.549999237060547,356385
2022-08-18,19.530000686645508,19.56999969482422,18.81999969482422,19.200000762939453,19.200000762939453,233220
2022-08-19,18.959999084472656,19.514999389648438,17.639999389648438,17.790000915527344,17.790000915527344,234318
2022-08-22,17.790000915527344,18.670000076293945,17.360000610351562,18.1299991607666,18.1299991607666,265740
2022-08-23,18.270000457763672,18.270000457763672,17.510000228881836,17.979999542236328,17.979999542236328,179766
2022-08-24,18.030000686645508,18.68000030517578,17.559999465942383,18.420000076293945,18.420000076293945,217343
2022-08-25,18.579999923706055,18.579999923706055,17.440000534057617,17.670000076293945,17.670000076293945,140889
2022-08-26,17.610000610351562,17.93000030517578,16.700000762939453,16.739999771118164,16.739999771118164,170453
2022-08-29,16.1200008392334,16.8700008392334,15.630000114440918,16.770000457763672,16.770000457763672,262655
2022-08-30,16.809999465942383,17.399999618530273,16.0,17.219999313354492,17.219999313354492,245548
2022-08-31,17.229999542236328,18.045000076293945,17.030000686645508,17.969999313354492,17.969999313354492,273772
2022-09-01,17.559999465942383,18.610000610351562,17.559999465942383,18.489999771118164,18.489999771118164,301252
2022-09-02,18.459999084472656,18.86750030517578,18.0,18.170000076293945,18.170000076293945,235457
2022-09-06,17.940000534057617,19.8799991607666,17.923599243164062,18.540000915527344,18.540000915527344,525823
2022-09-07,18.309999465942383,19.610000610351562,18.070100784301758,19.600000381469727,19.600000381469727,508655
2022-09-08,19.5,20.149999618530273,19.110000610351562,20.0,20.0,666144
2022-09-09,20.100000381469727,20.34000015258789,19.299999237060547,19.360000610351562,19.360000610351562,382452
2022-09-12,19.440000534057617,20.68000030517578,19.40999984741211,20.18000030517578,20.18000030517578,1215618
2022-09-13,19.1299991607666,20.139999389648438,19.010000228881836,19.600000381469727,19.600000381469727,430505
2022-09-14,19.700000762939453,20.799999237060547,18.899999618530273,20.5,20.5,958645
2022-09-15,20.25,21.149999618530273,19.56999969482422,20.760000228881836,20.760000228881836,1012110
2022-09-16,20.0,20.59000015258789,17.59000015258789,18.639999389648438,18.639999389648438,5829946
2022-09-19,17.729999542236328,19.545000076293945,17.6299991607666,18.979999542236328,18.979999542236328,708298
2022-09-20,18.40999984741211,19.200000762939453,18.364999771118164,18.969999313354492,18.969999313354492,358819
2022-09-21,19.010000228881836,19.979999542236328,18.31999969482422,18.350000381469727,18.350000381469727,343142
2022-09-22,18.68000030517578,18.68000030517578,17.600000381469727,17.709999084472656,17.709999084472656,326167
2022-09-23,17.360000610351562,17.56999969482422,16.725000381469727,17.459999084472656,17.459999084472656,341650
2022-09-26,17.329999923706055,18.31999969482422,16.940000534057617,17.760000228881836,17.760000228881836,228446
2022-09-27,18.260000228881836,19.510000228881836,17.56999969482422,18.899999618530273,18.899999618530273,432977
2022-09-28,19.100000381469727,20.1200008392334,18.860000610351562,19.969999313354492,19.969999313354492,356010
2022-09-29,19.93000030517578,20.18000030517578,18.399999618530273,19.0,19.0,393542
2022-09-30,18.93000030517578,19.889999389648438,18.770000457763672,18.770000457763672,18.770000457763672,246963
2022-10-03,18.940000534057617,19.2450008392334,18.520000457763672,18.799999237060547,18.799999237060547,323086
2022-10-04,19.010000228881836,19.68000030517578,18.1200008392334,18.989999771118164,18.989999771118164,382118
2022-10-05,18.770000457763672,19.424999237060547,18.31999969482422,18.979999542236328,18.979999542236328,477640
2022-10-06,18.90999984741211,19.25,18.40999984741211,18.489999771118164,18.489999771118164,416821
2022-10-07,18.579999923706055,18.579999923706055,17.139999389648438,17.18000030517578,17.18000030517578,274065
2022-10-10,17.15999984741211,19.104999542236328,16.969999313354492,18.899999618530273,18.899999618530273,294087
2022-10-11,18.760000228881836,19.81999969482422,17.860000610351562,18.899999618530273,18.899999618530273,317174
2022-10-12,18.84000015258789,19.524999618530273,18.5,19.420000076293945,19.420000076293945,190482
2022-10-13,18.959999084472656,19.78499984741211,18.829999923706055,19.579999923706055,19.579999923706055,268528
2022-10-14,19.530000686645508,19.780000686645508,19.25,19.299999237060547,19.299999237060547,347029
2022-10-17,19.559999465942383,19.579999923706055,17.559999465942383,18.420000076293945,18.420000076293945,513060
2022-10-18,18.670000076293945,19.770000457763672,18.5,19.56999969482422,19.56999969482422,221434
2022-10-19,19.559999465942383,19.68000030517578,18.719999313354492,18.950000762939453,18.950000762939453,266618
2022-10-20,18.959999084472656,19.600000381469727,18.829999923706055,19.229999542236328,19.229999542236328,169987
2022-10-21,19.40999984741211,19.770000457763672,18.770000457763672,19.739999771118164,19.739999771118164,311406
2022-10-24,19.6200008392334,19.899999618530273,17.8700008392334,19.3700008392334,19.3700008392334,274088
2022-10-25,19.360000610351562,20.729999542236328,19.030000686645508,20.09000015258789,20.09000015258789,491032
2022-10-26,20.139999389648438,20.8700008392334,20.010000228881836,20.270000457763672,20.270000457763672,630826
2022-10-27,21.0,21.65999984741211,19.59000015258789,20.399999618530273,20.399999618530273,477143
2022-10-28,20.469999313354492,22.170000076293945,19.860000610351562,22.010000228881836,22.010000228881836,356954
2022-10-31,22.549999237060547,24.010000228881836,22.174999237060547,23.479999542236328,23.479999542236328,410686
2022-11-01,23.709999084472656,23.834800720214844,22.84000015258789,23.110000610351562,23.110000610351562,723182
2022-11-02,22.950000762939453,23.749900817871094,21.84000015258789,22.520000457763672,22.520000457763672,699932
2022-11-03,22.420000076293945,24.159900665283203,22.219999313354492,23.489999771118164,23.489999771118164,507410
2022-11-04,24.020000457763672,24.1200008392334,21.969999313354492,22.229999542236328,22.229999542236328,318698
2022-11-07,22.540000915527344,23.389999389648438,22.030000686645508,22.729999542236328,22.729999542236328,254919
2022-11-08,22.81999969482422,22.81999969482422,21.790000915527344,21.899999618530273,21.899999618530273,437069
2022-11-09,22.079999923706055,22.190000534057617,21.15999984741211,21.65999984741211,21.65999984741211,430576
2022-11-10,21.959999084472656,22.739999771118164,21.84000015258789,22.530000686645508,22.530000686645508,715359
2022-11-11,22.65999984741211,23.269899368286133,22.329999923706055,22.3799991607666,22.3799991607666,280333
2022-11-14,22.0,22.15999984741211,21.219999313354492,21.59000015258789,21.59000015258789,433155
2022-11-15,21.979999542236328,22.584999084472656,20.450000762939453,21.75,21.75,862157
2022-11-16,21.670000076293945,22.139999389648438,19.940000534057617,20.18000030517578,20.18000030517578,449365
2022-11-17,19.850000381469727,20.575000762939453,19.325000762939453,19.729999542236328,19.729999542236328,453333
2022-11-18,19.899999618530273,21.469999313354492,19.7450008392334,21.280000686645508,21.280000686645508,275183
2022-11-21,21.270000457763672,21.270000457763672,20.149999618530273,20.610000610351562,20.610000610351562,678688
2022-11-22,20.6299991607666,22.010000228881836,20.139999389648438,21.68000030517578,21.68000030517578,559753
2022-11-23,21.68000030517578,22.080699920654297,20.860000610351562,20.889999389648438,20.889999389648438,292807
2022-11-25,20.90999984741211,21.719999313354492,20.5,21.639999389648438,21.639999389648438,115508
2022-11-28,21.719999313354492,21.719999313354492,19.739999771118164,20.15999984741211,20.15999984741211,393948
2022-11-29,20.040000915527344,20.315000534057617,19.68000030517578,19.969999313354492,19.969999313354492,371654
2022-11-30,20.010000228881836,20.5,19.469999313354492,19.940000534057617,19.940000534057617,811621
2022-12-01,19.93000030517578,20.31999969482422,19.6200008392334,19.700000762939453,19.700000762939453,311983
2022-12-02,19.5,20.3799991607666,18.709999084472656,20.239999771118164,20.239999771118164,534061
2022-12-05,20.260000228881836,20.260000228881836,19.219999313354492,19.469999313354492,19.469999313354492,383471
2022-12-06,19.549999237060547,19.8799991607666,18.790000915527344,18.989999771118164,18.989999771118164,306997
2022-12-07,18.969999313354492,20.280000686645508,18.700000762939453,20.219999313354492,20.219999313354492,412802
2022-12-08,20.25,21.75,19.709999084472656,21.68000030517578,21.68000030517578,650638
2022-12-09,26.15999984741211,28.56999969482422,25.389999389648438,28.020000457763672,28.020000457763672,5302828
2022-12-12,28.575000762939453,29.149999618530273,25.59000015258789,28.520000457763672,28.520000457763672,2487951
2022-12-13,29.229999542236328,32.369998931884766,28.979999542236328,31.479999542236328,31.479999542236328,2175249
2022-12-14,32.0,33.04999923706055,31.010000228881836,33.0,33.0,1179170
2022-12-15,32.70000076293945,33.9900016784668,30.440000534057617,31.030000686645508,31.030000686645508,1102898
2022-12-16,30.530000686645508,32.470001220703125,30.190099716186523,31.850000381469727,31.850000381469727,1147617
2022-12-19,31.729999542236328,32.119998931884766,27.549999237060547,29.610000610351562,29.610000610351562,650449
2022-12-20,29.459999084472656,33.369998931884766,29.459999084472656,32.130001068115234,32.130001068115234,588554
2022-12-21,31.25,32.0,29.209999084472656,31.06999969482422,31.06999969482422,1036178
2022-12-22,30.950000762939453,32.0,30.149999618530273,31.969999313354492,31.969999313354492,410125
2022-12-23,31.760000228881836,32.08290100097656,30.899999618530273,31.440000534057617,31.440000534057617,337722
2022-12-27,31.31999969482422,31.574399948120117,29.290000915527344,29.6200008392334,29.6200008392334,336656
2022-12-28,29.700000762939453,30.950000762939453,29.399999618530273,30.6200008392334,30.6200008392334,325509
2022-12-29,30.770000457763672,31.959999084472656,30.200000762939453,31.3799991607666,31.3799991607666,254247
2022-12-30,31.34000015258789,31.3799991607666,30.09000015258789,30.979999542236328,30.979999542236328,284202
2023-01-03,31.110000610351562,33.31999969482422,30.780000686645508,31.030000686645508,31.030000686645508,676194
2023-01-04,30.610000610351562,32.71500015258789,30.469999313354492,32.43000030517578,32.43000030517578,320801
2023-01-05,32.36000061035156,34.09880065917969,31.520000457763672,33.5099983215332,33.5099983215332,768279
2023-01-06,33.83000183105469,34.68000030517578,31.549999237060547,33.56999969482422,33.56999969482422,555558
2023-01-09,33.810001373291016,33.900001525878906,30.75,31.489999771118164,31.489999771118164,635734
2023-01-10,30.81999969482422,32.334999084472656,30.809999465942383,31.0,31.0,612981
2023-01-11,30.93000030517578,30.93000030517578,28.40999984741211,29.149999618530273,29.149999618530273,594320
2023-01-12,28.43000030517578,30.65999984741211,28.350000381469727,30.520000457763672,30.520000457763672,353108
2023-01-13,30.329999923706055,32.189998626708984,30.329999923706055,32.15999984741211,32.15999984741211,507622
2023-01-17,32.11000061035156,32.4900016784668,31.155000686645508,32.0,32.0,335327
2023-01-18,32.150001525878906,33.150001525878906,31.469999313354492,31.799999237060547,31.799999237060547,264726
2023-01-19,31.799999237060547,32.33000183105469,30.559999465942383,31.25,31.25,339475
2023-01-20,31.65999984741211,32.56850051879883,30.649999618530273,32.220001220703125,32.220001220703125,266409
2023-01-23,32.2599983215332,33.619998931884766,31.850000381469727,33.0099983215332,33.0099983215332,456200
2023-01-24,32.88999938964844,33.88999938964844,32.22999954223633,32.27000045776367,32.27000045776367,623801
2023-01-25,32.04999923706055,32.65999984741211,30.784000396728516,32.63999938964844,32.63999938964844,339658
2023-01-26,32.79999923706055,33.220001220703125,32.11479949951172,33.13999938964844,33.13999938964844,236165
2023-01-27,33.0,34.119998931884766,32.75,33.939998626708984,33.939998626708984,371498
2023-01-30,33.90999984741211,35.15999984741211,31.540000915527344,32.84000015258789,32.84000015258789,344249
2023-01-31,32.97999954223633,33.709999084472656,32.68000030517578,33.40999984741211,33.40999984741211,284955
2023-02-01,33.5,33.5,32.32500076293945,32.599998474121094,32.599998474121094,416974
2023-02-02,32.650001525878906,33.380001068115234,32.099998474121094,33.369998931884766,33.369998931884766,268148
2023-02-03,33.18000030517578,35.2599983215332,32.400001525878906,32.70000076293945,32.70000076293945,541594
2023-02-06,32.66999816894531,32.70000076293945,31.03499984741211,32.130001068115234,32.130001068115234,288144
2023-02-07,32.209999084472656,32.400001525878906,30.610000610351562,31.889999389648438,31.889999389648438,420057
2023-02-08,31.850000381469727,31.850000381469727,31.0,31.149999618530273,31.149999618530273,299258
2023-02-09,31.139999389648438,31.149999618530273,29.959999084472656,30.420000076293945,30.420000076293945,405741
2023-02-10,30.270000457763672,30.899999618530273,29.34000015258789,30.350000381469727,30.350000381469727,298746
2023-02-13,31.459999084472656,31.600000381469727,29.5,30.3799991607666,30.3799991607666,346501
2023-02-14,30.420000076293945,32.07500076293945,29.90999984741211,30.149999618530273,30.149999618530273,370279
2023-02-15,29.899999618530273,30.415000915527344,29.010000228881836,30.059999465942383,30.059999465942383,261968
2023-02-16,29.979999542236328,30.309999465942383,29.219999313354492,29.5,29.5,377585
2023-02-17,29.65999984741211,29.670000076293945,28.75,29.100000381469727,29.100000381469727,480168
2023-02-21,28.959999084472656,28.959999084472656,27.299999237060547,27.6200008392334,27.6200008392334,612234
2023-02-22,27.649999618530273,28.190000534057617,27.280000686645508,27.709999084472656,27.709999084472656,285754
2023-02-23,27.81999969482422,28.139999389648438,26.649999618530273,27.3700008392334,27.3700008392334,324033
2023-02-24,27.09000015258789,28.149999618530273,26.74410057067871,27.799999237060547,27.799999237060547,386410
2023-02-27,28.020000457763672,28.325000762939453,27.65999984741211,28.059999465942383,28.059999465942383,277943
2023-02-28,27.93000030517578,28.8700008392334,27.84000015258789,28.010000228881836,28.010000228881836,287656
2023-03-01,27.959999084472656,29.19499969482422,27.798200607299805,27.989999771118164,27.989999771118164,300542
2023-03-02,27.68000030517578,28.489999771118164,27.18000030517578,28.209999084472656,28.209999084472656,276129
2023-03-03,28.260000228881836,28.81999969482422,27.834999084472656,28.219999313354492,28.219999313354492,212702
2023-03-06,28.239999771118164,28.84000015258789,27.4950008392334,27.639999389648438,27.639999389648438,227544
2023-03-07,27.579999923706055,28.334999084472656,26.596599578857422,27.6200008392334,27.6200008392334,159736
2023-03-08,27.6200008392334,28.65999984741211,27.5,28.020000457763672,28.020000457763672,293922
2023-03-09,28.010000228881836,28.579999923706055,27.540000915527344,27.709999084472656,27.709999084472656,333098
2023-03-10,27.690000534057617,27.889999389648438,26.31999969482422,26.920000076293945,26.920000076293945,525893
2023-03-13,26.739999771118164,28.264999389648438,26.649999618530273,27.6200008392334,27.6200008392334,491179
2023-03-14,28.799999237060547,30.149999618530273,28.364999771118164,30.110000610351562,30.110000610351562,442147
2023-03-15,29.5,30.614999771118164,28.1875,29.290000915527344,29.290000915527344,473520
2023-03-16,29.170000076293945,30.200000762939453,27.610000610351562,29.389999389648438,29.389999389648438,435446
2023-03-17,29.360000610351562,30.75,29.225000381469727,29.799999237060547,29.799999237060547,1419970
2023-03-20,29.799999237060547,30.024999618530273,28.730100631713867,29.700000762939453,29.700000762939453,313880
2023-03-21,30.0,31.014999389648438,29.5,30.0,30.0,341617
2023-03-22,29.84000015258789,29.93000030517578,28.479999542236328,28.5,28.5,341567
2023-03-23,28.920000076293945,29.700000762939453,27.84000015258789,28.290000915527344,28.290000915527344,291033
2023-03-24,27.989999771118164,29.46299934387207,27.899999618530273,29.329999923706055,29.329999923706055,245423
2023-03-27,29.329999923706055,30.270000457763672,29.167499542236328,30.0,30.0,296401
2023-03-28,29.979999542236328,31.299999237060547,29.969999313354492,30.25,30.25,818272
2023-03-29,30.43000030517578,31.700000762939453,30.3700008392334,31.09000015258789,31.09000015258789,722690
2023-03-30,31.450000762939453,33.040000915527344,27.920000076293945,30.530000686645508,30.530000686645508,804201
2023-03-31,30.860000610351562,31.1200008392334,29.959999084472656,30.809999465942383,30.809999465942383,512844
2023-04-03,30.639999389648438,31.309999465942383,28.350000381469727,29.3700008392334,29.3700008392334,938269
2023-04-04,29.299999237060547,29.299999237060547,28.110200881958008,28.329999923706055,28.329999923706055,500562
2023-04-05,28.020000457763672,29.125,27.280000686645508,27.489999771118164,27.489999771118164,401451
2023-04-06,27.450000762939453,29.479999542236328,27.350000381469727,29.280000686645508,29.280000686645508,448480
2023-04-10,29.040000915527344,29.174999237060547,27.764999389648438,27.81999969482422,27.81999969482422,479280
2023-04-11,27.81999969482422,29.239999771118164,27.81999969482422,28.790000915527344,28.790000915527344,417644
2023-04-12,28.989999771118164,28.989999771118164,28.059999465942383,28.260000228881836,28.260000228881836,234336
2023-04-13,28.5,29.709999084472656,28.030000686645508,29.299999237060547,29.299999237060547,554519
2023-04-14,30.0,31.049999237060547,29.405000686645508,31.010000228881836,31.010000228881836,374875
2023-04-17,31.239999771118164,34.959999084472656,31.09000015258789,34.290000915527344,34.290000915527344,1055476
2023-04-18,34.84000015258789,35.06999969482422,32.91999816894531,33.34000015258789,33.34000015258789,472924
2023-04-19,33.380001068115234,35.79999923706055,33.0099983215332,35.2599983215332,35.2599983215332,896953
2023-04-20,35.11000061035156,36.709999084472656,33.540000915527344,36.459999084472656,36.459999084472656,1002033
2023-04-21,36.349998474121094,39.88999938964844,36.1349983215332,39.560001373291016,39.560001373291016,1204641
2023-04-24,39.97999954223633,40.334999084472656,39.07500076293945,40.220001220703125,40.220001220703125,951391
2023-04-25,39.880001068115234,41.882598876953125,39.709999084472656,41.0,41.0,821661
2023-04-26,41.5,44.650001525878906,41.08000183105469,44.4900016784668,44.4900016784668,768935
2023-04-27,44.5,44.63999938964844,40.619998931884766,41.38999938964844,41.38999938964844,639714
2023-04-28,41.06999969482422,43.400001525878906,40.62030029296875,42.68000030517578,42.68000030517578,393937
2023-05-01,42.4900016784668,44.18000030517578,42.02000045776367,43.81999969482422,43.81999969482422,392898
2023-05-02,43.90999984741211,44.47999954223633,41.67499923706055,41.90999984741211,41.90999984741211,530067
2023-05-03,42.040000915527344,44.0099983215332,42.0,43.47999954223633,43.47999954223633,728095
2023-05-04,43.279998779296875,44.060001373291016,43.0,43.2599983215332,43.2599983215332,385108
2023-05-05,43.619998931884766,45.040000915527344,43.54999923706055,43.58000183105469,43.58000183105469,519698
2023-05-08,43.54999923706055,43.869998931884766,42.08000183105469,43.22999954223633,43.22999954223633,322312
2023-05-09,43.65999984741211,45.04999923706055,42.380001068115234,44.81999969482422,44.81999969482422,514113
2023-05-10,45.349998474121094,47.959999084472656,44.689998626708984,46.89500045776367,46.89500045776367,548903
2023-05-11,46.810001373291016,48.915000915527344,44.380001068115234,44.56999969482422,44.56999969482422,628711
2023-05-12,44.56999969482422,45.0,40.040000915527344,41.599998474121094,41.599998474121094,982800
2023-05-15,41.68000030517578,44.5,41.38999938964844,43.45000076293945,43.45000076293945,585327
2023-05-16,42.189998626708984,42.97999954223633,40.040000915527344,42.2599983215332,42.2599983215332,546919
2023-05-17,42.150001525878906,42.31999969482422,40.65999984741211,41.2400016784668,41.2400016784668,271388
2023-05-18,41.599998474121094,41.849998474121094,40.12009811401367,41.20000076293945,41.20000076293945,356258
2023-05-19,42.060001373291016,42.95000076293945,41.290000915527344,41.40999984741211,41.40999984741211,320231
2023-05-22,41.77000045776367,42.630001068115234,41.02000045776367,42.59000015258789,42.59000015258789,345117
2023-05-23,42.31999969482422,44.95000076293945,42.31999969482422,43.40999984741211,43.40999984741211,456265
2023-05-24,42.470001220703125,43.380001068115234,41.119998931884766,43.0,43.0,309455
2023-05-25,42.95000076293945,43.02000045776367,41.65999984741211,42.81999969482422,42.81999969482422,276155
2023-05-26,42.47999954223633,43.13999938964844,40.13999938964844,42.59000015258789,42.59000015258789,310148
2023-05-30,42.75,43.72999954223633,41.47999954223633,43.66999816894531,43.66999816894531,212909
2023-05-31,43.90999984741211,45.65999984741211,43.4900016784668,44.150001525878906,44.150001525878906,869345
2023-06-01,43.9900016784668,45.769901275634766,43.439998626708984,44.31999969482422,44.31999969482422,348587
2023-06-02,43.540000915527344,44.0099983215332,40.77000045776367,41.9900016784668,41.9900016784668,740355
2023-06-05,41.27000045776367,41.849998474121094,39.72999954223633,41.0,41.0,518950
2023-06-06,41.06999969482422,42.18000030517578,40.16999816894531,41.02000045776367,41.02000045776367,614541
2023-06-07,40.939998626708984,42.388999938964844,40.279998779296875,41.97999954223633,41.97999954223633,525144
2023-06-08,41.91999816894531,42.349998474121094,40.650001525878906,40.689998626708984,40.689998626708984,588607
2023-06-09,40.58000183105469,41.529998779296875,38.790000915527344,40.130001068115234,40.130001068115234,710726
2023-06-12,40.619998931884766,41.72869873046875,38.90999984741211,39.84000015258789,39.84000015258789,368051
2023-06-13,39.83000183105469,40.529998779296875,39.13999938964844,39.529998779296875,39.529998779296875,604374
2023-06-14,39.060001373291016,40.38999938964844,37.08000183105469,37.939998626708984,37.939998626708984,670845
2023-06-15,37.779998779296875,38.1150016784668,36.45000076293945,37.040000915527344,37.040000915527344,738983
2023-06-16,37.0,37.130001068115234,35.65999984741211,35.79999923706055,35.79999923706055,1016474
2023-06-20,34.209999084472656,34.470001220703125,32.060001373291016,33.22999954223633,33.22999954223633,2317879
2023-06-21,33.31999969482422,34.14500045776367,32.15999984741211,33.08000183105469,33.08000183105469,1126356
2023-06-22,32.77000045776367,33.810001373291016,32.5099983215332,33.709999084472656,33.709999084472656,634294
2023-06-23,33.349998474121094,33.9900016784668,32.48500061035156,33.279998779296875,33.279998779296875,2479779
2023-06-26,33.0,33.22999954223633,32.06999969482422,32.06999969482422,32.06999969482422,1075286
2023-06-27,32.22999954223633,32.3849983215332,31.15999984741211,32.0,32.0,724292
2023-06-28,31.590999603271484,32.345001220703125,31.389999389648438,31.520000457763672,31.520000457763672,476596
2023-06-29,31.15999984741211,31.799999237060547,30.899999618530273,31.170000076293945,31.170000076293945,401145
2023-06-30,31.360000610351562,32.619998931884766,31.309999465942383,31.6200008392334,31.6200008392334,565710
2023-07-03,31.43000030517578,32.2400016784668,31.25,31.510000228881836,31.510000228881836,251278
2023-07-05,31.459999084472656,32.689998626708984,30.739999771118164,32.220001220703125,32.220001220703125,483901
2023-07-06,31.860000610351562,32.939998626708984,31.239999771118164,32.2599983215332,32.2599983215332,531484
2023-07-07,32.130001068115234,32.75,31.979999542236328,32.369998931884766,32.369998931884766,334460
2023-07-10,32.290000915527344,33.90999984741211,32.0,33.900001525878906,33.900001525878906,511418
2023-07-11,33.79999923706055,33.939998626708984,32.92499923706055,33.18000030517578,33.18000030517578,406153
2023-07-12,33.56999969482422,33.63999938964844,32.91999816894531,33.529998779296875,33.529998779296875,348132
2023-07-13,33.779998779296875,34.279998779296875,33.380001068115234,34.119998931884766,34.119998931884766,406112
2023-07-14,34.25,34.25,33.060001373291016,33.36000061035156,33.36000061035156,348241
2023-07-17,33.25,34.869998931884766,33.16999816894531,34.150001525878906,34.150001525878906,578711
2023-07-18,34.25,34.40999984741211,33.505001068115234,33.84000015258789,33.84000015258789,440196
2023-07-19,34.04999923706055,34.70000076293945,33.630001068115234,33.68000030517578,33.68000030517578,252929
2023-07-20,33.7599983215332,34.47999954223633,33.470001220703125,33.7400016784668,33.7400016784668,396802
2023-07-21,33.959999084472656,34.54999923706055,33.54999923706055,33.86000061035156,33.86000061035156,419910
2023-07-24,33.689998626708984,34.150001525878906,33.08000183105469,33.970001220703125,33.970001220703125,446218
2023-07-25,33.79999923706055,34.78499984741211,33.58000183105469,34.04999923706055,34.04999923706055,193486
2023-07-26,34.09000015258789,34.380001068115234,33.0099983215332,33.869998931884766,33.869998931884766,514525
2023-07-27,33.9900016784668,33.9900016784668,32.67499923706055,33.09000015258789,33.09000015258789,441706
2023-07-28,33.5,33.88999938964844,32.900001525878906,33.34000015258789,33.34000015258789,497121
2023-07-31,33.2599983215332,34.310001373291016,32.970001220703125,34.25,34.25,294102
2023-08-01,34.119998931884766,34.43000030517578,33.36000061035156,34.18000030517578,34.18000030517578,406015
2023-08-02,33.90999984741211,34.81999969482422,32.959999084472656,34.20000076293945,34.20000076293945,439257
2023-08-03,34.04999923706055,34.540000915527344,33.026798248291016,33.86000061035156,33.86000061035156,399080
2023-08-04,33.86000061035156,36.189998626708984,33.86000061035156,34.95000076293945,34.95000076293945,507033
2023-08-07,35.060001373291016,35.290000915527344,33.880001068115234,34.38999938964844,34.38999938964844,322524
2023-08-08,34.439998626708984,35.279998779296875,33.314998626708984,34.810001373291016,34.810001373291016,477950
2023-08-09,34.83000183105469,35.25,34.13999938964844,34.560001373291016,34.560001373291016,202046
2023-08-10,34.52000045776367,34.939998626708984,33.75,33.97999954223633,33.97999954223633,191273
2023-08-11,33.77000045776367,34.369998931884766,33.4900016784668,33.65999984741211,33.65999984741211,318028
2023-08-14,33.40999984741211,33.970001220703125,32.619998931884766,33.68000030517578,33.68000030517578,562194
2023-08-15,37.630001068115234,37.630001068115234,34.720001220703125,35.90999984741211,35.90999984741211,1857987
2023-08-16,35.7400016784668,36.70000076293945,35.314998626708984,35.58000183105469,35.58000183105469,635203
2023-08-17,35.59000015258789,35.86000061035156,34.75,34.900001525878906,34.900001525878906,432088
2023-08-18,34.56999969482422,35.77000045776367,34.13999938964844,34.779998779296875,34.779998779296875,533184
2023-08-21,34.66999816894531,35.75,34.279998779296875,35.119998931884766,35.119998931884766,339323
2023-08-22,35.349998474121094,35.9900016784668,34.560001373291016,34.63999938964844,34.63999938964844,237298
2023-08-23,34.709999084472656,35.81999969482422,34.65999984741211,35.20000076293945,35.20000076293945,431850
2023-08-24,35.119998931884766,35.38999938964844,34.47999954223633,34.93000030517578,34.93000030517578,317642
2023-08-25,34.81999969482422,36.25,34.22999954223633,35.59000015258789,35.59000015258789,318714
2023-08-28,35.599998474121094,36.38999938964844,34.59000015258789,35.880001068115234,35.880001068115234,320864
2023-08-29,35.790000915527344,36.41999816894531,35.189998626708984,35.77000045776367,35.77000045776367,303093
2023-08-30,35.70000076293945,36.209999084472656,35.1150016784668,35.52000045776367,35.52000045776367,355788
2023-08-31,35.40999984741211,36.16999816894531,35.095001220703125,35.84000015258789,35.84000015258789,417944
2023-09-01,35.90999984741211,37.65999984741211,35.84000015258789,37.400001525878906,37.400001525878906,410864
2023-09-05,37.310001373291016,37.73500061035156,35.91999816894531,36.5,36.5,331127
2023-09-06,36.68000030517578,36.959999084472656,35.95500183105469,36.95000076293945,36.95000076293945,203767
2023-09-07,36.88999938964844,36.88999938964844,35.66999816894531,35.720001220703125,35.720001220703125,422100
2023-09-08,35.810001373291016,35.915000915527344,34.625,35.11000061035156,35.11000061035156,269059
2023-09-11,35.279998779296875,36.65909957885742,34.900001525878906,35.689998626708984,35.689998626708984,250042
2023-09-12,35.40999984741211,35.95000076293945,34.41999816894531,34.5,34.5,490309
2023-09-13,34.369998931884766,34.68000030517578,33.064998626708984,33.439998626708984,33.439998626708984,576829
2023-09-14,33.599998474121094,34.01499938964844,33.279998779296875,33.31999969482422,33.31999969482422,223169
2023-09-15,33.31999969482422,34.25,32.54499816894531,33.060001373291016,33.060001373291016,539872
2023-09-18,33.0,34.20000076293945,32.290000915527344,33.88999938964844,33.88999938964844,492887
2023-09-19,33.95000076293945,36.54999923706055,33.869998931884766,36.189998626708984,36.189998626708984,906887
2023-09-20,36.18000030517578,36.4900016784668,34.290000915527344,34.5099983215332,34.5099983215332,426581
2023-09-21,34.290000915527344,35.40999984741211,33.75,35.0,35.0,356149
2023-09-22,35.02000045776367,35.70000076293945,33.630001068115234,33.959999084472656,33.959999084472656,346934
2023-09-25,33.900001525878906,35.400001525878906,33.060001373291016,34.54999923706055,34.54999923706055,392339
2023-09-26,34.470001220703125,35.689998626708984,34.11000061035156,34.650001525878906,34.650001525878906,328974
2023-09-27,33.97999954223633,35.779998779296875,33.91999816894531,34.959999084472656,34.959999084472656,301229
2023-09-28,35.0099983215332,36.4900016784668,34.630001068115234,36.45000076293945,36.45000076293945,557315
2023-09-29,36.59000015258789,37.150001525878906,35.560001373291016,35.880001068115234,35.880001068115234,454896
2023-10-02,35.95000076293945,36.0,34.36000061035156,34.65999984741211,34.65999984741211,404535
2023-10-03,34.31999969482422,34.59000015258789,32.779998779296875,34.08000183105469,34.08000183105469,254506
2023-10-04,33.939998626708984,34.22999954223633,32.9900016784668,34.130001068115234,34.130001068115234,656791
2023-10-05,34.040000915527344,35.79999923706055,33.7400016784668,35.099998474121094,35.099998474121094,380562
2023-10-06,34.810001373291016,36.209999084472656,34.290000915527344,36.16999816894531,36.16999816894531,224944
2023-10-09,35.810001373291016,36.78499984741211,34.369998931884766,35.970001220703125,35.970001220703125,311836
2023-10-10,36.09000015258789,37.334999084472656,35.79999923706055,36.40999984741211,36.40999984741211,360842
2023-10-11,36.349998474121094,37.0,34.88999938964844,35.93000030517578,35.93000030517578,515094
2023-10-12,36.68000030517578,36.68000030517578,33.209999084472656,33.25,33.25,528595
2023-10-13,33.290000915527344,34.099998474121094,32.73500061035156,33.130001068115234,33.130001068115234,354025
2023-10-16,33.220001220703125,34.529998779296875,33.119998931884766,34.060001373291016,34.060001373291016,382192
2023-10-17,34.540000915527344,36.41999816894531,34.540000915527344,35.15999984741211,35.15999984741211,358558
2023-10-18,35.0,35.349998474121094,33.630001068115234,33.97999954223633,33.97999954223633,222765
2023-10-19,33.77000045776367,34.08000183105469,32.349998474121094,32.349998474121094,32.349998474121094,656849
2023-10-20,32.47999954223633,33.790000915527344,31.600000381469727,33.33000183105469,33.33000183105469,754374
2023-10-23,33.0,33.8849983215332,32.34000015258789,32.380001068115234,32.380001068115234,321657
2023-10-24,32.36000061035156,34.27000045776367,32.36000061035156,34.209999084472656,34.209999084472656,369304
2023-10-25,33.970001220703125,34.099998474121094,32.310001373291016,32.369998931884766,32.369998931884766,411671
2023-10-26,32.380001068115234,33.43000030517578,31.700000762939453,31.93000030517578,31.93000030517578,579026
2023-10-27,32.16999816894531,32.27000045776367,30.8799991607666,31.75,31.75,968728
2023-10-30,32.72999954223633,34.41999816894531,32.42499923706055,34.13999938964844,34.13999938964844,866357
2023-10-31,33.939998626708984,35.380001068115234,32.900001525878906,35.25,35.25,943646
2023-11-01,35.54999923706055,36.099998474121094,34.224998474121094,34.38999938964844,34.38999938964844,872306
2023-11-02,35.810001373291016,43.099998474121094,35.0099983215332,40.77000045776367,40.77000045776367,2684915
2023-11-03,40.84000015258789,46.400001525878906,40.190101623535156,44.630001068115234,44.630001068115234,1588715
2023-11-06,44.790000915527344,45.83000183105469,44.0099983215332,45.29999923706055,45.29999923706055,748871
2023-11-07,45.400001525878906,48.380001068115234,45.380001068115234,47.7400016784668,47.7400016784668,1170407
2023-11-08,47.29999923706055,47.97999954223633,45.10499954223633,45.86000061035156,45.86000061035156,862353
2023-11-09,46.97999954223633,47.31999969482422,44.119998931884766,44.459999084472656,44.459999084472656,679045
2023-11-10,44.599998474121094,45.78499984741211,43.502899169921875,45.5099983215332,45.5099983215332,691233
2023-11-13,45.5099983215332,45.56999969482422,43.83000183105469,45.5,45.5,625363
2023-11-14,46.0,47.92499923706055,45.68000030517578,47.470001220703125,47.470001220703125,742448
2023-11-15,52.0,54.560001373291016,49.150001525878906,49.9900016784668,49.9900016784668,1673882
2023-11-16,51.40999984741211,53.55500030517578,50.0,52.16999816894531,52.16999816894531,1340640
2023-11-17,52.25,55.27000045776367,51.650001525878906,55.209999084472656,55.209999084472656,901169
2023-11-20,55.2599983215332,56.09000015258789,51.380001068115234,52.619998931884766,52.619998931884766,740958
2023-11-21,52.72999954223633,54.44919967651367,51.54999923706055,51.77000045776367,51.77000045776367,537720
2023-11-22,52.810001373291016,54.849998474121094,51.630001068115234,53.380001068115234,53.380001068115234,749720
2023-11-24,53.5099983215332,53.8650016784668,52.279998779296875,53.279998779296875,53.279998779296875,215118
2023-11-27,52.86000061035156,53.52000045776367,51.560001373291016,53.209999084472656,53.209999084472656,543795
2023-11-28,52.95000076293945,53.41999816894531,48.150001525878906,51.099998474121094,51.099998474121094,1061521
2023-11-29,51.630001068115234,52.619998931884766,50.08000183105469,50.689998626708984,50.689998626708984,722863
2023-11-30,51.34000015258789,53.529998779296875,50.72999954223633,52.529998779296875,52.529998779296875,855587
2023-12-01,52.599998474121094,55.18000030517578,51.185001373291016,54.97999954223633,54.97999954223633,636241
2023-12-04,54.939998626708984,55.43000030517578,53.36000061035156,55.189998626708984,55.189998626708984,640477
2023-12-05,54.810001373291016,55.790000915527344,53.720001220703125,55.29999923706055,55.29999923706055,748045
2023-12-06,56.0,57.09000015258789,54.898101806640625,55.56999969482422,55.56999969482422,418577
2023-12-07,54.86000061035156,57.900001525878906,54.70500183105469,57.88999938964844,57.88999938964844,492871
2023-12-08,57.88999938964844,59.084999084472656,56.189998626708984,56.220001220703125,56.220001220703125,1293401
2023-12-11,54.290000915527344,54.619998931884766,49.81999969482422,52.36000061035156,52.36000061035156,1303938
2023-12-12,51.0,51.0,46.41999816894531,48.04999923706055,48.04999923706055,2243608
2023-12-13,48.290000915527344,50.75,48.12300109863281,50.52000045776367,50.52000045776367,929283
2023-12-14,50.77000045776367,52.20000076293945,48.5099983215332,51.29999923706055,51.29999923706055,806094
2023-12-15,51.56999969482422,51.56999969482422,49.630001068115234,51.119998931884766,51.119998931884766,1431390
2023-12-18,51.06999969482422,52.41999816894531,49.67250061035156,49.7400016784668,49.7400016784668,808549
2023-12-19,51.209999084472656,52.70000076293945,51.189998626708984,52.099998474121094,52.099998474121094,604010
2023-12-20,51.380001068115234,52.93000030517578,50.439998626708984,50.65999984741211,50.65999984741211,517357
2023-12-21,51.650001525878906,52.27000045776367,51.040000915527344,51.880001068115234,51.880001068115234,355711
2023-12-22,52.5,55.5,52.459999084472656,53.849998474121094,53.849998474121094,576945
2023-12-26,54.630001068115234,58.06999969482422,54.28860092163086,57.9900016784668,57.9900016784668,475838
2023-12-27,58.099998474121094,59.099998474121094,56.55500030517578,57.59000015258789,57.59000015258789,447619
2023-12-28,57.779998779296875,59.04999923706055,56.170101165771484,56.880001068115234,56.880001068115234,1071262
2023-12-29,57.0,57.06999969482422,55.255001068115234,55.5,55.5,313819
2024-01-02,54.560001373291016,58.529998779296875,54.25,56.150001525878906,56.150001525878906,533101
2024-01-03,55.56999969482422,56.618900299072266,53.45000076293945,54.45000076293945,54.45000076293945,379496
2024-01-04,54.689998626708984,56.56999969482422,54.31999969482422,54.349998474121094,54.349998474121094,722802
2024-01-05,53.439998626708984,53.8849983215332,51.369998931884766,51.849998474121094,51.849998474121094,526141
2024-01-08,51.720001220703125,54.30500030517578,51.439998626708984,54.15999984741211,54.15999984741211,513003
2024-01-09,52.68000030517578,55.529998779296875,52.15999984741211,55.20000076293945,55.20000076293945,374277
2024-01-10,55.20000076293945,56.40999984741211,54.439998626708984,55.150001525878906,55.150001525878906,432512
2024-01-11,54.290000915527344,54.970001220703125,53.5099983215332,54.27000045776367,54.27000045776367,388465
2024-01-12,55.08000183105469,56.35499954223633,55.08000183105469,55.560001373291016,55.560001373291016,237841
2024-01-16,54.630001068115234,55.689998626708984,54.380001068115234,54.75,54.75,308345
2024-01-17,54.029998779296875,54.939998626708984,53.61000061035156,54.83000183105469,54.83000183105469,180157
2024-01-18,55.20000076293945,56.59000015258789,52.779998779296875,53.18000030517578,53.18000030517578,256961
2024-01-19,53.7400016784668,55.33000183105469,53.279998779296875,55.27000045776367,55.27000045776367,444684
2024-01-22,55.779998779296875,57.689998626708984,55.779998779296875,56.900001525878906,56.900001525878906,472071
2024-01-23,57.75,58.209999084472656,55.0,56.08000183105469,56.08000183105469,374373
2024-01-24,56.970001220703125,57.61859893798828,56.029998779296875,56.15999984741211,56.15999984741211,276162
2024-01-25,57.189998626708984,60.0,56.06999969482422,59.34000015258789,59.34000015258789,621269
2024-01-26,59.459999084472656,63.02000045776367,58.260101318359375,62.81999969482422,62.81999969482422,658760
2024-01-29,62.959999084472656,65.41999816894531,62.186798095703125,64.38999938964844,64.38999938964844,692020
2024-01-30,64.27999877929688,64.27999877929688,61.869998931884766,63.63999938964844,63.63999938964844,320119
2024-01-31,63.029998779296875,64.74449920654297,61.560001373291016,61.84000015258789,61.84000015258789,388268
2024-02-01,62.36000061035156,64.86000061035156,62.099998474121094,63.81999969482422,63.81999969482422,576046
2024-02-02,62.08000183105469,64.19989776611328,60.80099868774414,63.540000915527344,63.540000915527344,290158
2024-02-05,62.970001220703125,66.81500244140625,62.380001068115234,66.47000122070312,66.47000122070312,398122
2024-02-06,67.25,67.5199966430664,64.1500015258789,65.88999938964844,65.88999938964844,495660
2024-02-07,66.06999969482422,66.06999969482422,63.7599983215332,63.869998931884766,63.869998931884766,485767
2024-02-08,63.83000183105469,64.83999633789062,61.119998931884766,61.560001373291016,61.560001373291016,434571
2024-02-09,61.58000183105469,65.0199966430664,61.17499923706055,64.88999938964844,64.88999938964844,422508
2024-02-12,65.26000213623047,66.05500030517578,63.80500030517578,64.56999969482422,64.56999969482422,411370
2024-02-13,62.09000015258789,63.369998931884766,60.349998474121094,61.09000015258789,61.09000015258789,478793
2024-02-14,63.18000030517578,64.4800033569336,61.474998474121094,64.44000244140625,64.44000244140625,386321
2024-02-15,65.13999938964844,66.30999755859375,63.66999816894531,63.790000915527344,63.790000915527344,305485
2024-02-16,63.369998931884766,63.369998931884766,60.470001220703125,61.38999938964844,61.38999938964844,371815
2024-02-20,60.93000030517578,61.70000076293945,59.13999938964844,59.91999816894531,59.91999816894531,353625
2024-02-21,59.06999969482422,60.0099983215332,58.16999816894531,59.970001220703125,59.970001220703125,394223
2024-02-22,60.0,61.90999984741211,60.0,60.5,60.5,337965
2024-02-23,60.709999084472656,62.64039993286133,59.630001068115234,62.0099983215332,62.0099983215332,240748
2024-02-26,62.0099983215332,64.91000366210938,61.16999816894531,64.29000091552734,64.29000091552734,323217
2024-02-27,64.38999938964844,67.80000305175781,64.38999938964844,67.62000274658203,67.62000274658203,489454
2024-02-28,67.16999816894531,68.12000274658203,66.56999969482422,67.31999969482422,67.31999969482422,511054
2024-02-29,69.4000015258789,70.05000305175781,64.5199966430664,65.81999969482422,65.81999969482422,819750
2024-03-01,66.5199966430664,69.9800033569336,66.5199966430664,66.81999969482422,66.81999969482422,709958
2024-03-04,68.08999633789062,68.08999633789062,66.17500305175781,67.91000366210938,67.91000366210938,316067
2024-03-05,67.63999938964844,70.0,67.12000274658203,69.63999938964844,69.63999938964844,441828
2024-03-06,70.37999725341797,73.30000305175781,69.66999816894531,72.94999694824219,72.94999694824219,565889
2024-03-07,73.68000030517578,75.0999984741211,70.58999633789062,70.7699966430664,70.7699966430664,620591
2024-03-08,73.08000183105469,74.55500030517578,70.6500015258789,72.3499984741211,72.3499984741211,406344
2024-03-11,71.58999633789062,72.08499908447266,68.5999984741211,68.83999633789062,68.83999633789062,457051
2024-03-12,69.0999984741211,69.33499908447266,67.81999969482422,68.33000183105469,68.33000183105469,480211
2024-03-13,68.0,70.66000366210938,67.05000305175781,70.55000305175781,70.55000305175781,553806
2024-03-14,70.16999816894531,70.56999969482422,68.30999755859375,69.56999969482422,69.56999969482422,450735
2024-03-15,68.77999877929688,71.26000213623047,68.77999877929688,70.62000274658203,70.62000274658203,726585
2024-03-18,70.95999908447266,71.37000274658203,68.125,69.11000061035156,69.11000061035156,473844
2024-03-19,69.05000305175781,73.22000122070312,68.68499755859375,73.04000091552734,73.04000091552734,704558
2024-03-20,72.94000244140625,73.91000366210938,71.6449966430664,73.48999786376953,73.48999786376953,411091
2024-03-21,74.56999969482422,74.56999969482422,71.91999816894531,72.04000091552734,72.04000091552734,339673
2024-03-22,72.54000091552734,72.54000091552734,68.95999908447266,70.2300033569336,70.2300033569336,477470
2024-03-25,71.0199966430664,71.80999755859375,68.29000091552734,68.83000183105469,68.83000183105469,478093
2024-03-26,68.80999755859375,70.41999816894531,67.77999877929688,70.12999725341797,70.12999725341797,325684
2024-03-27,70.5999984741211,71.38500213623047,69.3499984741211,70.44999694824219,70.44999694824219,318170
2024-03-28,70.98999786376953,70.98999786376953,69.0199966430664,69.55000305175781,69.55000305175781,336356
2024-04-01,69.19000244140625,69.19000244140625,66.16000366210938,66.9800033569336,66.9800033569336,417665
2024-04-02,65.27999877929688,66.16999816894531,64.19999694824219,64.38999938964844,64.38999938964844,436667
2024-04-03,63.58000183105469,64.7249984741211,62.7599983215332,63.20000076293945,63.20000076293945,440792
2024-04-04,63.119998931884766,64.48500061035156,61.75,62.0099983215332,62.0099983215332,389639
2024-04-05,62.33000183105469,63.96500015258789,61.119998931884766,62.220001220703125,62.220001220703125,319403
2024-04-08,62.79999923706055,62.79999923706055,60.244998931884766,60.70000076293945,60.70000076293945,407301
2024-04-09,60.599998474121094,61.31999969482422,59.41999816894531,60.560001373291016,60.560001373291016,489982
2024-04-10,58.900001525878906,60.290000915527344,58.5099983215332,59.08000183105469,59.08000183105469,521314
2024-04-11,59.540000915527344,60.5099983215332,59.220001220703125,60.16999816894531,60.16999816894531,326594
2024-04-12,59.72999954223633,59.79999923706055,57.54999923706055,58.06999969482422,58.06999969482422,496250
2024-04-15,58.08000183105469,59.13999938964844,56.869998931884766,56.959999084472656,56.959999084472656,381994
2024-04-16,56.34000015258789,56.75,54.79999923706055,55.220001220703125,55.220001220703125,747629
2024-04-17,55.869998931884766,55.869998931884766,53.25,53.54999923706055,53.54999923706055,472430
2024-04-18,53.2400016784668,54.88999938964844,52.59000015258789,54.5,54.5,692182
2024-04-19,54.22999954223633,55.119998931884766,51.029998779296875,51.650001525878906,51.650001525878906,742730
2024-04-22,52.279998779296875,53.349998474121094,50.540000915527344,52.0,52.0,438388
2024-04-23,52.25,55.939998626708984,52.25,54.439998626708984,54.439998626708984,408988
2024-04-24,54.540000915527344,54.939998626708984,52.540000915527344,52.81999969482422,52.81999969482422,312852
2024-04-25,51.52000045776367,51.96500015258789,49.65999984741211,51.380001068115234,51.380001068115234,631751
2024-04-26,51.349998474121094,52.68000030517578,50.869998931884766,51.91999816894531,51.91999816894531,339688
2024-04-29,52.08000183105469,52.45000076293945,50.59000015258789,51.11000061035156,51.11000061035156,388007
2024-04-30,50.619998931884766,51.595001220703125,49.80799865722656,50.02000045776367,50.02000045776367,500347
2024-05-01,50.27000045776367,53.970001220703125,50.189998626708984,52.18000030517578,52.18000030517578,542055
2024-05-02,52.459999084472656,54.04999923706055,51.31999969482422,53.290000915527344,53.290000915527344,295379
2024-05-03,54.689998626708984,55.849998474121094,52.369998931884766,52.689998626708984,52.689998626708984,402998
2024-05-06,52.540000915527344,53.68000030517578,51.02000045776367,52.66999816894531,52.66999816894531,261552
2024-05-07,52.779998779296875,52.970001220703125,51.29999923706055,52.41999816894531,52.41999816894531,311293
2024-05-08,52.08000183105469,52.64500045776367,50.73500061035156,52.25,52.25,545473
2024-05-09,52.119998931884766,53.47999954223633,51.59000015258789,52.72999954223633,52.72999954223633,377239
2024-05-10,51.810001373291016,52.72999954223633,47.880001068115234,49.7400016784668,49.7400016784668,925475
2024-05-13,50.439998626708984,51.189998626708984,48.4900016784668,49.77000045776367,49.77000045776367,587871
2024-05-14,50.68000030517578,51.849998474121094,49.459999084472656,50.619998931884766,50.619998931884766,354303
2024-05-15,52.2599983215332,54.560001373291016,51.220001220703125,51.720001220703125,51.720001220703125,642600
2024-05-16,51.720001220703125,53.11000061035156,51.0,52.790000915527344,52.790000915527344,538361
2024-05-17,52.93000030517578,54.880001068115234,52.314998626708984,53.619998931884766,53.619998931884766,439340
2024-05-20,53.72999954223633,54.400001525878906,53.58000183105469,54.36000061035156,54.36000061035156,305355
2024-05-21,54.209999084472656,55.44499969482422,53.0099983215332,53.27000045776367,53.27000045776367,582233
2024-05-22,53.18000030517578,54.34000015258789,52.22999954223633,54.2599983215332,54.2599983215332,404970
2024-05-23,54.349998474121094,54.349998474121094,50.439998626708984,50.630001068115234,50.630001068115234,849673
2024-05-24,50.709999084472656,52.314998626708984,50.70000076293945,51.900001525878906,51.900001525878906,438255
2024-05-28,52.29999923706055,52.61000061035156,50.36000061035156,51.29999923706055,51.29999923706055,325253
2024-05-29,50.56999969482422,50.65999984741211,49.970001220703125,50.45000076293945,50.45000076293945,345833
2024-05-30,51.06999969482422,53.0,50.709999084472656,52.2400016784668,52.2400016784668,328015
2024-05-31,53.33000183105469,53.33000183105469,50.88999938964844,52.0,52.0,563248
2024-06-03,52.77000045776367,54.92499923706055,51.779998779296875,53.63999938964844,53.63999938964844,586811
2024-06-04,53.380001068115234,54.9900016784668,51.56999969482422,51.709999084472656,51.709999084472656,403153
2024-06-05,51.869998931884766,53.16999816894531,51.095001220703125,52.779998779296875,52.779998779296875,286381
2024-06-06,52.630001068115234,52.70000076293945,50.880001068115234,51.34000015258789,51.34000015258789,368820
2024-06-07,50.849998474121094,51.875,50.130001068115234,50.779998779296875,50.779998779296875,227018
2024-06-10,50.209999084472656,54.3650016784668,50.02000045776367,54.130001068115234,54.130001068115234,611329
2024-06-11,53.66999816894531,54.599998474121094,53.43000030517578,54.0,54.0,414669
2024-06-12,55.869998931884766,56.5,54.20000076293945,55.060001373291016,55.060001373291016,583522
2024-06-13,54.91999816894531,58.68000030517578,54.619998931884766,55.790000915527344,55.790000915527344,574722
2024-06-14,54.959999084472656,56.09000015258789,53.724998474121094,54.40999984741211,54.40999984741211,352296
2024-06-17,54.369998931884766,54.689998626708984,53.525001525878906,53.75,53.75,647990
2024-06-18,53.900001525878906,54.08000183105469,52.20500183105469,53.810001373291016,53.810001373291016,463414
2024-06-20,53.77000045776367,54.95000076293945,53.40999984741211,54.59000015258789,54.59000015258789,220804
2024-06-21,54.790000915527344,56.31999969482422,53.900001525878906,56.119998931884766,56.119998931884766,793192
2024-06-24,56.20000076293945,57.599998474121094,55.93000030517578,56.06999969482422,56.06999969482422,370929
2024-06-25,55.47999954223633,55.5,53.5369987487793,53.790000915527344,53.790000915527344,569491
2024-06-26,53.5,54.470001220703125,52.720001220703125,53.65999984741211,53.65999984741211,567829
2024-06-27,53.40999984741211,55.11000061035156,52.79999923706055,54.119998931884766,54.119998931884766,300327
2024-06-28,54.29999923706055,55.599998474121094,53.209999084472656,55.189998626708984,55.189998626708984,1289807
2024-07-01,54.810001373291016,57.09000015258789,53.5,53.599998474121094,53.599998474121094,512704
2024-07-02,53.08000183105469,54.209999084472656,52.95000076293945,53.25,53.25,541417
2024-07-03,53.689998626708984,55.130001068115234,53.375,54.720001220703125,54.720001220703125,227845
2024-07-05,54.459999084472656,55.02000045776367,53.0,54.130001068115234,54.130001068115234,281691
2024-07-08,54.7599983215332,57.36000061035156,54.470001220703125,55.77000045776367,55.77000045776367,566853
2024-07-09,55.68000030517578,57.70000076293945,55.529998779296875,57.040000915527344,57.040000915527344,315759
2024-07-10,57.36000061035156,58.040000915527344,57.099998474121094,57.349998474121094,57.349998474121094,228091
2024-07-11,59.04999923706055,60.2400016784668,57.88999938964844,59.279998779296875,59.279998779296875,425754
2024-07-12,59.540000915527344,64.3550033569336,59.07630157470703,62.54999923706055,62.54999923706055,816262
2024-07-15,63.099998474121094,63.849998474121094,62.15999984741211,63.349998474121094,63.349998474121094,509421
2024-07-16,64.16000366210938,66.58000183105469,64.16000366210938,65.91999816894531,65.91999816894531,701526
2024-07-17,64.86000061035156,67.37000274658203,64.08000183105469,66.0,66.0,408336
